{"channel":{"id":2245283,"name":"Lokasi-6","latitude":"0.0","longitude":"0.0","field1":"temp","field2":"hum","field3":"pressure",{"created_at":"2023-12-08T00:16:32Z","entry_id":719571,"field1":"27.68","field2":"61.21","field3":"1008.41"},{"created_at":"2023-12-08T00:16:43Z","entry_id":719572,"field1":"27.68","field2":"61.45","field3":"1008.37"},{"created_at":"2023-12-08T00:17:15Z","entry_id":719573,"field1":"27.69","field2":"61.57","field3":"1008.41"},{"created_at":"2023-12-08T13:37:24Z","entry_id":719574,"field1":"26.78","field2":"51.76","field3":"1008.48"},{"created_at":"2023-12-08T13:39:58Z","entry_id":719575,"field1":"26.79","field2":"51.78","field3":"1008.45"},{"created_at":"2023-12-08T13:41:38Z","entry_id":719576,"field1":"26.78","field2":"51.87","field3":"1008.48"},{"created_at":"2023-12-08T14:41:00Z","entry_id":719577,"field1":"26.81","field2":"52.05","field3":"1008.27"},{"created_at":"2023-12-08T14:41:09Z","entry_id":719578,"field1":"26.81","field2":"52.03","field3":"1008.27"},{"created_at":"2023-12-08T14:48:06Z","entry_id":719579,"field1":"26.85","field2":"52.03","field3":"1008.26"},{"created_at":"2023-12-08T14:48:17Z","entry_id":719580,"field1":"26.85","field2":"52.03","field3":"1008.27"},{"created_at":"2023-12-08T14:48:33Z","entry_id":719581,"field1":"26.85","field2":"52.05","field3":"1008.25"},{"created_at":"2023-12-08T14:49:52Z","entry_id":719582,"field1":"26.85","field2":"52.02","field3":"1008.22"},{"created_at":"2023-12-08T15:02:02Z","entry_id":719583,"field1":"26.91","field2":"51.98","field3":"1008.20"},{"created_at":"2023-12-08T15:02:19Z","entry_id":719584,"field1":"26.90","field2":"51.99","field3":"1008.16"},{"created_at":"2023-12-08T15:02:52Z","entry_id":719585,"field1":"26.91","field2":"51.97","field3":"1008.17"},{"created_at":"2023-12-08T15:03:12Z","entry_id":719586,"field1":"26.91","field2":"51.97","field3":"1008.17"},{"created_at":"2023-12-08T15:05:22Z","entry_id":719587,"field1":"26.90","field2":"51.96","field3":"1008.17"},{"created_at":"2023-12-08T15:07:26Z","entry_id":719588,"field1":"26.92","field2":"51.97","field3":"1008.19"},{"created_at":"2023-12-08T15:08:22Z","entry_id":719589,"field1":"26.93","field2":"51.94","field3":"1008.23"},{"created_at":"2023-12-08T15:11:44Z","entry_id":719590,"field1":"26.93","field2":"51.97","field3":"1008.24"},{"created_at":"2023-12-08T15:34:56Z","entry_id":719591,"field1":"26.92","field2":"52.11","field3":"1008.42"},{"created_at":"2023-12-08T15:35:43Z","entry_id":719592,"field1":"26.91","field2":"52.12","field3":"1008.46"},{"created_at":"2023-12-08T15:48:47Z","entry_id":719593,"field1":"26.94","field2":"52.15","field3":"1008.27"},{"created_at":"2023-12-08T15:53:00Z","entry_id":719594,"field1":"26.95","field2":"52.16","field3":"1008.28"},{"created_at":"2023-12-08T16:21:01Z","entry_id":719595,"field1":"27.02","field2":"51.92","field3":"1007.98"},{"created_at":"2023-12-08T16:22:01Z","entry_id":719596,"field1":"27.03","field2":"52.03","field3":"1007.98"},{"created_at":"2023-12-08T17:04:43Z","entry_id":719597,"field1":"27.13","field2":"51.92","field3":"1007.67"},{"created_at":"2023-12-08T17:05:02Z","entry_id":719598,"field1":"27.13","field2":"51.92","field3":"1007.65"},{"created_at":"2023-12-08T17:13:52Z","entry_id":719599,"field1":"27.15","field2":"51.89","field3":"1007.51"},{"created_at":"2023-12-08T17:20:02Z","entry_id":719600,"field1":"27.16","field2":"51.93","field3":"1007.40"},{"created_at":"2023-12-08T17:21:00Z","entry_id":719601,"field1":"27.16","field2":"51.92","field3":"1007.38"},{"created_at":"2023-12-08T17:21:23Z","entry_id":719602,"field1":"27.16","field2":"51.92","field3":"1007.35"},{"created_at":"2023-12-08T17:22:49Z","entry_id":719603,"field1":"27.16","field2":"51.72","field3":"1007.36"},{"created_at":"2023-12-08T17:22:51Z","entry_id":719604,"field1":"27.16","field2":"51.76","field3":"1007.32"},{"created_at":"2023-12-08T17:23:33Z","entry_id":719605,"field1":"27.16","field2":"51.83","field3":"1007.35"},{"created_at":"2023-12-08T17:27:11Z","entry_id":719606,"field1":"27.16","field2":"51.87","field3":"1007.36"},{"created_at":"2023-12-08T17:32:59Z","entry_id":719607,"field1":"27.15","field2":"51.88","field3":"1007.36"},{"created_at":"2023-12-08T17:35:14Z","entry_id":719608,"field1":"27.15","field2":"51.92","field3":"1007.34"},{"created_at":"2023-12-08T17:35:43Z","entry_id":719609,"field1":"27.15","field2":"51.89","field3":"1007.33"},{"created_at":"2023-12-08T17:44:37Z","entry_id":719610,"field1":"27.17","field2":"51.89","field3":"1007.41"},{"created_at":"2023-12-08T17:52:30Z","entry_id":719611,"field1":"27.19","field2":"51.78","field3":"1007.41"},{"created_at":"2023-12-08T17:54:25Z","entry_id":719612,"field1":"27.19","field2":"51.80","field3":"1007.43"},{"created_at":"2023-12-08T17:57:09Z","entry_id":719613,"field1":"27.18","field2":"51.90","field3":"1007.45"},{"created_at":"2023-12-08T17:57:22Z","entry_id":719614,"field1":"27.19","field2":"51.88","field3":"1007.40"},{"created_at":"2023-12-08T17:59:55Z","entry_id":719615,"field1":"27.21","field2":"51.83","field3":"1007.36"},{"created_at":"2023-12-08T18:01:25Z","entry_id":719616,"field1":"27.19","field2":"51.83","field3":"1007.31"},{"created_at":"2023-12-08T18:02:59Z","entry_id":719617,"field1":"27.20","field2":"51.86","field3":"1007.33"},{"created_at":"2023-12-08T18:03:32Z","entry_id":719618,"field1":"27.20","field2":"51.91","field3":"1007.30"},{"created_at":"2023-12-08T18:04:19Z","entry_id":719619,"field1":"27.21","field2":"51.81","field3":"1007.33"},{"created_at":"2023-12-08T18:05:57Z","entry_id":719620,"field1":"27.21","field2":"51.93","field3":"1007.30"},{"created_at":"2023-12-08T18:06:35Z","entry_id":719621,"field1":"27.20","field2":"51.86","field3":"1007.29"},{"created_at":"2023-12-08T18:08:17Z","entry_id":719622,"field1":"27.21","field2":"51.81","field3":"1007.30"},{"created_at":"2023-12-08T18:08:45Z","entry_id":719623,"field1":"27.21","field2":"51.89","field3":"1007.28"},{"created_at":"2023-12-08T18:10:54Z","entry_id":719624,"field1":"27.20","field2":"51.80","field3":"1007.29"},{"created_at":"2023-12-08T18:12:08Z","entry_id":719625,"field1":"27.21","field2":"51.86","field3":"1007.31"},{"created_at":"2023-12-08T18:12:27Z","entry_id":719626,"field1":"27.21","field2":"51.88","field3":"1007.33"},{"created_at":"2023-12-08T18:15:47Z","entry_id":719627,"field1":"27.22","field2":"51.84","field3":"1007.27"},{"created_at":"2023-12-08T18:17:11Z","entry_id":719628,"field1":"27.22","field2":"51.79","field3":"1007.25"},{"created_at":"2023-12-08T18:18:02Z","entry_id":719629,"field1":"27.21","field2":"51.85","field3":"1007.26"},{"created_at":"2023-12-08T18:33:22Z","entry_id":719630,"field1":"27.22","field2":"51.87","field3":"1007.09"},{"created_at":"2023-12-08T18:36:26Z","entry_id":719631,"field1":"27.21","field2":"52.00","field3":"1007.13"},{"created_at":"2023-12-08T18:37:36Z","entry_id":719632,"field1":"27.21","field2":"51.93","field3":"1007.14"},{"created_at":"2023-12-08T18:40:08Z","entry_id":719633,"field1":"27.20","field2":"52.01","field3":"1007.15"},{"created_at":"2023-12-08T18:40:55Z","entry_id":719634,"field1":"27.20","field2":"52.07","field3":"1007.12"},{"created_at":"2023-12-08T18:41:24Z","entry_id":719635,"field1":"27.20","field2":"52.00","field3":"1007.15"},{"created_at":"2023-12-08T18:41:36Z","entry_id":719636,"field1":"27.20","field2":"52.04","field3":"1007.15"},{"created_at":"2023-12-08T18:43:09Z","entry_id":719637,"field1":"27.19","field2":"52.05","field3":"1007.14"},{"created_at":"2023-12-08T18:43:18Z","entry_id":719638,"field1":"27.20","field2":"52.04","field3":"1007.17"},{"created_at":"2023-12-08T18:45:03Z","entry_id":719639,"field1":"27.21","field2":"52.09","field3":"1007.23"},{"created_at":"2023-12-08T18:45:09Z","entry_id":719640,"field1":"27.21","field2":"52.03","field3":"1007.25"},{"created_at":"2023-12-08T18:45:15Z","entry_id":719641,"field1":"27.21","field2":"52.03","field3":"1007.24"},{"created_at":"2023-12-08T18:45:52Z","entry_id":719642,"field1":"27.20","field2":"52.09","field3":"1007.26"},{"created_at":"2023-12-08T18:46:36Z","entry_id":719643,"field1":"27.21","field2":"52.14","field3":"1007.25"},{"created_at":"2023-12-08T18:46:50Z","entry_id":719644,"field1":"27.21","field2":"52.11","field3":"1007.29"},{"created_at":"2023-12-08T18:47:03Z","entry_id":719645,"field1":"27.22","field2":"52.12","field3":"1007.26"},{"created_at":"2023-12-08T18:47:18Z","entry_id":719646,"field1":"27.22","field2":"52.14","field3":"1007.28"},{"created_at":"2023-12-08T18:47:28Z","entry_id":719647,"field1":"27.22","field2":"52.07","field3":"1007.29"},{"created_at":"2023-12-08T18:47:42Z","entry_id":719648,"field1":"27.22","field2":"52.14","field3":"1007.27"},{"created_at":"2023-12-08T18:47:54Z","entry_id":719649,"field1":"27.22","field2":"52.10","field3":"1007.29"},{"created_at":"2023-12-08T18:48:35Z","entry_id":719650,"field1":"27.22","field2":"52.08","field3":"1007.30"},{"created_at":"2023-12-08T18:48:46Z","entry_id":719651,"field1":"27.22","field2":"52.13","field3":"1007.31"},{"created_at":"2023-12-08T18:49:02Z","entry_id":719652,"field1":"27.22","field2":"52.11","field3":"1007.32"},{"created_at":"2023-12-08T19:09:36Z","entry_id":719653,"field1":"27.20","field2":"52.23","field3":"1007.23"},{"created_at":"2023-12-08T19:12:47Z","entry_id":719654,"field1":"27.20","field2":"52.22","field3":"1007.25"},{"created_at":"2023-12-08T19:13:19Z","entry_id":719655,"field1":"27.20","field2":"52.20","field3":"1007.23"},{"created_at":"2023-12-08T19:13:46Z","entry_id":719656,"field1":"27.20","field2":"52.25","field3":"1007.23"},{"created_at":"2023-12-08T19:21:15Z","entry_id":719657,"field1":"27.22","field2":"52.18","field3":"1007.19"},{"created_at":"2023-12-08T19:29:11Z","entry_id":719658,"field1":"27.24","field2":"52.23","field3":"1007.05"},{"created_at":"2023-12-08T19:29:19Z","entry_id":719659,"field1":"27.24","field2":"52.23","field3":"1007.02"},{"created_at":"2023-12-08T19:31:50Z","entry_id":719660,"field1":"27.25","field2":"52.18","field3":"1006.99"},{"created_at":"2023-12-08T19:32:36Z","entry_id":719661,"field1":"27.25","field2":"52.12","field3":"1007.00"},{"created_at":"2023-12-08T19:36:38Z","entry_id":719662,"field1":"27.27","field2":"52.21","field3":"1006.97"},{"created_at":"2023-12-08T19:37:01Z","entry_id":719663,"field1":"27.28","field2":"52.20","field3":"1006.97"},{"created_at":"2023-12-08T19:38:02Z","entry_id":719664,"field1":"27.27","field2":"52.17","field3":"1006.97"},{"created_at":"2023-12-08T19:39:18Z","entry_id":719665,"field1":"27.27","field2":"52.21","field3":"1006.99"},{"created_at":"2023-12-08T19:40:56Z","entry_id":719666,"field1":"27.28","field2":"52.27","field3":"1006.98"},{"created_at":"2023-12-08T19:41:18Z","entry_id":719667,"field1":"27.28","field2":"52.21","field3":"1006.98"},{"created_at":"2023-12-08T19:42:17Z","entry_id":719668,"field1":"27.29","field2":"52.15","field3":"1007.00"},{"created_at":"2023-12-08T19:43:06Z","entry_id":719669,"field1":"27.29","field2":"52.14","field3":"1007.01"},{"created_at":"2023-12-08T19:44:20Z","entry_id":719670,"field1":"27.28","field2":"52.22","field3":"1006.98"},{"created_at":"2023-12-08T19:45:05Z","entry_id":719671,"field1":"27.29","field2":"52.20","field3":"1006.98"},{"created_at":"2023-12-08T19:45:12Z","entry_id":719672,"field1":"27.29","field2":"52.21","field3":"1006.98"},{"created_at":"2023-12-08T19:45:23Z","entry_id":719673,"field1":"27.29","field2":"52.21","field3":"1006.97"},{"created_at":"2023-12-08T19:46:08Z","entry_id":719674,"field1":"27.29","field2":"52.14","field3":"1006.98"},{"created_at":"2023-12-08T19:47:15Z","entry_id":719675,"field1":"27.30","field2":"52.07","field3":"1007.03"},{"created_at":"2023-12-08T19:48:02Z","entry_id":719676,"field1":"27.30","field2":"52.19","field3":"1007.00"},{"created_at":"2023-12-08T19:48:52Z","entry_id":719677,"field1":"27.30","field2":"52.13","field3":"1006.99"},{"created_at":"2023-12-08T19:49:09Z","entry_id":719678,"field1":"27.30","field2":"52.16","field3":"1007.01"},{"created_at":"2023-12-08T19:49:15Z","entry_id":719679,"field1":"27.29","field2":"52.15","field3":"1006.96"},{"created_at":"2023-12-08T19:49:39Z","entry_id":719680,"field1":"27.30","field2":"52.13","field3":"1007.00"},{"created_at":"2023-12-08T19:50:42Z","entry_id":719681,"field1":"27.28","field2":"52.14","field3":"1006.98"},{"created_at":"2023-12-08T19:52:02Z","entry_id":719682,"field1":"27.29","field2":"52.16","field3":"1007.01"},{"created_at":"2023-12-08T19:52:41Z","entry_id":719683,"field1":"27.29","field2":"52.15","field3":"1006.98"},{"created_at":"2023-12-08T19:52:58Z","entry_id":719684,"field1":"27.29","field2":"52.16","field3":"1006.98"},{"created_at":"2023-12-08T19:53:15Z","entry_id":719685,"field1":"27.28","field2":"52.18","field3":"1006.97"},{"created_at":"2023-12-08T19:54:17Z","entry_id":719686,"field1":"27.28","field2":"52.23","field3":"1006.97"},{"created_at":"2023-12-08T19:55:02Z","entry_id":719687,"field1":"27.28","field2":"52.22","field3":"1006.98"},{"created_at":"2023-12-08T19:55:19Z","entry_id":719688,"field1":"27.27","field2":"52.18","field3":"1006.96"},{"created_at":"2023-12-08T19:55:41Z","entry_id":719689,"field1":"27.27","field2":"52.16","field3":"1006.98"},{"created_at":"2023-12-08T19:55:53Z","entry_id":719690,"field1":"27.27","field2":"52.14","field3":"1007.00"},{"created_at":"2023-12-08T19:56:00Z","entry_id":719691,"field1":"27.27","field2":"52.18","field3":"1007.00"},{"created_at":"2023-12-08T20:21:31Z","entry_id":719692,"field1":"27.11","field2":"52.58","field3":"1007.08"},{"created_at":"2023-12-08T20:22:16Z","entry_id":719693,"field1":"27.12","field2":"52.54","field3":"1007.11"},{"created_at":"2023-12-08T20:22:27Z","entry_id":719694,"field1":"27.12","field2":"52.53","field3":"1007.07"},{"created_at":"2023-12-08T20:23:35Z","entry_id":719695,"field1":"27.12","field2":"52.59","field3":"1007.09"},{"created_at":"2023-12-08T20:24:06Z","entry_id":719696,"field1":"27.11","field2":"52.62","field3":"1007.03"},{"created_at":"2023-12-08T20:24:19Z","entry_id":719697,"field1":"27.12","field2":"52.63","field3":"1007.05"},{"created_at":"2023-12-08T20:24:39Z","entry_id":719698,"field1":"27.12","field2":"52.61","field3":"1007.07"},{"created_at":"2023-12-08T20:24:45Z","entry_id":719699,"field1":"27.12","field2":"52.62","field3":"1007.04"},{"created_at":"2023-12-08T20:24:56Z","entry_id":719700,"field1":"27.12","field2":"52.67","field3":"1007.05"},{"created_at":"2023-12-08T20:25:34Z","entry_id":719701,"field1":"27.12","field2":"52.64","field3":"1007.05"},{"created_at":"2023-12-08T20:25:59Z","entry_id":719702,"field1":"27.12","field2":"52.69","field3":"1007.07"},{"created_at":"2023-12-08T20:27:05Z","entry_id":719703,"field1":"27.13","field2":"52.57","field3":"1007.06"},{"created_at":"2023-12-08T20:27:25Z","entry_id":719704,"field1":"27.13","field2":"52.61","field3":"1007.05"},{"created_at":"2023-12-08T20:27:33Z","entry_id":719705,"field1":"27.12","field2":"52.62","field3":"1007.04"},{"created_at":"2023-12-08T20:28:44Z","entry_id":719706,"field1":"27.13","field2":"52.65","field3":"1007.09"},{"created_at":"2023-12-08T20:29:06Z","entry_id":719707,"field1":"27.12","field2":"52.62","field3":"1007.06"},{"created_at":"2023-12-08T20:29:43Z","entry_id":719708,"field1":"27.13","field2":"52.60","field3":"1007.07"},{"created_at":"2023-12-08T20:31:09Z","entry_id":719709,"field1":"27.12","field2":"52.56","field3":"1007.04"},{"created_at":"2023-12-08T20:31:15Z","entry_id":719710,"field1":"27.12","field2":"52.57","field3":"1007.06"},{"created_at":"2023-12-08T20:31:41Z","entry_id":719711,"field1":"27.12","field2":"52.59","field3":"1007.04"},{"created_at":"2023-12-08T20:32:07Z","entry_id":719712,"field1":"27.11","field2":"52.58","field3":"1007.05"},{"created_at":"2023-12-08T20:33:01Z","entry_id":719713,"field1":"27.12","field2":"52.57","field3":"1007.06"},{"created_at":"2023-12-08T20:33:42Z","entry_id":719714,"field1":"27.12","field2":"52.62","field3":"1007.05"},{"created_at":"2023-12-08T20:34:10Z","entry_id":719715,"field1":"27.12","field2":"52.58","field3":"1007.05"},{"created_at":"2023-12-08T20:38:04Z","entry_id":719716,"field1":"27.13","field2":"52.63","field3":"1007.00"},{"created_at":"2023-12-08T20:39:00Z","entry_id":719717,"field1":"27.13","field2":"52.63","field3":"1007.02"},{"created_at":"2023-12-08T21:21:15Z","entry_id":719718,"field1":"27.24","field2":"52.50","field3":"1007.23"},{"created_at":"2023-12-08T21:41:26Z","entry_id":719719,"field1":"27.24","field2":"52.53","field3":"1007.38"},{"created_at":"2023-12-08T21:44:44Z","entry_id":719720,"field1":"27.25","field2":"52.53","field3":"1007.42"},{"created_at":"2023-12-08T21:59:21Z","entry_id":719721,"field1":"27.32","field2":"52.44","field3":"1007.69"},{"created_at":"2023-12-08T22:00:01Z","entry_id":719722,"field1":"27.32","field2":"52.49","field3":"1007.72"},{"created_at":"2023-12-08T22:00:18Z","entry_id":719723,"field1":"27.31","field2":"52.44","field3":"1007.70"},{"created_at":"2023-12-08T22:00:56Z","entry_id":719724,"field1":"27.32","field2":"52.42","field3":"1007.72"},{"created_at":"2023-12-08T22:01:18Z","entry_id":719725,"field1":"27.32","field2":"52.44","field3":"1007.72"},{"created_at":"2023-12-08T22:02:07Z","entry_id":719726,"field1":"27.32","field2":"52.46","field3":"1007.74"},{"created_at":"2023-12-08T22:02:13Z","entry_id":719727,"field1":"27.32","field2":"52.47","field3":"1007.72"},{"created_at":"2023-12-08T22:02:19Z","entry_id":719728,"field1":"27.32","field2":"52.47","field3":"1007.75"},{"created_at":"2023-12-08T22:03:43Z","entry_id":719729,"field1":"27.32","field2":"52.45","field3":"1007.78"},{"created_at":"2023-12-08T22:04:29Z","entry_id":719730,"field1":"27.32","field2":"52.42","field3":"1007.80"},{"created_at":"2023-12-08T22:11:13Z","entry_id":719731,"field1":"27.32","field2":"52.45","field3":"1007.76"},{"created_at":"2023-12-08T22:18:24Z","entry_id":719732,"field1":"27.31","field2":"52.48","field3":"1007.85"},{"created_at":"2023-12-08T22:19:03Z","entry_id":719733,"field1":"27.31","field2":"52.52","field3":"1007.83"},{"created_at":"2023-12-08T22:21:43Z","entry_id":719734,"field1":"27.31","field2":"52.49","field3":"1007.85"},{"created_at":"2023-12-08T22:22:16Z","entry_id":719735,"field1":"27.30","field2":"52.50","field3":"1007.86"},{"created_at":"2023-12-08T22:22:28Z","entry_id":719736,"field1":"27.30","field2":"52.48","field3":"1007.84"},{"created_at":"2023-12-08T22:23:56Z","entry_id":719737,"field1":"27.29","field2":"52.48","field3":"1007.86"},{"created_at":"2023-12-08T22:24:07Z","entry_id":719738,"field1":"27.30","field2":"52.48","field3":"1007.89"},{"created_at":"2023-12-08T22:26:01Z","entry_id":719739,"field1":"27.29","field2":"52.56","field3":"1007.88"},{"created_at":"2023-12-08T22:26:28Z","entry_id":719740,"field1":"27.28","field2":"52.53","field3":"1007.92"},{"created_at":"2023-12-08T22:27:11Z","entry_id":719741,"field1":"27.28","field2":"52.53","field3":"1007.89"},{"created_at":"2023-12-08T22:29:06Z","entry_id":719742,"field1":"27.27","field2":"52.58","field3":"1007.92"},{"created_at":"2023-12-08T22:29:12Z","entry_id":719743,"field1":"27.28","field2":"52.58","field3":"1007.94"},{"created_at":"2023-12-08T22:31:48Z","entry_id":719744,"field1":"27.28","field2":"52.60","field3":"1007.99"},{"created_at":"2023-12-08T22:44:34Z","entry_id":719745,"field1":"27.31","field2":"52.62","field3":"1008.18"},{"created_at":"2023-12-08T22:44:51Z","entry_id":719746,"field1":"27.31","field2":"52.62","field3":"1008.18"},{"created_at":"2023-12-08T22:45:21Z","entry_id":719747,"field1":"27.31","field2":"52.58","field3":"1008.14"},{"created_at":"2023-12-08T22:45:55Z","entry_id":719748,"field1":"27.31","field2":"52.63","field3":"1008.20"},{"created_at":"2023-12-08T22:47:04Z","entry_id":719749,"field1":"27.33","field2":"52.67","field3":"1008.19"},{"created_at":"2023-12-08T22:47:10Z","entry_id":719750,"field1":"27.33","field2":"52.68","field3":"1008.18"},{"created_at":"2023-12-08T22:47:16Z","entry_id":719751,"field1":"27.32","field2":"52.68","field3":"1008.17"},{"created_at":"2023-12-08T22:47:30Z","entry_id":719752,"field1":"27.33","field2":"52.64","field3":"1008.19"},{"created_at":"2023-12-08T22:47:42Z","entry_id":719753,"field1":"27.33","field2":"52.63","field3":"1008.23"},{"created_at":"2023-12-08T22:47:47Z","entry_id":719754,"field1":"27.33","field2":"52.64","field3":"1008.22"},{"created_at":"2023-12-08T22:48:13Z","entry_id":719755,"field1":"27.33","field2":"52.62","field3":"1008.20"},{"created_at":"2023-12-08T23:03:34Z","entry_id":719756,"field1":"27.40","field2":"52.45","field3":"1008.30"},{"created_at":"2023-12-08T23:14:49Z","entry_id":719757,"field1":"27.43","field2":"52.43","field3":"1008.50"},{"created_at":"2023-12-08T23:15:13Z","entry_id":719758,"field1":"27.43","field2":"52.43","field3":"1008.52"},{"created_at":"2023-12-08T23:15:53Z","entry_id":719759,"field1":"27.43","field2":"52.41","field3":"1008.49"},{"created_at":"2023-12-08T23:16:13Z","entry_id":719760,"field1":"27.43","field2":"52.43","field3":"1008.47"},{"created_at":"2023-12-08T23:16:19Z","entry_id":719761,"field1":"27.43","field2":"52.42","field3":"1008.47"},{"created_at":"2023-12-08T23:16:54Z","entry_id":719762,"field1":"27.43","field2":"52.42","field3":"1008.48"},{"created_at":"2023-12-08T23:17:30Z","entry_id":719763,"field1":"27.43","field2":"52.36","field3":"1008.47"},{"created_at":"2023-12-08T23:17:38Z","entry_id":719764,"field1":"27.43","field2":"52.40","field3":"1008.47"},{"created_at":"2023-12-08T23:17:58Z","entry_id":719765,"field1":"27.43","field2":"52.38","field3":"1008.47"},{"created_at":"2023-12-08T23:18:00Z","entry_id":719766,"field1":"27.43","field2":"52.40","field3":"1008.49"},{"created_at":"2023-12-08T23:18:07Z","entry_id":719767,"field1":"27.43","field2":"52.38","field3":"1008.48"},{"created_at":"2023-12-08T23:18:45Z","entry_id":719768,"field1":"27.43","field2":"52.40","field3":"1008.51"},{"created_at":"2023-12-08T23:19:25Z","entry_id":719769,"field1":"27.43","field2":"52.42","field3":"1008.49"},{"created_at":"2023-12-08T23:22:57Z","entry_id":719770,"field1":"27.44","field2":"52.41","field3":"1008.42"},{"created_at":"2023-12-08T23:23:06Z","entry_id":719771,"field1":"27.44","field2":"52.40","field3":"1008.45"},{"created_at":"2023-12-08T23:23:17Z","entry_id":719772,"field1":"27.44","field2":"52.41","field3":"1008.45"},{"created_at":"2023-12-08T23:23:40Z","entry_id":719773,"field1":"27.44","field2":"52.41","field3":"1008.46"},{"created_at":"2023-12-08T23:23:43Z","entry_id":719774,"field1":"27.44","field2":"52.44","field3":"1008.47"},{"created_at":"2023-12-08T23:24:08Z","entry_id":719775,"field1":"27.44","field2":"52.47","field3":"1008.44"},{"created_at":"2023-12-08T23:24:35Z","entry_id":719776,"field1":"27.44","field2":"52.45","field3":"1008.44"},{"created_at":"2023-12-08T23:24:38Z","entry_id":719777,"field1":"27.44","field2":"52.45","field3":"1008.43"},{"created_at":"2023-12-08T23:40:46Z","entry_id":719778,"field1":"27.46","field2":"52.50","field3":"1008.70"},{"created_at":"2023-12-08T23:42:15Z","entry_id":719779,"field1":"27.46","field2":"52.46","field3":"1008.65"},{"created_at":"2023-12-08T23:42:26Z","entry_id":719780,"field1":"27.46","field2":"52.42","field3":"1008.67"},{"created_at":"2023-12-08T23:42:32Z","entry_id":719781,"field1":"27.46","field2":"52.40","field3":"1008.64"},{"created_at":"2023-12-08T23:42:52Z","entry_id":719782,"field1":"27.46","field2":"52.42","field3":"1008.63"},{"created_at":"2023-12-08T23:42:58Z","entry_id":719783,"field1":"27.46","field2":"52.44","field3":"1008.64"},{"created_at":"2023-12-08T23:43:23Z","entry_id":719784,"field1":"27.46","field2":"52.50","field3":"1008.66"},{"created_at":"2023-12-08T23:43:45Z","entry_id":719785,"field1":"27.46","field2":"52.46","field3":"1008.65"},{"created_at":"2023-12-08T23:43:50Z","entry_id":719786,"field1":"27.46","field2":"52.47","field3":"1008.62"},{"created_at":"2023-12-08T23:43:59Z","entry_id":719787,"field1":"27.46","field2":"52.48","field3":"1008.59"},{"created_at":"2023-12-08T23:44:16Z","entry_id":719788,"field1":"27.46","field2":"52.51","field3":"1008.63"},{"created_at":"2023-12-08T23:44:19Z","entry_id":719789,"field1":"27.46","field2":"52.52","field3":"1008.64"},{"created_at":"2023-12-08T23:44:24Z","entry_id":719790,"field1":"27.46","field2":"52.51","field3":"1008.60"},{"created_at":"2023-12-08T23:44:40Z","entry_id":719791,"field1":"27.46","field2":"52.52","field3":"1008.58"},{"created_at":"2023-12-08T23:45:11Z","entry_id":719792,"field1":"27.46","field2":"52.46","field3":"1008.61"},{"created_at":"2023-12-08T23:45:23Z","entry_id":719793,"field1":"27.47","field2":"52.48","field3":"1008.60"},{"created_at":"2023-12-08T23:46:09Z","entry_id":719794,"field1":"27.46","field2":"52.47","field3":"1008.58"},{"created_at":"2023-12-08T23:46:21Z","entry_id":719795,"field1":"27.46","field2":"52.47","field3":"1008.60"},{"created_at":"2023-12-08T23:46:27Z","entry_id":719796,"field1":"27.47","field2":"52.46","field3":"1008.60"},{"created_at":"2023-12-08T23:46:33Z","entry_id":719797,"field1":"27.47","field2":"52.42","field3":"1008.57"},{"created_at":"2023-12-08T23:46:39Z","entry_id":719798,"field1":"27.47","field2":"52.40","field3":"1008.58"},{"created_at":"2023-12-08T23:46:47Z","entry_id":719799,"field1":"27.47","field2":"52.43","field3":"1008.59"},{"created_at":"2023-12-08T23:46:50Z","entry_id":719800,"field1":"27.46","field2":"52.44","field3":"1008.55"},{"created_at":"2023-12-08T23:47:10Z","entry_id":719801,"field1":"27.47","field2":"52.48","field3":"1008.58"},{"created_at":"2023-12-08T23:47:16Z","entry_id":719802,"field1":"27.46","field2":"52.53","field3":"1008.53"},{"created_at":"2023-12-08T23:47:37Z","entry_id":719803,"field1":"27.45","field2":"52.47","field3":"1008.57"},{"created_at":"2023-12-08T23:47:42Z","entry_id":719804,"field1":"27.47","field2":"52.48","field3":"1008.58"},{"created_at":"2023-12-08T23:47:54Z","entry_id":719805,"field1":"27.47","field2":"52.47","field3":"1008.59"},{"created_at":"2023-12-08T23:48:05Z","entry_id":719806,"field1":"27.47","field2":"52.45","field3":"1008.59"},{"created_at":"2023-12-08T23:48:17Z","entry_id":719807,"field1":"27.46","field2":"52.46","field3":"1008.59"},{"created_at":"2023-12-08T23:48:56Z","entry_id":719808,"field1":"27.47","field2":"52.45","field3":"1008.62"},{"created_at":"2023-12-08T23:50:30Z","entry_id":719809,"field1":"27.48","field2":"52.46","field3":"1008.66"},{"created_at":"2023-12-08T23:51:49Z","entry_id":719810,"field1":"27.48","field2":"52.47","field3":"1008.68"},{"created_at":"2023-12-08T23:52:34Z","entry_id":719811,"field1":"27.48","field2":"52.45","field3":"1008.67"},{"created_at":"2023-12-08T23:52:58Z","entry_id":719812,"field1":"27.49","field2":"52.46","field3":"1008.69"},{"created_at":"2023-12-08T23:53:09Z","entry_id":719813,"field1":"27.48","field2":"52.47","field3":"1008.68"},{"created_at":"2023-12-08T23:53:49Z","entry_id":719814,"field1":"27.48","field2":"52.44","field3":"1008.70"},{"created_at":"2023-12-08T23:53:55Z","entry_id":719815,"field1":"27.48","field2":"52.42","field3":"1008.68"},{"created_at":"2023-12-08T23:54:03Z","entry_id":719816,"field1":"27.49","field2":"52.43","field3":"1008.69"},{"created_at":"2023-12-08T23:54:12Z","entry_id":719817,"field1":"27.49","field2":"52.42","field3":"1008.70"},{"created_at":"2023-12-08T23:54:47Z","entry_id":719818,"field1":"27.49","field2":"52.42","field3":"1008.70"},{"created_at":"2023-12-08T23:55:23Z","entry_id":719819,"field1":"27.49","field2":"52.43","field3":"1008.74"},{"created_at":"2023-12-08T23:55:39Z","entry_id":719820,"field1":"27.48","field2":"52.47","field3":"1008.72"},{"created_at":"2023-12-08T23:55:48Z","entry_id":719821,"field1":"27.49","field2":"52.46","field3":"1008.67"},{"created_at":"2023-12-08T23:55:54Z","entry_id":719822,"field1":"27.49","field2":"52.43","field3":"1008.72"},{"created_at":"2023-12-08T23:56:05Z","entry_id":719823,"field1":"27.49","field2":"52.44","field3":"1008.71"},{"created_at":"2023-12-08T23:57:43Z","entry_id":719824,"field1":"27.49","field2":"52.43","field3":"1008.69"},{"created_at":"2023-12-08T23:58:34Z","entry_id":719825,"field1":"27.50","field2":"52.50","field3":"1008.71"}}]}