{"channel":{"id":2245283,"name":"Lokasi-6","latitude":"0.0","longitude":"0.0","field1":"temp","field2":"hum","field3":"pressure",{"created_at":"2023-12-01T12:12:28Z","entry_id":716426,"field1":"27.04","field2":"48.30","field3":"1006.31"},{"created_at":"2023-12-01T12:14:04Z","entry_id":716427,"field1":"27.05","field2":"48.36","field3":"1006.27"},{"created_at":"2023-12-01T12:14:57Z","entry_id":716428,"field1":"27.05","field2":"48.36","field3":"1006.26"},{"created_at":"2023-12-01T12:15:46Z","entry_id":716429,"field1":"27.06","field2":"48.33","field3":"1006.27"},{"created_at":"2023-12-01T12:17:04Z","entry_id":716430,"field1":"27.06","field2":"48.37","field3":"1006.24"},{"created_at":"2023-12-01T12:21:30Z","entry_id":716431,"field1":"27.07","field2":"48.38","field3":"1006.27"},{"created_at":"2023-12-01T12:21:44Z","entry_id":716432,"field1":"27.08","field2":"48.43","field3":"1006.26"},{"created_at":"2023-12-01T12:28:51Z","entry_id":716433,"field1":"27.09","field2":"48.41","field3":"1006.21"},{"created_at":"2023-12-01T12:29:45Z","entry_id":716434,"field1":"27.08","field2":"48.40","field3":"1006.21"},{"created_at":"2023-12-01T12:29:51Z","entry_id":716435,"field1":"27.08","field2":"48.43","field3":"1006.21"},{"created_at":"2023-12-01T12:30:12Z","entry_id":716436,"field1":"27.07","field2":"48.41","field3":"1006.18"},{"created_at":"2023-12-01T12:30:26Z","entry_id":716437,"field1":"27.07","field2":"48.44","field3":"1006.19"},{"created_at":"2023-12-01T12:31:15Z","entry_id":716438,"field1":"27.06","field2":"48.40","field3":"1006.18"},{"created_at":"2023-12-01T12:31:41Z","entry_id":716439,"field1":"27.05","field2":"48.39","field3":"1006.18"},{"created_at":"2023-12-01T12:32:02Z","entry_id":716440,"field1":"27.05","field2":"48.47","field3":"1006.16"},{"created_at":"2023-12-01T12:32:14Z","entry_id":716441,"field1":"27.05","field2":"48.39","field3":"1006.16"},{"created_at":"2023-12-01T12:32:36Z","entry_id":716442,"field1":"27.04","field2":"48.44","field3":"1006.18"},{"created_at":"2023-12-01T12:33:44Z","entry_id":716443,"field1":"27.02","field2":"48.52","field3":"1006.18"},{"created_at":"2023-12-01T12:35:05Z","entry_id":716444,"field1":"27.00","field2":"48.50","field3":"1006.14"},{"created_at":"2023-12-01T12:35:23Z","entry_id":716445,"field1":"26.99","field2":"48.56","field3":"1006.15"},{"created_at":"2023-12-01T12:36:27Z","entry_id":716446,"field1":"26.98","field2":"48.42","field3":"1006.16"},{"created_at":"2023-12-01T12:37:36Z","entry_id":716447,"field1":"26.98","field2":"48.64","field3":"1006.15"},{"created_at":"2023-12-01T12:39:25Z","entry_id":716448,"field1":"26.96","field2":"48.71","field3":"1006.16"},{"created_at":"2023-12-01T12:39:29Z","entry_id":716449,"field1":"26.96","field2":"48.67","field3":"1006.17"},{"created_at":"2023-12-01T12:42:19Z","entry_id":716450,"field1":"26.95","field2":"48.73","field3":"1006.20"},{"created_at":"2023-12-01T12:42:47Z","entry_id":716451,"field1":"26.96","field2":"48.76","field3":"1006.19"},{"created_at":"2023-12-01T13:57:10Z","entry_id":716452,"field1":"27.15","field2":"49.02","field3":"1006.38"},{"created_at":"2023-12-01T13:57:14Z","entry_id":716453,"field1":"27.16","field2":"48.98","field3":"1006.37"},{"created_at":"2023-12-01T13:58:14Z","entry_id":716454,"field1":"27.16","field2":"48.91","field3":"1006.37"},{"created_at":"2023-12-01T14:00:50Z","entry_id":716455,"field1":"27.16","field2":"49.02","field3":"1006.38"},{"created_at":"2023-12-01T14:00:58Z","entry_id":716456,"field1":"27.16","field2":"49.01","field3":"1006.38"},{"created_at":"2023-12-01T14:02:03Z","entry_id":716457,"field1":"27.17","field2":"49.02","field3":"1006.41"},{"created_at":"2023-12-01T14:05:59Z","entry_id":716458,"field1":"27.18","field2":"49.02","field3":"1006.36"},{"created_at":"2023-12-01T14:06:19Z","entry_id":716459,"field1":"27.17","field2":"49.02","field3":"1006.39"},{"created_at":"2023-12-01T14:07:35Z","entry_id":716460,"field1":"27.17","field2":"49.03","field3":"1006.37"},{"created_at":"2023-12-01T14:08:12Z","entry_id":716461,"field1":"27.18","field2":"49.05","field3":"1006.37"},{"created_at":"2023-12-01T14:08:23Z","entry_id":716462,"field1":"27.18","field2":"49.03","field3":"1006.38"},{"created_at":"2023-12-01T14:09:27Z","entry_id":716463,"field1":"27.17","field2":"49.01","field3":"1006.38"},{"created_at":"2023-12-01T14:09:33Z","entry_id":716464,"field1":"27.18","field2":"49.02","field3":"1006.36"},{"created_at":"2023-12-01T14:10:01Z","entry_id":716465,"field1":"27.18","field2":"49.04","field3":"1006.39"},{"created_at":"2023-12-01T14:10:13Z","entry_id":716466,"field1":"27.18","field2":"49.00","field3":"1006.38"},{"created_at":"2023-12-01T14:10:36Z","entry_id":716467,"field1":"27.18","field2":"49.00","field3":"1006.39"},{"created_at":"2023-12-01T14:10:52Z","entry_id":716468,"field1":"27.19","field2":"49.03","field3":"1006.38"},{"created_at":"2023-12-01T14:11:04Z","entry_id":716469,"field1":"27.18","field2":"49.00","field3":"1006.36"},{"created_at":"2023-12-01T14:11:27Z","entry_id":716470,"field1":"27.19","field2":"49.01","field3":"1006.35"},{"created_at":"2023-12-01T14:11:32Z","entry_id":716471,"field1":"27.18","field2":"49.02","field3":"1006.37"},{"created_at":"2023-12-01T14:11:38Z","entry_id":716472,"field1":"27.19","field2":"49.02","field3":"1006.38"},{"created_at":"2023-12-01T14:16:49Z","entry_id":716473,"field1":"27.19","field2":"49.02","field3":"1006.38"},{"created_at":"2023-12-01T14:17:30Z","entry_id":716474,"field1":"27.18","field2":"49.00","field3":"1006.39"},{"created_at":"2023-12-01T14:17:36Z","entry_id":716475,"field1":"27.18","field2":"49.02","field3":"1006.35"},{"created_at":"2023-12-01T14:18:20Z","entry_id":716476,"field1":"27.16","field2":"49.07","field3":"1006.33"},{"created_at":"2023-12-01T14:18:52Z","entry_id":716477,"field1":"27.17","field2":"49.04","field3":"1006.35"},{"created_at":"2023-12-01T14:18:54Z","entry_id":716478,"field1":"27.17","field2":"49.04","field3":"1006.37"},{"created_at":"2023-12-01T14:19:00Z","entry_id":716479,"field1":"27.17","field2":"49.04","field3":"1006.35"},{"created_at":"2023-12-01T14:19:08Z","entry_id":716480,"field1":"27.18","field2":"49.04","field3":"1006.40"},{"created_at":"2023-12-01T14:19:57Z","entry_id":716481,"field1":"27.16","field2":"49.09","field3":"1006.37"},{"created_at":"2023-12-01T14:20:37Z","entry_id":716482,"field1":"27.16","field2":"49.06","field3":"1006.37"},{"created_at":"2023-12-01T14:20:43Z","entry_id":716483,"field1":"27.15","field2":"49.07","field3":"1006.38"},{"created_at":"2023-12-01T14:21:23Z","entry_id":716484,"field1":"27.15","field2":"49.10","field3":"1006.37"},{"created_at":"2023-12-01T14:21:29Z","entry_id":716485,"field1":"27.15","field2":"49.11","field3":"1006.36"},{"created_at":"2023-12-01T14:21:43Z","entry_id":716486,"field1":"27.14","field2":"49.11","field3":"1006.36"},{"created_at":"2023-12-01T14:21:57Z","entry_id":716487,"field1":"27.14","field2":"49.13","field3":"1006.37"},{"created_at":"2023-12-01T14:22:49Z","entry_id":716488,"field1":"27.12","field2":"49.16","field3":"1006.34"},{"created_at":"2023-12-01T14:24:16Z","entry_id":716489,"field1":"27.11","field2":"49.23","field3":"1006.35"},{"created_at":"2023-12-01T14:24:24Z","entry_id":716490,"field1":"27.10","field2":"49.20","field3":"1006.34"},{"created_at":"2023-12-01T14:24:52Z","entry_id":716491,"field1":"27.07","field2":"49.18","field3":"1006.33"},{"created_at":"2023-12-01T14:27:03Z","entry_id":716492,"field1":"27.06","field2":"49.29","field3":"1006.35"},{"created_at":"2023-12-01T14:45:10Z","entry_id":716493,"field1":"26.97","field2":"49.65","field3":"1006.41"},{"created_at":"2023-12-01T14:48:31Z","entry_id":716494,"field1":"26.97","field2":"49.62","field3":"1006.43"},{"created_at":"2023-12-01T14:49:38Z","entry_id":716495,"field1":"26.98","field2":"49.66","field3":"1006.40"},{"created_at":"2023-12-01T14:50:10Z","entry_id":716496,"field1":"26.98","field2":"49.73","field3":"1006.41"},{"created_at":"2023-12-01T14:52:36Z","entry_id":716497,"field1":"26.98","field2":"49.71","field3":"1006.40"},{"created_at":"2023-12-01T14:52:56Z","entry_id":716498,"field1":"26.98","field2":"49.68","field3":"1006.41"},{"created_at":"2023-12-01T14:52:59Z","entry_id":716499,"field1":"26.98","field2":"49.62","field3":"1006.41"},{"created_at":"2023-12-01T14:53:52Z","entry_id":716500,"field1":"26.97","field2":"49.72","field3":"1006.42"},{"created_at":"2023-12-01T14:53:55Z","entry_id":716501,"field1":"26.97","field2":"49.74","field3":"1006.43"},{"created_at":"2023-12-01T14:55:34Z","entry_id":716502,"field1":"26.98","field2":"49.69","field3":"1006.41"},{"created_at":"2023-12-01T14:56:00Z","entry_id":716503,"field1":"26.98","field2":"49.73","field3":"1006.40"},{"created_at":"2023-12-01T14:56:44Z","entry_id":716504,"field1":"26.98","field2":"49.75","field3":"1006.44"},{"created_at":"2023-12-01T14:56:56Z","entry_id":716505,"field1":"26.98","field2":"49.74","field3":"1006.45"},{"created_at":"2023-12-01T14:57:06Z","entry_id":716506,"field1":"26.98","field2":"49.71","field3":"1006.43"},{"created_at":"2023-12-01T14:57:15Z","entry_id":716507,"field1":"26.98","field2":"49.69","field3":"1006.41"},{"created_at":"2023-12-01T14:59:11Z","entry_id":716508,"field1":"26.98","field2":"49.72","field3":"1006.47"},{"created_at":"2023-12-01T14:59:17Z","entry_id":716509,"field1":"26.98","field2":"49.75","field3":"1006.46"},{"created_at":"2023-12-01T15:02:59Z","entry_id":716510,"field1":"26.97","field2":"49.77","field3":"1006.47"},{"created_at":"2023-12-01T15:07:18Z","entry_id":716511,"field1":"26.97","field2":"49.73","field3":"1006.46"},{"created_at":"2023-12-01T15:07:33Z","entry_id":716512,"field1":"26.97","field2":"49.74","field3":"1006.43"},{"created_at":"2023-12-01T15:08:34Z","entry_id":716513,"field1":"26.96","field2":"49.87","field3":"1006.47"},{"created_at":"2023-12-01T15:09:01Z","entry_id":716514,"field1":"26.97","field2":"49.80","field3":"1006.47"},{"created_at":"2023-12-01T15:09:22Z","entry_id":716515,"field1":"26.96","field2":"49.87","field3":"1006.44"},{"created_at":"2023-12-01T15:10:01Z","entry_id":716516,"field1":"26.96","field2":"49.81","field3":"1006.45"},{"created_at":"2023-12-01T15:10:09Z","entry_id":716517,"field1":"26.96","field2":"49.79","field3":"1006.46"},{"created_at":"2023-12-01T15:10:26Z","entry_id":716518,"field1":"26.96","field2":"49.79","field3":"1006.45"},{"created_at":"2023-12-01T15:10:38Z","entry_id":716519,"field1":"26.97","field2":"49.87","field3":"1006.47"},{"created_at":"2023-12-01T15:10:44Z","entry_id":716520,"field1":"26.97","field2":"49.87","field3":"1006.48"},{"created_at":"2023-12-01T15:10:55Z","entry_id":716521,"field1":"26.96","field2":"49.83","field3":"1006.45"},{"created_at":"2023-12-01T15:12:20Z","entry_id":716522,"field1":"26.96","field2":"49.82","field3":"1006.45"},{"created_at":"2023-12-01T15:14:34Z","entry_id":716523,"field1":"26.95","field2":"49.85","field3":"1006.45"},{"created_at":"2023-12-01T15:14:46Z","entry_id":716524,"field1":"26.95","field2":"49.85","field3":"1006.49"},{"created_at":"2023-12-01T15:20:25Z","entry_id":716525,"field1":"26.96","field2":"49.90","field3":"1006.45"},{"created_at":"2023-12-01T15:21:31Z","entry_id":716526,"field1":"26.95","field2":"49.97","field3":"1006.45"},{"created_at":"2023-12-01T15:21:54Z","entry_id":716527,"field1":"26.97","field2":"49.90","field3":"1006.47"},{"created_at":"2023-12-01T15:22:06Z","entry_id":716528,"field1":"26.97","field2":"49.90","field3":"1006.49"},{"created_at":"2023-12-01T15:22:40Z","entry_id":716529,"field1":"26.97","field2":"49.89","field3":"1006.50"},{"created_at":"2023-12-01T15:24:30Z","entry_id":716530,"field1":"26.98","field2":"49.89","field3":"1006.53"},{"created_at":"2023-12-01T15:24:45Z","entry_id":716531,"field1":"26.98","field2":"49.92","field3":"1006.53"},{"created_at":"2023-12-01T15:25:12Z","entry_id":716532,"field1":"26.98","field2":"49.92","field3":"1006.50"},{"created_at":"2023-12-01T15:27:48Z","entry_id":716533,"field1":"26.99","field2":"49.87","field3":"1006.55"},{"created_at":"2023-12-01T15:28:00Z","entry_id":716534,"field1":"27.00","field2":"49.87","field3":"1006.57"},{"created_at":"2023-12-01T15:30:52Z","entry_id":716535,"field1":"27.02","field2":"49.88","field3":"1006.55"},{"created_at":"2023-12-01T15:52:40Z","entry_id":716536,"field1":"27.13","field2":"49.75","field3":"1006.53"},{"created_at":"2023-12-01T15:53:22Z","entry_id":716537,"field1":"27.13","field2":"49.66","field3":"1006.57"},{"created_at":"2023-12-01T16:43:47Z","entry_id":716538,"field1":"27.26","field2":"49.53","field3":"1006.25"},{"created_at":"2023-12-01T16:45:04Z","entry_id":716539,"field1":"27.26","field2":"49.52","field3":"1006.25"},{"created_at":"2023-12-01T16:45:13Z","entry_id":716540,"field1":"27.26","field2":"49.49","field3":"1006.24"},{"created_at":"2023-12-01T16:45:24Z","entry_id":716541,"field1":"27.26","field2":"49.49","field3":"1006.28"},{"created_at":"2023-12-01T16:45:44Z","entry_id":716542,"field1":"27.26","field2":"49.48","field3":"1006.25"},{"created_at":"2023-12-01T16:47:50Z","entry_id":716543,"field1":"27.27","field2":"49.47","field3":"1006.24"},{"created_at":"2023-12-01T16:48:08Z","entry_id":716544,"field1":"27.24","field2":"49.49","field3":"1006.18"},{"created_at":"2023-12-01T16:48:48Z","entry_id":716545,"field1":"27.27","field2":"49.48","field3":"1006.26"},{"created_at":"2023-12-01T16:48:59Z","entry_id":716546,"field1":"27.27","field2":"49.51","field3":"1006.27"},{"created_at":"2023-12-01T16:49:44Z","entry_id":716547,"field1":"27.26","field2":"49.54","field3":"1006.25"},{"created_at":"2023-12-01T16:50:14Z","entry_id":716548,"field1":"27.27","field2":"49.49","field3":"1006.27"},{"created_at":"2023-12-01T16:50:49Z","entry_id":716549,"field1":"27.26","field2":"49.50","field3":"1006.28"},{"created_at":"2023-12-01T16:50:55Z","entry_id":716550,"field1":"27.26","field2":"49.50","field3":"1006.26"},{"created_at":"2023-12-01T16:51:27Z","entry_id":716551,"field1":"27.26","field2":"49.48","field3":"1006.26"},{"created_at":"2023-12-01T16:51:32Z","entry_id":716552,"field1":"27.26","field2":"49.49","field3":"1006.29"},{"created_at":"2023-12-01T16:51:35Z","entry_id":716553,"field1":"27.25","field2":"49.49","field3":"1006.25"},{"created_at":"2023-12-01T16:51:54Z","entry_id":716554,"field1":"27.26","field2":"49.49","field3":"1006.29"},{"created_at":"2023-12-01T16:52:08Z","entry_id":716555,"field1":"27.26","field2":"49.48","field3":"1006.27"},{"created_at":"2023-12-01T16:52:38Z","entry_id":716556,"field1":"27.25","field2":"49.53","field3":"1006.22"},{"created_at":"2023-12-01T16:54:33Z","entry_id":716557,"field1":"27.25","field2":"49.53","field3":"1006.25"},{"created_at":"2023-12-01T16:54:47Z","entry_id":716558,"field1":"27.25","field2":"49.54","field3":"1006.24"},{"created_at":"2023-12-01T16:55:17Z","entry_id":716559,"field1":"27.25","field2":"49.53","field3":"1006.25"},{"created_at":"2023-12-01T16:55:32Z","entry_id":716560,"field1":"27.25","field2":"49.53","field3":"1006.25"},{"created_at":"2023-12-01T16:55:57Z","entry_id":716561,"field1":"27.25","field2":"49.54","field3":"1006.23"},{"created_at":"2023-12-01T16:56:27Z","entry_id":716562,"field1":"27.25","field2":"49.55","field3":"1006.23"},{"created_at":"2023-12-01T16:56:50Z","entry_id":716563,"field1":"27.25","field2":"49.56","field3":"1006.23"},{"created_at":"2023-12-01T16:57:41Z","entry_id":716564,"field1":"27.24","field2":"49.55","field3":"1006.23"},{"created_at":"2023-12-01T16:59:16Z","entry_id":716565,"field1":"27.27","field2":"49.53","field3":"1006.22"},{"created_at":"2023-12-01T16:59:45Z","entry_id":716566,"field1":"27.26","field2":"49.56","field3":"1006.23"},{"created_at":"2023-12-01T16:59:51Z","entry_id":716567,"field1":"27.27","field2":"49.59","field3":"1006.27"},{"created_at":"2023-12-01T17:00:03Z","entry_id":716568,"field1":"27.27","field2":"49.55","field3":"1006.24"},{"created_at":"2023-12-01T17:00:25Z","entry_id":716569,"field1":"27.27","field2":"49.54","field3":"1006.23"},{"created_at":"2023-12-01T17:00:44Z","entry_id":716570,"field1":"27.27","field2":"49.55","field3":"1006.24"},{"created_at":"2023-12-01T17:02:01Z","entry_id":716571,"field1":"27.28","field2":"49.54","field3":"1006.22"},{"created_at":"2023-12-01T17:02:41Z","entry_id":716572,"field1":"27.29","field2":"49.50","field3":"1006.21"},{"created_at":"2023-12-01T17:02:46Z","entry_id":716573,"field1":"27.28","field2":"49.51","field3":"1006.20"},{"created_at":"2023-12-01T17:02:52Z","entry_id":716574,"field1":"27.28","field2":"49.50","field3":"1006.20"},{"created_at":"2023-12-01T17:04:30Z","entry_id":716575,"field1":"27.29","field2":"49.53","field3":"1006.19"},{"created_at":"2023-12-01T17:05:57Z","entry_id":716576,"field1":"27.30","field2":"49.49","field3":"1006.22"},{"created_at":"2023-12-01T17:11:56Z","entry_id":716577,"field1":"27.31","field2":"49.52","field3":"1006.14"},{"created_at":"2023-12-01T17:12:22Z","entry_id":716578,"field1":"27.32","field2":"49.49","field3":"1006.18"},{"created_at":"2023-12-01T17:12:33Z","entry_id":716579,"field1":"27.32","field2":"49.49","field3":"1006.16"},{"created_at":"2023-12-01T17:14:12Z","entry_id":716580,"field1":"27.31","field2":"49.46","field3":"1006.12"},{"created_at":"2023-12-01T17:14:35Z","entry_id":716581,"field1":"27.32","field2":"49.46","field3":"1006.14"},{"created_at":"2023-12-01T17:15:01Z","entry_id":716582,"field1":"27.31","field2":"49.45","field3":"1006.14"},{"created_at":"2023-12-01T17:15:29Z","entry_id":716583,"field1":"27.32","field2":"49.45","field3":"1006.14"},{"created_at":"2023-12-01T17:16:27Z","entry_id":716584,"field1":"27.33","field2":"49.44","field3":"1006.12"},{"created_at":"2023-12-01T17:16:58Z","entry_id":716585,"field1":"27.33","field2":"49.40","field3":"1006.12"},{"created_at":"2023-12-01T17:17:38Z","entry_id":716586,"field1":"27.33","field2":"49.43","field3":"1006.10"},{"created_at":"2023-12-01T17:17:44Z","entry_id":716587,"field1":"27.33","field2":"49.44","field3":"1006.12"},{"created_at":"2023-12-01T17:18:22Z","entry_id":716588,"field1":"27.33","field2":"49.48","field3":"1006.09"},{"created_at":"2023-12-01T17:19:29Z","entry_id":716589,"field1":"27.33","field2":"49.44","field3":"1006.09"},{"created_at":"2023-12-01T17:20:00Z","entry_id":716590,"field1":"27.32","field2":"49.49","field3":"1006.06"},{"created_at":"2023-12-01T17:20:50Z","entry_id":716591,"field1":"27.33","field2":"49.43","field3":"1006.07"},{"created_at":"2023-12-01T17:20:52Z","entry_id":716592,"field1":"27.32","field2":"49.43","field3":"1006.08"},{"created_at":"2023-12-01T17:21:28Z","entry_id":716593,"field1":"27.33","field2":"49.47","field3":"1006.09"},{"created_at":"2023-12-01T17:21:43Z","entry_id":716594,"field1":"27.33","field2":"49.44","field3":"1006.10"},{"created_at":"2023-12-01T17:22:11Z","entry_id":716595,"field1":"27.34","field2":"49.46","field3":"1006.12"},{"created_at":"2023-12-01T17:22:15Z","entry_id":716596,"field1":"27.33","field2":"49.47","field3":"1006.07"},{"created_at":"2023-12-01T17:22:29Z","entry_id":716597,"field1":"27.34","field2":"49.42","field3":"1006.12"},{"created_at":"2023-12-01T17:22:37Z","entry_id":716598,"field1":"27.34","field2":"49.44","field3":"1006.11"},{"created_at":"2023-12-01T17:22:39Z","entry_id":716599,"field1":"27.33","field2":"49.44","field3":"1006.09"},{"created_at":"2023-12-01T17:23:13Z","entry_id":716600,"field1":"27.32","field2":"49.45","field3":"1006.10"},{"created_at":"2023-12-01T17:23:19Z","entry_id":716601,"field1":"27.33","field2":"49.47","field3":"1006.11"},{"created_at":"2023-12-01T17:23:30Z","entry_id":716602,"field1":"27.33","field2":"49.44","field3":"1006.09"},{"created_at":"2023-12-01T17:24:03Z","entry_id":716603,"field1":"27.33","field2":"49.45","field3":"1006.10"},{"created_at":"2023-12-01T17:24:09Z","entry_id":716604,"field1":"27.33","field2":"49.47","field3":"1006.09"},{"created_at":"2023-12-01T17:24:15Z","entry_id":716605,"field1":"27.33","field2":"49.44","field3":"1006.09"},{"created_at":"2023-12-01T17:26:00Z","entry_id":716606,"field1":"27.32","field2":"49.47","field3":"1006.14"},{"created_at":"2023-12-01T17:26:10Z","entry_id":716607,"field1":"27.32","field2":"49.47","field3":"1006.10"},{"created_at":"2023-12-01T17:26:38Z","entry_id":716608,"field1":"27.32","field2":"49.44","field3":"1006.12"},{"created_at":"2023-12-01T17:26:41Z","entry_id":716609,"field1":"27.32","field2":"49.47","field3":"1006.10"},{"created_at":"2023-12-01T17:26:56Z","entry_id":716610,"field1":"27.32","field2":"49.45","field3":"1006.14"},{"created_at":"2023-12-01T17:27:13Z","entry_id":716611,"field1":"27.32","field2":"49.43","field3":"1006.11"},{"created_at":"2023-12-01T17:27:19Z","entry_id":716612,"field1":"27.32","field2":"49.43","field3":"1006.11"},{"created_at":"2023-12-01T17:27:39Z","entry_id":716613,"field1":"27.31","field2":"49.48","field3":"1006.11"},{"created_at":"2023-12-01T17:27:47Z","entry_id":716614,"field1":"27.32","field2":"49.45","field3":"1006.12"},{"created_at":"2023-12-01T17:27:59Z","entry_id":716615,"field1":"27.32","field2":"49.45","field3":"1006.14"},{"created_at":"2023-12-01T17:28:39Z","entry_id":716616,"field1":"27.31","field2":"49.46","field3":"1006.17"},{"created_at":"2023-12-01T17:28:50Z","entry_id":716617,"field1":"27.31","field2":"49.47","field3":"1006.16"},{"created_at":"2023-12-01T17:28:59Z","entry_id":716618,"field1":"27.31","field2":"49.51","field3":"1006.14"},{"created_at":"2023-12-01T17:29:38Z","entry_id":716619,"field1":"27.30","field2":"49.50","field3":"1006.17"},{"created_at":"2023-12-01T17:29:41Z","entry_id":716620,"field1":"27.30","field2":"49.50","field3":"1006.16"},{"created_at":"2023-12-01T17:29:53Z","entry_id":716621,"field1":"27.30","field2":"49.51","field3":"1006.16"},{"created_at":"2023-12-01T17:30:13Z","entry_id":716622,"field1":"27.30","field2":"49.51","field3":"1006.18"},{"created_at":"2023-12-01T17:30:49Z","entry_id":716623,"field1":"27.29","field2":"49.52","field3":"1006.18"},{"created_at":"2023-12-01T17:30:57Z","entry_id":716624,"field1":"27.29","field2":"49.52","field3":"1006.18"},{"created_at":"2023-12-01T17:31:50Z","entry_id":716625,"field1":"27.29","field2":"49.53","field3":"1006.25"},{"created_at":"2023-12-01T17:32:22Z","entry_id":716626,"field1":"27.28","field2":"49.55","field3":"1006.20"},{"created_at":"2023-12-01T17:34:37Z","entry_id":716627,"field1":"27.26","field2":"49.60","field3":"1006.24"},{"created_at":"2023-12-01T17:34:46Z","entry_id":716628,"field1":"27.26","field2":"49.60","field3":"1006.27"},{"created_at":"2023-12-01T17:37:21Z","entry_id":716629,"field1":"27.25","field2":"49.62","field3":"1006.29"},{"created_at":"2023-12-01T17:40:02Z","entry_id":716630,"field1":"27.21","field2":"49.70","field3":"1006.32"},{"created_at":"2023-12-01T17:40:08Z","entry_id":716631,"field1":"27.21","field2":"49.70","field3":"1006.36"},{"created_at":"2023-12-01T17:40:48Z","entry_id":716632,"field1":"27.20","field2":"49.71","field3":"1006.34"},{"created_at":"2023-12-01T17:41:17Z","entry_id":716633,"field1":"27.20","field2":"49.74","field3":"1006.36"},{"created_at":"2023-12-01T17:41:40Z","entry_id":716634,"field1":"27.19","field2":"49.74","field3":"1006.34"},{"created_at":"2023-12-01T17:41:55Z","entry_id":716635,"field1":"27.19","field2":"49.78","field3":"1006.33"},{"created_at":"2023-12-01T17:42:00Z","entry_id":716636,"field1":"27.19","field2":"49.76","field3":"1006.33"},{"created_at":"2023-12-01T17:42:26Z","entry_id":716637,"field1":"27.19","field2":"49.75","field3":"1006.35"},{"created_at":"2023-12-01T17:42:55Z","entry_id":716638,"field1":"27.18","field2":"49.79","field3":"1006.33"},{"created_at":"2023-12-01T17:43:18Z","entry_id":716639,"field1":"27.17","field2":"49.80","field3":"1006.34"},{"created_at":"2023-12-01T17:43:35Z","entry_id":716640,"field1":"27.17","field2":"49.82","field3":"1006.39"},{"created_at":"2023-12-01T17:43:52Z","entry_id":716641,"field1":"27.17","field2":"49.83","field3":"1006.34"},{"created_at":"2023-12-01T17:44:09Z","entry_id":716642,"field1":"27.17","field2":"49.84","field3":"1006.33"},{"created_at":"2023-12-01T17:44:15Z","entry_id":716643,"field1":"27.17","field2":"49.83","field3":"1006.33"},{"created_at":"2023-12-01T17:44:30Z","entry_id":716644,"field1":"27.17","field2":"49.82","field3":"1006.36"},{"created_at":"2023-12-01T17:45:18Z","entry_id":716645,"field1":"27.16","field2":"49.83","field3":"1006.34"},{"created_at":"2023-12-01T17:45:54Z","entry_id":716646,"field1":"27.15","field2":"49.86","field3":"1006.38"},{"created_at":"2023-12-01T17:48:28Z","entry_id":716647,"field1":"27.12","field2":"49.94","field3":"1006.34"},{"created_at":"2023-12-01T17:49:13Z","entry_id":716648,"field1":"27.12","field2":"49.96","field3":"1006.33"},{"created_at":"2023-12-01T17:53:42Z","entry_id":716649,"field1":"27.12","field2":"50.12","field3":"1006.34"},{"created_at":"2023-12-01T17:54:08Z","entry_id":716650,"field1":"27.13","field2":"50.06","field3":"1006.34"},{"created_at":"2023-12-01T17:54:22Z","entry_id":716651,"field1":"27.13","field2":"50.06","field3":"1006.33"},{"created_at":"2023-12-01T17:58:32Z","entry_id":716652,"field1":"27.17","field2":"50.06","field3":"1006.30"},{"created_at":"2023-12-01T17:58:40Z","entry_id":716653,"field1":"27.17","field2":"50.06","field3":"1006.31"},{"created_at":"2023-12-01T17:59:03Z","entry_id":716654,"field1":"27.18","field2":"50.08","field3":"1006.30"},{"created_at":"2023-12-01T17:59:31Z","entry_id":716655,"field1":"27.19","field2":"50.11","field3":"1006.28"},{"created_at":"2023-12-01T18:01:25Z","entry_id":716656,"field1":"27.21","field2":"50.02","field3":"1006.25"},{"created_at":"2023-12-01T18:01:54Z","entry_id":716657,"field1":"27.21","field2":"50.02","field3":"1006.26"},{"created_at":"2023-12-01T18:02:01Z","entry_id":716658,"field1":"27.22","field2":"50.01","field3":"1006.27"},{"created_at":"2023-12-01T18:02:36Z","entry_id":716659,"field1":"27.22","field2":"50.08","field3":"1006.23"},{"created_at":"2023-12-01T18:02:42Z","entry_id":716660,"field1":"27.21","field2":"50.07","field3":"1006.22"},{"created_at":"2023-12-01T18:03:46Z","entry_id":716661,"field1":"27.23","field2":"49.95","field3":"1006.20"},{"created_at":"2023-12-01T18:04:47Z","entry_id":716662,"field1":"27.24","field2":"49.97","field3":"1006.21"},{"created_at":"2023-12-01T18:05:40Z","entry_id":716663,"field1":"27.24","field2":"50.01","field3":"1006.18"},{"created_at":"2023-12-01T18:06:13Z","entry_id":716664,"field1":"27.25","field2":"49.99","field3":"1006.16"},{"created_at":"2023-12-01T18:07:11Z","entry_id":716665,"field1":"27.26","field2":"49.96","field3":"1006.15"},{"created_at":"2023-12-01T18:07:21Z","entry_id":716666,"field1":"27.26","field2":"49.96","field3":"1006.13"},{"created_at":"2023-12-01T18:07:56Z","entry_id":716667,"field1":"27.25","field2":"49.96","field3":"1006.08"},{"created_at":"2023-12-01T18:08:29Z","entry_id":716668,"field1":"27.26","field2":"49.94","field3":"1006.11"},{"created_at":"2023-12-01T18:39:13Z","entry_id":716669,"field1":"27.32","field2":"49.85","field3":"1006.12"},{"created_at":"2023-12-01T19:08:08Z","entry_id":716670,"field1":"26.91","field2":"50.84","field3":"1005.97"},{"created_at":"2023-12-01T19:10:44Z","entry_id":716671,"field1":"26.90","field2":"50.92","field3":"1005.96"},{"created_at":"2023-12-01T19:39:34Z","entry_id":716672,"field1":"27.23","field2":"50.57","field3":"1005.62"},{"created_at":"2023-12-01T19:43:55Z","entry_id":716673,"field1":"27.28","field2":"50.46","field3":"1005.60"},{"created_at":"2023-12-01T19:45:26Z","entry_id":716674,"field1":"27.28","field2":"50.40","field3":"1005.60"},{"created_at":"2023-12-01T19:45:38Z","entry_id":716675,"field1":"27.28","field2":"50.45","field3":"1005.61"},{"created_at":"2023-12-01T19:45:52Z","entry_id":716676,"field1":"27.27","field2":"50.43","field3":"1005.60"},{"created_at":"2023-12-01T19:46:40Z","entry_id":716677,"field1":"27.27","field2":"50.40","field3":"1005.59"},{"created_at":"2023-12-01T19:46:54Z","entry_id":716678,"field1":"27.27","field2":"50.41","field3":"1005.58"},{"created_at":"2023-12-01T19:47:47Z","entry_id":716679,"field1":"27.25","field2":"50.41","field3":"1005.54"},{"created_at":"2023-12-01T19:48:04Z","entry_id":716680,"field1":"27.26","field2":"50.39","field3":"1005.57"},{"created_at":"2023-12-01T19:49:47Z","entry_id":716681,"field1":"27.25","field2":"50.41","field3":"1005.54"},{"created_at":"2023-12-01T19:50:40Z","entry_id":716682,"field1":"27.24","field2":"50.43","field3":"1005.52"},{"created_at":"2023-12-01T19:51:17Z","entry_id":716683,"field1":"27.23","field2":"50.46","field3":"1005.52"},{"created_at":"2023-12-01T19:51:37Z","entry_id":716684,"field1":"27.23","field2":"50.47","field3":"1005.51"},{"created_at":"2023-12-01T19:52:03Z","entry_id":716685,"field1":"27.22","field2":"50.44","field3":"1005.52"},{"created_at":"2023-12-01T20:30:12Z","entry_id":716686,"field1":"27.26","field2":"50.44","field3":"1005.69"},{"created_at":"2023-12-01T20:32:51Z","entry_id":716687,"field1":"27.21","field2":"50.58","field3":"1005.65"},{"created_at":"2023-12-01T20:33:50Z","entry_id":716688,"field1":"27.19","field2":"50.62","field3":"1005.63"},{"created_at":"2023-12-01T20:35:19Z","entry_id":716689,"field1":"27.17","field2":"50.68","field3":"1005.66"},{"created_at":"2023-12-01T20:35:29Z","entry_id":716690,"field1":"27.17","field2":"50.70","field3":"1005.67"},{"created_at":"2023-12-01T20:36:50Z","entry_id":716691,"field1":"27.16","field2":"50.75","field3":"1005.65"},{"created_at":"2023-12-01T20:36:56Z","entry_id":716692,"field1":"27.16","field2":"50.76","field3":"1005.64"},{"created_at":"2023-12-01T20:38:14Z","entry_id":716693,"field1":"27.15","field2":"50.79","field3":"1005.65"},{"created_at":"2023-12-01T20:39:12Z","entry_id":716694,"field1":"27.15","field2":"50.83","field3":"1005.67"},{"created_at":"2023-12-01T20:40:11Z","entry_id":716695,"field1":"27.15","field2":"50.85","field3":"1005.67"},{"created_at":"2023-12-01T20:40:14Z","entry_id":716696,"field1":"27.14","field2":"50.84","field3":"1005.66"},{"created_at":"2023-12-01T20:40:46Z","entry_id":716697,"field1":"27.14","field2":"50.89","field3":"1005.65"},{"created_at":"2023-12-01T20:41:58Z","entry_id":716698,"field1":"27.14","field2":"50.86","field3":"1005.68"},{"created_at":"2023-12-01T20:45:05Z","entry_id":716699,"field1":"27.14","field2":"50.86","field3":"1005.65"},{"created_at":"2023-12-01T20:46:26Z","entry_id":716700,"field1":"27.14","field2":"50.88","field3":"1005.65"},{"created_at":"2023-12-01T20:46:50Z","entry_id":716701,"field1":"27.14","field2":"50.93","field3":"1005.66"},{"created_at":"2023-12-01T20:47:08Z","entry_id":716702,"field1":"27.14","field2":"50.89","field3":"1005.68"},{"created_at":"2023-12-01T20:47:24Z","entry_id":716703,"field1":"27.13","field2":"50.89","field3":"1005.66"},{"created_at":"2023-12-01T20:51:45Z","entry_id":716704,"field1":"27.13","field2":"50.95","field3":"1005.72"},{"created_at":"2023-12-01T20:53:00Z","entry_id":716705,"field1":"27.12","field2":"50.97","field3":"1005.73"},{"created_at":"2023-12-01T20:54:15Z","entry_id":716706,"field1":"27.12","field2":"51.03","field3":"1005.77"},{"created_at":"2023-12-01T20:55:04Z","entry_id":716707,"field1":"27.12","field2":"51.01","field3":"1005.76"},{"created_at":"2023-12-01T20:55:33Z","entry_id":716708,"field1":"27.11","field2":"51.06","field3":"1005.72"},{"created_at":"2023-12-01T20:55:36Z","entry_id":716709,"field1":"27.12","field2":"51.05","field3":"1005.74"},{"created_at":"2023-12-01T20:56:23Z","entry_id":716710,"field1":"27.11","field2":"51.04","field3":"1005.71"},{"created_at":"2023-12-01T20:56:29Z","entry_id":716711,"field1":"27.12","field2":"51.03","field3":"1005.73"},{"created_at":"2023-12-01T20:56:52Z","entry_id":716712,"field1":"27.12","field2":"51.02","field3":"1005.75"},{"created_at":"2023-12-01T20:57:03Z","entry_id":716713,"field1":"27.12","field2":"51.02","field3":"1005.73"},{"created_at":"2023-12-01T20:58:17Z","entry_id":716714,"field1":"27.11","field2":"51.13","field3":"1005.72"},{"created_at":"2023-12-01T20:59:16Z","entry_id":716715,"field1":"27.11","field2":"51.06","field3":"1005.75"},{"created_at":"2023-12-01T21:00:43Z","entry_id":716716,"field1":"27.11","field2":"51.06","field3":"1005.73"},{"created_at":"2023-12-01T21:02:00Z","entry_id":716717,"field1":"27.10","field2":"51.06","field3":"1005.72"},{"created_at":"2023-12-01T21:02:14Z","entry_id":716718,"field1":"27.11","field2":"51.06","field3":"1005.68"},{"created_at":"2023-12-01T21:02:40Z","entry_id":716719,"field1":"27.11","field2":"51.06","field3":"1005.72"},{"created_at":"2023-12-01T21:02:45Z","entry_id":716720,"field1":"27.10","field2":"51.09","field3":"1005.74"},{"created_at":"2023-12-01T21:02:51Z","entry_id":716721,"field1":"27.10","field2":"51.09","field3":"1005.72"},{"created_at":"2023-12-01T21:03:22Z","entry_id":716722,"field1":"27.11","field2":"51.18","field3":"1005.73"},{"created_at":"2023-12-01T21:03:56Z","entry_id":716723,"field1":"27.11","field2":"51.18","field3":"1005.71"},{"created_at":"2023-12-01T21:04:03Z","entry_id":716724,"field1":"27.10","field2":"51.11","field3":"1005.72"},{"created_at":"2023-12-01T21:07:53Z","entry_id":716725,"field1":"27.11","field2":"51.12","field3":"1005.70"},{"created_at":"2023-12-01T21:08:02Z","entry_id":716726,"field1":"27.11","field2":"51.13","field3":"1005.66"},{"created_at":"2023-12-01T21:08:13Z","entry_id":716727,"field1":"27.11","field2":"51.16","field3":"1005.67"},{"created_at":"2023-12-01T21:09:29Z","entry_id":716728,"field1":"27.10","field2":"51.20","field3":"1005.66"},{"created_at":"2023-12-01T21:09:35Z","entry_id":716729,"field1":"27.08","field2":"51.20","field3":"1005.62"},{"created_at":"2023-12-01T21:10:31Z","entry_id":716730,"field1":"27.11","field2":"51.17","field3":"1005.67"},{"created_at":"2023-12-01T21:11:02Z","entry_id":716731,"field1":"27.10","field2":"51.18","field3":"1005.66"},{"created_at":"2023-12-01T21:11:13Z","entry_id":716732,"field1":"27.10","field2":"51.18","field3":"1005.67"},{"created_at":"2023-12-01T21:11:22Z","entry_id":716733,"field1":"27.10","field2":"51.17","field3":"1005.70"},{"created_at":"2023-12-01T21:12:08Z","entry_id":716734,"field1":"27.09","field2":"51.19","field3":"1005.69"},{"created_at":"2023-12-01T21:12:23Z","entry_id":716735,"field1":"27.10","field2":"51.18","field3":"1005.67"},{"created_at":"2023-12-01T21:12:29Z","entry_id":716736,"field1":"27.10","field2":"51.18","field3":"1005.69"},{"created_at":"2023-12-01T21:13:46Z","entry_id":716737,"field1":"27.11","field2":"51.20","field3":"1005.69"},{"created_at":"2023-12-01T21:13:53Z","entry_id":716738,"field1":"27.11","field2":"51.21","field3":"1005.68"},{"created_at":"2023-12-01T21:14:29Z","entry_id":716739,"field1":"27.10","field2":"51.23","field3":"1005.73"},{"created_at":"2023-12-01T21:15:06Z","entry_id":716740,"field1":"27.11","field2":"51.26","field3":"1005.72"},{"created_at":"2023-12-01T21:16:47Z","entry_id":716741,"field1":"27.11","field2":"51.24","field3":"1005.67"},{"created_at":"2023-12-01T21:17:24Z","entry_id":716742,"field1":"27.12","field2":"51.18","field3":"1005.68"},{"created_at":"2023-12-01T21:17:32Z","entry_id":716743,"field1":"27.12","field2":"51.20","field3":"1005.66"},{"created_at":"2023-12-01T21:18:21Z","entry_id":716744,"field1":"27.12","field2":"51.22","field3":"1005.71"},{"created_at":"2023-12-01T21:18:44Z","entry_id":716745,"field1":"27.12","field2":"51.30","field3":"1005.65"},{"created_at":"2023-12-01T21:18:47Z","entry_id":716746,"field1":"27.12","field2":"51.26","field3":"1005.63"},{"created_at":"2023-12-01T21:18:58Z","entry_id":716747,"field1":"27.12","field2":"51.27","field3":"1005.68"},{"created_at":"2023-12-01T21:19:10Z","entry_id":716748,"field1":"27.12","field2":"51.30","field3":"1005.70"},{"created_at":"2023-12-01T21:19:16Z","entry_id":716749,"field1":"27.12","field2":"51.25","field3":"1005.66"},{"created_at":"2023-12-01T21:19:22Z","entry_id":716750,"field1":"27.12","field2":"51.23","field3":"1005.66"},{"created_at":"2023-12-01T21:20:07Z","entry_id":716751,"field1":"27.13","field2":"51.19","field3":"1005.69"},{"created_at":"2023-12-01T21:20:23Z","entry_id":716752,"field1":"27.13","field2":"51.24","field3":"1005.67"},{"created_at":"2023-12-01T21:20:34Z","entry_id":716753,"field1":"27.13","field2":"51.23","field3":"1005.67"},{"created_at":"2023-12-01T21:20:47Z","entry_id":716754,"field1":"27.13","field2":"51.30","field3":"1005.67"},{"created_at":"2023-12-01T21:21:07Z","entry_id":716755,"field1":"27.12","field2":"51.31","field3":"1005.66"},{"created_at":"2023-12-01T21:21:20Z","entry_id":716756,"field1":"27.13","field2":"51.25","field3":"1005.69"},{"created_at":"2023-12-01T21:21:33Z","entry_id":716757,"field1":"27.13","field2":"51.26","field3":"1005.65"},{"created_at":"2023-12-01T21:22:05Z","entry_id":716758,"field1":"27.13","field2":"51.29","field3":"1005.66"},{"created_at":"2023-12-01T21:22:52Z","entry_id":716759,"field1":null,"field2":null,"field3":null},{"created_at":"2023-12-01T21:42:35Z","entry_id":716760,"field1":"27.04","field2":"51.58","field3":"1005.77"},{"created_at":"2023-12-01T21:46:33Z","entry_id":716761,"field1":"27.04","field2":"51.67","field3":"1005.79"},{"created_at":"2023-12-01T21:47:36Z","entry_id":716762,"field1":"27.04","field2":"51.54","field3":"1005.80"},{"created_at":"2023-12-01T21:48:15Z","entry_id":716763,"field1":"27.04","field2":"51.56","field3":"1005.80"},{"created_at":"2023-12-01T21:48:30Z","entry_id":716764,"field1":"27.04","field2":"51.54","field3":"1005.81"},{"created_at":"2023-12-01T21:49:12Z","entry_id":716765,"field1":"27.04","field2":"51.61","field3":"1005.79"},{"created_at":"2023-12-01T21:50:23Z","entry_id":716766,"field1":"27.05","field2":"51.68","field3":"1005.84"},{"created_at":"2023-12-01T21:50:59Z","entry_id":716767,"field1":"27.06","field2":"51.58","field3":"1005.83"},{"created_at":"2023-12-01T21:51:06Z","entry_id":716768,"field1":"27.06","field2":"51.58","field3":"1005.83"},{"created_at":"2023-12-01T21:52:28Z","entry_id":716769,"field1":"27.07","field2":"51.66","field3":"1005.86"},{"created_at":"2023-12-01T21:52:37Z","entry_id":716770,"field1":"27.08","field2":"51.66","field3":"1005.84"},{"created_at":"2023-12-01T21:52:45Z","entry_id":716771,"field1":"27.08","field2":"51.63","field3":"1005.87"},{"created_at":"2023-12-01T21:52:48Z","entry_id":716772,"field1":"27.07","field2":"51.62","field3":"1005.84"},{"created_at":"2023-12-01T21:53:14Z","entry_id":716773,"field1":"27.08","field2":"51.64","field3":"1005.87"},{"created_at":"2023-12-01T21:53:20Z","entry_id":716774,"field1":"27.07","field2":"51.64","field3":"1005.90"},{"created_at":"2023-12-01T21:54:10Z","entry_id":716775,"field1":"27.09","field2":"51.64","field3":"1005.91"},{"created_at":"2023-12-01T21:54:22Z","entry_id":716776,"field1":"27.09","field2":"51.58","field3":"1005.91"},{"created_at":"2023-12-01T21:54:55Z","entry_id":716777,"field1":"27.10","field2":"51.58","field3":"1005.90"},{"created_at":"2023-12-01T21:55:04Z","entry_id":716778,"field1":"27.10","field2":"51.61","field3":"1005.91"},{"created_at":"2023-12-01T21:55:07Z","entry_id":716779,"field1":"27.10","field2":"51.58","field3":"1005.89"},{"created_at":"2023-12-01T21:55:39Z","entry_id":716780,"field1":"27.11","field2":"51.60","field3":"1005.93"},{"created_at":"2023-12-01T21:55:44Z","entry_id":716781,"field1":"27.11","field2":"51.56","field3":"1005.90"},{"created_at":"2023-12-01T21:55:56Z","entry_id":716782,"field1":"27.10","field2":"51.57","field3":"1005.90"},{"created_at":"2023-12-01T21:56:09Z","entry_id":716783,"field1":"27.11","field2":"51.62","field3":"1005.92"},{"created_at":"2023-12-01T21:56:31Z","entry_id":716784,"field1":"27.11","field2":"51.61","field3":"1005.91"},{"created_at":"2023-12-01T21:56:39Z","entry_id":716785,"field1":"27.12","field2":"51.61","field3":"1005.92"},{"created_at":"2023-12-01T21:57:19Z","entry_id":716786,"field1":"27.12","field2":"51.62","field3":"1005.91"},{"created_at":"2023-12-01T21:57:32Z","entry_id":716787,"field1":"27.12","field2":"51.52","field3":"1005.94"},{"created_at":"2023-12-01T21:57:38Z","entry_id":716788,"field1":"27.12","field2":"51.52","field3":"1005.95"},{"created_at":"2023-12-01T21:57:44Z","entry_id":716789,"field1":"27.13","field2":"51.54","field3":"1005.92"},{"created_at":"2023-12-01T21:57:58Z","entry_id":716790,"field1":"27.12","field2":"51.60","field3":"1005.93"},{"created_at":"2023-12-01T21:58:04Z","entry_id":716791,"field1":"27.13","field2":"51.61","field3":"1005.92"},{"created_at":"2023-12-01T21:58:10Z","entry_id":716792,"field1":"27.12","field2":"51.61","field3":"1005.92"},{"created_at":"2023-12-01T21:59:46Z","entry_id":716793,"field1":"27.14","field2":"51.50","field3":"1005.97"},{"created_at":"2023-12-01T22:02:54Z","entry_id":716794,"field1":"27.15","field2":"51.43","field3":"1006.04"},{"created_at":"2023-12-01T22:03:05Z","entry_id":716795,"field1":"27.16","field2":"51.51","field3":"1006.06"},{"created_at":"2023-12-01T22:03:11Z","entry_id":716796,"field1":"27.16","field2":"51.50","field3":"1006.03"},{"created_at":"2023-12-01T22:03:35Z","entry_id":716797,"field1":"27.16","field2":"51.52","field3":"1006.05"},{"created_at":"2023-12-01T22:03:54Z","entry_id":716798,"field1":"27.15","field2":"51.49","field3":"1006.05"},{"created_at":"2023-12-01T22:17:39Z","entry_id":716799,"field1":"27.13","field2":"51.60","field3":"1006.18"},{"created_at":"2023-12-01T22:17:49Z","entry_id":716800,"field1":"27.13","field2":"51.55","field3":"1006.17"},{"created_at":"2023-12-01T22:18:03Z","entry_id":716801,"field1":"27.13","field2":"51.53","field3":"1006.18"},{"created_at":"2023-12-01T22:22:12Z","entry_id":716802,"field1":"27.13","field2":"51.63","field3":"1006.22"},{"created_at":"2023-12-01T22:22:22Z","entry_id":716803,"field1":"27.13","field2":"51.67","field3":"1006.24"},{"created_at":"2023-12-01T22:22:43Z","entry_id":716804,"field1":"27.13","field2":"51.63","field3":"1006.24"},{"created_at":"2023-12-01T22:23:06Z","entry_id":716805,"field1":"27.13","field2":"51.69","field3":"1006.25"},{"created_at":"2023-12-01T22:23:34Z","entry_id":716806,"field1":"27.13","field2":"51.68","field3":"1006.24"},{"created_at":"2023-12-01T22:23:43Z","entry_id":716807,"field1":"27.13","field2":"51.68","field3":"1006.21"},{"created_at":"2023-12-01T22:23:56Z","entry_id":716808,"field1":"27.13","field2":"51.68","field3":"1006.26"},{"created_at":"2023-12-01T22:24:16Z","entry_id":716809,"field1":"27.13","field2":"51.61","field3":"1006.25"},{"created_at":"2023-12-01T22:24:29Z","entry_id":716810,"field1":"27.13","field2":"51.60","field3":"1006.23"},{"created_at":"2023-12-01T22:24:41Z","entry_id":716811,"field1":"27.13","field2":"51.66","field3":"1006.26"},{"created_at":"2023-12-01T22:24:54Z","entry_id":716812,"field1":"27.13","field2":"51.68","field3":"1006.26"},{"created_at":"2023-12-01T22:25:06Z","entry_id":716813,"field1":"27.13","field2":"51.70","field3":"1006.23"},{"created_at":"2023-12-01T22:25:14Z","entry_id":716814,"field1":"27.13","field2":"51.73","field3":"1006.22"},{"created_at":"2023-12-01T22:25:25Z","entry_id":716815,"field1":"27.13","field2":"51.72","field3":"1006.27"},{"created_at":"2023-12-01T22:28:34Z","entry_id":716816,"field1":"27.12","field2":"51.69","field3":"1006.31"},{"created_at":"2023-12-01T22:28:40Z","entry_id":716817,"field1":"27.15","field2":"51.67","field3":"1006.28"},{"created_at":"2023-12-01T22:30:11Z","entry_id":716818,"field1":null,"field2":null,"field3":null},{"created_at":"2023-12-01T22:30:26Z","entry_id":716819,"field1":"27.16","field2":"51.65","field3":"1006.27"},{"created_at":"2023-12-01T22:30:36Z","entry_id":716820,"field1":"27.16","field2":"51.67","field3":"1006.26"},{"created_at":"2023-12-01T22:30:57Z","entry_id":716821,"field1":"27.16","field2":"51.66","field3":"1006.29"},{"created_at":"2023-12-01T22:31:06Z","entry_id":716822,"field1":"27.16","field2":"51.66","field3":"1006.27"},{"created_at":"2023-12-01T22:33:16Z","entry_id":716823,"field1":"27.17","field2":"51.57","field3":"1006.31"},{"created_at":"2023-12-01T22:33:39Z","entry_id":716824,"field1":"27.17","field2":"51.67","field3":"1006.33"},{"created_at":"2023-12-01T22:33:45Z","entry_id":716825,"field1":"27.17","field2":"51.67","field3":"1006.31"},{"created_at":"2023-12-01T22:33:50Z","entry_id":716826,"field1":"27.18","field2":"51.67","field3":"1006.33"},{"created_at":"2023-12-01T22:33:56Z","entry_id":716827,"field1":"27.18","field2":"51.66","field3":"1006.32"},{"created_at":"2023-12-01T22:34:34Z","entry_id":716828,"field1":"27.17","field2":"51.67","field3":"1006.33"},{"created_at":"2023-12-01T22:35:04Z","entry_id":716829,"field1":"27.18","field2":"51.73","field3":"1006.34"},{"created_at":"2023-12-01T22:35:30Z","entry_id":716830,"field1":"27.18","field2":"51.69","field3":"1006.33"},{"created_at":"2023-12-01T22:35:56Z","entry_id":716831,"field1":"27.19","field2":"51.71","field3":"1006.37"},{"created_at":"2023-12-01T22:36:02Z","entry_id":716832,"field1":"27.19","field2":"51.62","field3":"1006.37"},{"created_at":"2023-12-01T22:38:02Z","entry_id":716833,"field1":"27.21","field2":"51.67","field3":"1006.42"},{"created_at":"2023-12-01T22:38:08Z","entry_id":716834,"field1":"27.21","field2":"51.64","field3":"1006.43"},{"created_at":"2023-12-01T22:38:14Z","entry_id":716835,"field1":"27.21","field2":"51.66","field3":"1006.40"},{"created_at":"2023-12-01T22:38:31Z","entry_id":716836,"field1":"27.22","field2":"51.69","field3":"1006.42"},{"created_at":"2023-12-01T22:38:37Z","entry_id":716837,"field1":"27.21","field2":"51.68","field3":"1006.42"},{"created_at":"2023-12-01T22:38:43Z","entry_id":716838,"field1":"27.22","field2":"51.66","field3":"1006.44"},{"created_at":"2023-12-01T22:38:49Z","entry_id":716839,"field1":"27.22","field2":"51.62","field3":"1006.45"},{"created_at":"2023-12-01T22:38:58Z","entry_id":716840,"field1":"27.22","field2":"51.61","field3":"1006.43"},{"created_at":"2023-12-01T22:39:03Z","entry_id":716841,"field1":"27.22","field2":"51.60","field3":"1006.42"},{"created_at":"2023-12-01T22:39:18Z","entry_id":716842,"field1":"27.23","field2":"51.65","field3":"1006.46"},{"created_at":"2023-12-01T22:39:24Z","entry_id":716843,"field1":"27.23","field2":"51.63","field3":"1006.47"},{"created_at":"2023-12-01T22:39:29Z","entry_id":716844,"field1":"27.23","field2":"51.61","field3":"1006.45"},{"created_at":"2023-12-01T22:39:35Z","entry_id":716845,"field1":"27.24","field2":"51.58","field3":"1006.48"},{"created_at":"2023-12-01T22:39:41Z","entry_id":716846,"field1":"27.23","field2":"51.58","field3":"1006.46"},{"created_at":"2023-12-01T22:40:07Z","entry_id":716847,"field1":"27.24","field2":"51.59","field3":"1006.46"},{"created_at":"2023-12-01T22:40:44Z","entry_id":716848,"field1":"27.26","field2":"51.63","field3":"1006.46"},{"created_at":"2023-12-01T22:40:50Z","entry_id":716849,"field1":"27.26","field2":"51.61","field3":"1006.48"},{"created_at":"2023-12-01T22:41:02Z","entry_id":716850,"field1":"27.26","field2":"51.52","field3":"1006.48"},{"created_at":"2023-12-01T22:41:07Z","entry_id":716851,"field1":"27.25","field2":"51.52","field3":"1006.49"},{"created_at":"2023-12-01T22:41:19Z","entry_id":716852,"field1":"27.26","field2":"51.54","field3":"1006.49"},{"created_at":"2023-12-01T22:41:52Z","entry_id":716853,"field1":"27.27","field2":"51.53","field3":"1006.48"},{"created_at":"2023-12-01T22:42:03Z","entry_id":716854,"field1":"27.27","field2":"51.48","field3":"1006.49"},{"created_at":"2023-12-01T22:42:26Z","entry_id":716855,"field1":"27.27","field2":"51.55","field3":"1006.49"},{"created_at":"2023-12-01T22:42:32Z","entry_id":716856,"field1":"27.27","field2":"51.57","field3":"1006.49"},{"created_at":"2023-12-01T22:43:14Z","entry_id":716857,"field1":"27.27","field2":"51.50","field3":"1006.48"},{"created_at":"2023-12-01T22:43:20Z","entry_id":716858,"field1":"27.27","field2":"51.52","field3":"1006.50"},{"created_at":"2023-12-01T22:43:32Z","entry_id":716859,"field1":"27.27","field2":"51.56","field3":"1006.47"},{"created_at":"2023-12-01T22:43:38Z","entry_id":716860,"field1":"27.27","field2":"51.57","field3":"1006.49"},{"created_at":"2023-12-01T22:43:54Z","entry_id":716861,"field1":"27.27","field2":"51.52","field3":"1006.51"},{"created_at":"2023-12-01T22:43:59Z","entry_id":716862,"field1":"27.27","field2":"51.50","field3":"1006.53"},{"created_at":"2023-12-01T22:44:08Z","entry_id":716863,"field1":"27.27","field2":"51.51","field3":"1006.48"},{"created_at":"2023-12-01T22:44:14Z","entry_id":716864,"field1":"27.27","field2":"51.52","field3":"1006.49"},{"created_at":"2023-12-01T22:45:04Z","entry_id":716865,"field1":"27.27","field2":"51.53","field3":"1006.49"},{"created_at":"2023-12-01T22:45:09Z","entry_id":716866,"field1":"27.27","field2":"51.52","field3":"1006.48"},{"created_at":"2023-12-01T22:45:23Z","entry_id":716867,"field1":"27.27","field2":"51.45","field3":"1006.52"},{"created_at":"2023-12-01T22:45:29Z","entry_id":716868,"field1":"27.27","field2":"51.45","field3":"1006.49"},{"created_at":"2023-12-01T22:45:35Z","entry_id":716869,"field1":"27.27","field2":"51.45","field3":"1006.51"},{"created_at":"2023-12-01T22:45:47Z","entry_id":716870,"field1":"27.27","field2":"51.45","field3":"1006.51"},{"created_at":"2023-12-01T22:45:58Z","entry_id":716871,"field1":"27.26","field2":"51.50","field3":"1006.51"},{"created_at":"2023-12-01T22:46:51Z","entry_id":716872,"field1":"27.26","field2":"51.51","field3":"1006.51"},{"created_at":"2023-12-01T22:47:13Z","entry_id":716873,"field1":"27.27","field2":"51.53","field3":"1006.54"},{"created_at":"2023-12-01T22:47:19Z","entry_id":716874,"field1":"27.26","field2":"51.56","field3":"1006.52"},{"created_at":"2023-12-01T22:47:25Z","entry_id":716875,"field1":"27.26","field2":"51.56","field3":"1006.53"},{"created_at":"2023-12-01T22:48:10Z","entry_id":716876,"field1":"27.26","field2":"51.46","field3":"1006.54"},{"created_at":"2023-12-01T22:48:27Z","entry_id":716877,"field1":"27.25","field2":"51.50","field3":"1006.56"},{"created_at":"2023-12-01T22:48:49Z","entry_id":716878,"field1":"27.25","field2":"51.52","field3":"1006.57"},{"created_at":"2023-12-01T22:49:02Z","entry_id":716879,"field1":"27.25","field2":"51.51","field3":"1006.58"},{"created_at":"2023-12-01T22:49:16Z","entry_id":716880,"field1":"27.26","field2":"51.51","field3":"1006.61"},{"created_at":"2023-12-01T22:49:27Z","entry_id":716881,"field1":"27.26","field2":"51.54","field3":"1006.60"},{"created_at":"2023-12-01T22:51:31Z","entry_id":716882,"field1":"27.24","field2":"51.50","field3":"1006.63"},{"created_at":"2023-12-01T22:51:43Z","entry_id":716883,"field1":"27.25","field2":"51.51","field3":"1006.59"},{"created_at":"2023-12-01T22:52:00Z","entry_id":716884,"field1":"27.24","field2":"51.55","field3":"1006.61"},{"created_at":"2023-12-01T22:53:25Z","entry_id":716885,"field1":"27.24","field2":"51.52","field3":"1006.64"},{"created_at":"2023-12-01T22:53:31Z","entry_id":716886,"field1":"27.23","field2":"51.51","field3":"1006.61"},{"created_at":"2023-12-01T22:57:37Z","entry_id":716887,"field1":"27.24","field2":"51.58","field3":"1006.70"},{"created_at":"2023-12-01T23:01:27Z","entry_id":716888,"field1":"27.24","field2":"51.59","field3":"1006.78"},{"created_at":"2023-12-01T23:01:57Z","entry_id":716889,"field1":"27.24","field2":"51.65","field3":"1006.81"},{"created_at":"2023-12-01T23:03:56Z","entry_id":716890,"field1":"27.25","field2":"51.58","field3":"1006.84"},{"created_at":"2023-12-01T23:04:47Z","entry_id":716891,"field1":"27.25","field2":"51.63","field3":"1006.86"},{"created_at":"2023-12-01T23:05:23Z","entry_id":716892,"field1":"27.25","field2":"51.60","field3":"1006.85"},{"created_at":"2023-12-01T23:05:41Z","entry_id":716893,"field1":"27.25","field2":"51.64","field3":"1006.87"},{"created_at":"2023-12-01T23:06:28Z","entry_id":716894,"field1":"27.25","field2":"51.61","field3":"1006.92"},{"created_at":"2023-12-01T23:08:15Z","entry_id":716895,"field1":"27.25","field2":"51.60","field3":"1006.95"},{"created_at":"2023-12-01T23:08:59Z","entry_id":716896,"field1":"27.25","field2":"51.59","field3":"1006.99"},{"created_at":"2023-12-01T23:09:38Z","entry_id":716897,"field1":"27.25","field2":"51.59","field3":"1007.01"},{"created_at":"2023-12-01T23:09:50Z","entry_id":716898,"field1":"27.25","field2":"51.66","field3":"1006.98"},{"created_at":"2023-12-01T23:10:38Z","entry_id":716899,"field1":"27.25","field2":"51.59","field3":"1006.99"},{"created_at":"2023-12-01T23:11:04Z","entry_id":716900,"field1":"27.25","field2":"51.60","field3":"1007.02"},{"created_at":"2023-12-01T23:12:04Z","entry_id":716901,"field1":"27.24","field2":"51.72","field3":"1007.05"},{"created_at":"2023-12-01T23:12:38Z","entry_id":716902,"field1":"27.24","field2":"51.68","field3":"1007.05"},{"created_at":"2023-12-01T23:12:56Z","entry_id":716903,"field1":"27.25","field2":"51.69","field3":"1007.08"},{"created_at":"2023-12-01T23:13:02Z","entry_id":716904,"field1":"27.24","field2":"51.68","field3":"1007.10"},{"created_at":"2023-12-01T23:16:19Z","entry_id":716905,"field1":"27.25","field2":"51.73","field3":"1007.17"},{"created_at":"2023-12-01T23:26:40Z","entry_id":716906,"field1":"27.28","field2":"51.63","field3":"1007.38"},{"created_at":"2023-12-01T23:28:03Z","entry_id":716907,"field1":"27.27","field2":"51.58","field3":"1007.44"},{"created_at":"2023-12-01T23:28:59Z","entry_id":716908,"field1":"27.26","field2":"51.59","field3":"1007.45"},{"created_at":"2023-12-01T23:29:10Z","entry_id":716909,"field1":"27.25","field2":"51.65","field3":"1007.48"},{"created_at":"2023-12-01T23:29:57Z","entry_id":716910,"field1":"27.25","field2":"51.64","field3":"1007.48"},{"created_at":"2023-12-01T23:31:00Z","entry_id":716911,"field1":"27.25","field2":"51.71","field3":"1007.48"},{"created_at":"2023-12-01T23:31:50Z","entry_id":716912,"field1":"27.25","field2":"51.64","field3":"1007.53"},{"created_at":"2023-12-01T23:32:10Z","entry_id":716913,"field1":"27.25","field2":"51.71","field3":"1007.54"},{"created_at":"2023-12-01T23:33:14Z","entry_id":716914,"field1":"27.25","field2":"51.76","field3":"1007.53"},{"created_at":"2023-12-01T23:38:17Z","entry_id":716915,"field1":"27.27","field2":"51.72","field3":"1007.68"}}]}