{"channel":{"id":2245283,"name":"Lokasi-6","latitude":"0.0","longitude":"0.0","field1":"temp","field2":"hum","field3":"pressure",{"created_at":"2023-12-13T11:55:31Z","entry_id":723763,"field1":"27.07","field2":"49.13","field3":"1006.22"},{"created_at":"2023-12-13T11:56:45Z","entry_id":723764,"field1":"27.05","field2":"49.20","field3":"1006.26"},{"created_at":"2023-12-13T11:57:13Z","entry_id":723765,"field1":"27.04","field2":"49.20","field3":"1006.30"},{"created_at":"2023-12-13T11:58:34Z","entry_id":723766,"field1":"27.02","field2":"49.10","field3":"1006.42"},{"created_at":"2023-12-13T11:59:30Z","entry_id":723767,"field1":"27.00","field2":"49.11","field3":"1006.44"},{"created_at":"2023-12-13T11:59:39Z","entry_id":723768,"field1":"27.01","field2":"49.08","field3":"1006.46"},{"created_at":"2023-12-13T12:00:02Z","entry_id":723769,"field1":"27.01","field2":"49.11","field3":"1006.49"},{"created_at":"2023-12-13T12:00:38Z","entry_id":723770,"field1":"26.99","field2":"49.08","field3":"1006.49"},{"created_at":"2023-12-13T12:01:03Z","entry_id":723771,"field1":"26.99","field2":"49.05","field3":"1006.50"},{"created_at":"2023-12-13T12:01:12Z","entry_id":723772,"field1":"26.98","field2":"49.07","field3":"1006.48"},{"created_at":"2023-12-13T12:01:46Z","entry_id":723773,"field1":"26.99","field2":"48.94","field3":"1006.50"},{"created_at":"2023-12-13T12:02:31Z","entry_id":723774,"field1":"26.98","field2":"49.04","field3":"1006.52"},{"created_at":"2023-12-13T12:03:29Z","entry_id":723775,"field1":"26.97","field2":"49.01","field3":"1006.55"},{"created_at":"2023-12-13T12:03:49Z","entry_id":723776,"field1":"26.97","field2":"49.07","field3":"1006.55"},{"created_at":"2023-12-13T12:04:06Z","entry_id":723777,"field1":"26.97","field2":"49.00","field3":"1006.55"},{"created_at":"2023-12-13T12:05:50Z","entry_id":723778,"field1":"26.95","field2":"48.85","field3":"1006.60"},{"created_at":"2023-12-13T12:06:33Z","entry_id":723779,"field1":"26.94","field2":"48.65","field3":"1006.62"},{"created_at":"2023-12-13T12:07:03Z","entry_id":723780,"field1":"26.94","field2":"48.66","field3":"1006.61"},{"created_at":"2023-12-13T12:07:11Z","entry_id":723781,"field1":"26.94","field2":"48.70","field3":"1006.66"},{"created_at":"2023-12-13T12:07:17Z","entry_id":723782,"field1":"26.94","field2":"48.72","field3":"1006.63"},{"created_at":"2023-12-13T12:08:03Z","entry_id":723783,"field1":"26.93","field2":"48.62","field3":"1006.65"},{"created_at":"2023-12-13T12:08:05Z","entry_id":723784,"field1":"26.93","field2":"48.61","field3":"1006.68"},{"created_at":"2023-12-13T12:09:08Z","entry_id":723785,"field1":"26.91","field2":"48.60","field3":"1006.66"},{"created_at":"2023-12-13T12:10:09Z","entry_id":723786,"field1":"26.90","field2":"48.64","field3":"1006.68"},{"created_at":"2023-12-13T12:10:53Z","entry_id":723787,"field1":"26.90","field2":"48.77","field3":"1006.68"},{"created_at":"2023-12-13T12:10:59Z","entry_id":723788,"field1":"26.90","field2":"48.75","field3":"1006.69"},{"created_at":"2023-12-13T12:12:29Z","entry_id":723789,"field1":"26.89","field2":"48.64","field3":"1006.71"},{"created_at":"2023-12-13T12:12:46Z","entry_id":723790,"field1":"26.88","field2":"48.59","field3":"1006.68"},{"created_at":"2023-12-13T12:13:17Z","entry_id":723791,"field1":"26.88","field2":"48.70","field3":"1006.67"},{"created_at":"2023-12-13T12:15:19Z","entry_id":723792,"field1":"26.86","field2":"48.70","field3":"1006.71"},{"created_at":"2023-12-13T12:16:04Z","entry_id":723793,"field1":"26.86","field2":"48.64","field3":"1006.70"},{"created_at":"2023-12-13T12:17:15Z","entry_id":723794,"field1":"26.84","field2":"48.64","field3":"1006.71"},{"created_at":"2023-12-13T12:17:21Z","entry_id":723795,"field1":"26.85","field2":"48.63","field3":"1006.76"},{"created_at":"2023-12-13T12:18:12Z","entry_id":723796,"field1":"26.85","field2":"48.63","field3":"1006.74"},{"created_at":"2023-12-13T12:20:24Z","entry_id":723797,"field1":"26.82","field2":"48.70","field3":"1006.81"},{"created_at":"2023-12-13T12:23:10Z","entry_id":723798,"field1":"26.80","field2":"48.75","field3":"1006.93"},{"created_at":"2023-12-13T12:23:42Z","entry_id":723799,"field1":"26.80","field2":"48.70","field3":"1006.92"},{"created_at":"2023-12-13T12:24:15Z","entry_id":723800,"field1":"26.80","field2":"48.72","field3":"1006.97"},{"created_at":"2023-12-13T12:24:21Z","entry_id":723801,"field1":"26.80","field2":"48.69","field3":"1006.99"},{"created_at":"2023-12-13T12:24:47Z","entry_id":723802,"field1":"26.79","field2":"48.68","field3":"1006.97"},{"created_at":"2023-12-13T12:25:11Z","entry_id":723803,"field1":"26.79","field2":"48.72","field3":"1007.03"},{"created_at":"2023-12-13T12:25:36Z","entry_id":723804,"field1":"26.79","field2":"48.72","field3":"1007.00"},{"created_at":"2023-12-13T12:25:39Z","entry_id":723805,"field1":"26.79","field2":"48.75","field3":"1007.02"},{"created_at":"2023-12-13T12:26:39Z","entry_id":723806,"field1":"26.78","field2":"48.71","field3":"1007.08"},{"created_at":"2023-12-13T12:27:08Z","entry_id":723807,"field1":"26.78","field2":"48.72","field3":"1007.10"},{"created_at":"2023-12-13T12:27:14Z","entry_id":723808,"field1":"26.78","field2":"48.71","field3":"1007.08"},{"created_at":"2023-12-13T12:27:26Z","entry_id":723809,"field1":"26.79","field2":"48.75","field3":"1007.12"},{"created_at":"2023-12-13T12:27:37Z","entry_id":723810,"field1":"26.78","field2":"48.75","field3":"1007.14"},{"created_at":"2023-12-13T12:28:23Z","entry_id":723811,"field1":"26.78","field2":"48.72","field3":"1007.16"},{"created_at":"2023-12-13T12:28:40Z","entry_id":723812,"field1":"26.78","field2":"48.77","field3":"1007.15"},{"created_at":"2023-12-13T12:28:52Z","entry_id":723813,"field1":"26.78","field2":"48.76","field3":"1007.16"},{"created_at":"2023-12-13T12:29:03Z","entry_id":723814,"field1":"26.77","field2":"48.78","field3":"1007.15"},{"created_at":"2023-12-13T12:29:15Z","entry_id":723815,"field1":"26.77","field2":"48.76","field3":"1007.13"},{"created_at":"2023-12-13T12:29:29Z","entry_id":723816,"field1":"26.77","field2":"48.78","field3":"1007.17"},{"created_at":"2023-12-13T12:29:46Z","entry_id":723817,"field1":"26.77","field2":"48.78","field3":"1007.19"},{"created_at":"2023-12-13T12:30:41Z","entry_id":723818,"field1":"26.78","field2":"48.78","field3":"1007.19"},{"created_at":"2023-12-13T12:31:03Z","entry_id":723819,"field1":"26.77","field2":"48.78","field3":"1007.19"},{"created_at":"2023-12-13T12:31:08Z","entry_id":723820,"field1":"26.77","field2":"48.79","field3":"1007.19"},{"created_at":"2023-12-13T12:31:14Z","entry_id":723821,"field1":"26.77","field2":"48.78","field3":"1007.20"},{"created_at":"2023-12-13T12:31:26Z","entry_id":723822,"field1":"26.77","field2":"48.76","field3":"1007.17"},{"created_at":"2023-12-13T12:31:32Z","entry_id":723823,"field1":"26.77","field2":"48.78","field3":"1007.19"},{"created_at":"2023-12-13T12:32:44Z","entry_id":723824,"field1":"26.76","field2":"48.79","field3":"1007.14"},{"created_at":"2023-12-13T12:32:47Z","entry_id":723825,"field1":"26.76","field2":"48.81","field3":"1007.16"},{"created_at":"2023-12-13T12:34:22Z","entry_id":723826,"field1":"26.76","field2":"48.81","field3":"1007.19"},{"created_at":"2023-12-13T12:34:28Z","entry_id":723827,"field1":"26.77","field2":"48.85","field3":"1007.18"},{"created_at":"2023-12-13T12:34:34Z","entry_id":723828,"field1":"26.76","field2":"48.87","field3":"1007.16"},{"created_at":"2023-12-13T12:34:42Z","entry_id":723829,"field1":"26.77","field2":"48.87","field3":"1007.18"},{"created_at":"2023-12-13T12:34:48Z","entry_id":723830,"field1":"26.77","field2":"48.89","field3":"1007.18"},{"created_at":"2023-12-13T12:35:02Z","entry_id":723831,"field1":"26.77","field2":"48.86","field3":"1007.18"},{"created_at":"2023-12-13T12:35:17Z","entry_id":723832,"field1":"26.77","field2":"48.86","field3":"1007.17"},{"created_at":"2023-12-13T12:35:56Z","entry_id":723833,"field1":"26.77","field2":"48.85","field3":"1007.23"},{"created_at":"2023-12-13T12:37:18Z","entry_id":723834,"field1":"26.77","field2":"48.86","field3":"1007.19"},{"created_at":"2023-12-13T12:37:21Z","entry_id":723835,"field1":"26.78","field2":"48.88","field3":"1007.21"},{"created_at":"2023-12-13T12:38:18Z","entry_id":723836,"field1":"26.78","field2":"48.87","field3":"1007.21"},{"created_at":"2023-12-13T12:38:26Z","entry_id":723837,"field1":"26.78","field2":"48.92","field3":"1007.17"},{"created_at":"2023-12-13T12:39:43Z","entry_id":723838,"field1":"26.78","field2":"48.91","field3":"1007.23"},{"created_at":"2023-12-13T12:42:55Z","entry_id":723839,"field1":"26.79","field2":"48.86","field3":"1007.26"},{"created_at":"2023-12-13T12:43:15Z","entry_id":723840,"field1":"26.79","field2":"48.83","field3":"1007.30"},{"created_at":"2023-12-13T12:43:32Z","entry_id":723841,"field1":"26.78","field2":"48.87","field3":"1007.29"},{"created_at":"2023-12-13T12:43:49Z","entry_id":723842,"field1":"26.79","field2":"48.90","field3":"1007.32"},{"created_at":"2023-12-13T12:44:06Z","entry_id":723843,"field1":"26.79","field2":"48.89","field3":"1007.34"},{"created_at":"2023-12-13T12:44:40Z","entry_id":723844,"field1":"26.79","field2":"48.92","field3":"1007.36"},{"created_at":"2023-12-13T12:44:55Z","entry_id":723845,"field1":"26.80","field2":"48.93","field3":"1007.37"},{"created_at":"2023-12-13T12:45:10Z","entry_id":723846,"field1":"26.80","field2":"48.92","field3":"1007.36"},{"created_at":"2023-12-13T12:45:22Z","entry_id":723847,"field1":"26.79","field2":"48.89","field3":"1007.38"},{"created_at":"2023-12-13T12:45:28Z","entry_id":723848,"field1":"26.80","field2":"48.89","field3":"1007.35"},{"created_at":"2023-12-13T12:45:54Z","entry_id":723849,"field1":"26.79","field2":"48.91","field3":"1007.39"},{"created_at":"2023-12-13T12:45:59Z","entry_id":723850,"field1":"26.79","field2":"48.86","field3":"1007.38"},{"created_at":"2023-12-13T12:46:47Z","entry_id":723851,"field1":"26.79","field2":"48.90","field3":"1007.39"},{"created_at":"2023-12-13T12:48:29Z","entry_id":723852,"field1":"26.79","field2":"48.91","field3":"1007.42"},{"created_at":"2023-12-13T12:48:49Z","entry_id":723853,"field1":"26.79","field2":"48.93","field3":"1007.40"},{"created_at":"2023-12-13T12:49:03Z","entry_id":723854,"field1":"26.79","field2":"48.92","field3":"1007.43"},{"created_at":"2023-12-13T12:49:26Z","entry_id":723855,"field1":"26.80","field2":"48.93","field3":"1007.42"},{"created_at":"2023-12-13T12:49:46Z","entry_id":723856,"field1":"26.79","field2":"48.94","field3":"1007.41"},{"created_at":"2023-12-13T12:50:17Z","entry_id":723857,"field1":"26.79","field2":"49.01","field3":"1007.45"},{"created_at":"2023-12-13T12:50:41Z","entry_id":723858,"field1":"26.79","field2":"48.93","field3":"1007.42"},{"created_at":"2023-12-13T12:51:09Z","entry_id":723859,"field1":"26.79","field2":"48.97","field3":"1007.41"},{"created_at":"2023-12-13T12:51:26Z","entry_id":723860,"field1":"26.79","field2":"48.97","field3":"1007.43"},{"created_at":"2023-12-13T12:52:02Z","entry_id":723861,"field1":"26.76","field2":"48.93","field3":"1007.37"},{"created_at":"2023-12-13T12:52:49Z","entry_id":723862,"field1":"26.79","field2":"49.00","field3":"1007.43"},{"created_at":"2023-12-13T12:52:55Z","entry_id":723863,"field1":"26.79","field2":"48.96","field3":"1007.43"},{"created_at":"2023-12-13T12:53:07Z","entry_id":723864,"field1":"26.79","field2":"48.97","field3":"1007.44"},{"created_at":"2023-12-13T12:53:13Z","entry_id":723865,"field1":"26.79","field2":"48.98","field3":"1007.46"},{"created_at":"2023-12-13T12:53:27Z","entry_id":723866,"field1":"26.79","field2":"48.99","field3":"1007.44"},{"created_at":"2023-12-13T12:53:32Z","entry_id":723867,"field1":"26.79","field2":"48.96","field3":"1007.43"},{"created_at":"2023-12-13T12:54:14Z","entry_id":723868,"field1":"26.80","field2":"48.97","field3":"1007.45"},{"created_at":"2023-12-13T12:54:19Z","entry_id":723869,"field1":"26.80","field2":"48.96","field3":"1007.48"},{"created_at":"2023-12-13T12:54:42Z","entry_id":723870,"field1":"26.80","field2":"48.97","field3":"1007.49"},{"created_at":"2023-12-13T12:56:00Z","entry_id":723871,"field1":"26.80","field2":"49.00","field3":"1007.48"},{"created_at":"2023-12-13T12:56:06Z","entry_id":723872,"field1":"26.80","field2":"49.00","field3":"1007.48"},{"created_at":"2023-12-13T12:56:48Z","entry_id":723873,"field1":"26.80","field2":"49.01","field3":"1007.51"},{"created_at":"2023-12-13T12:59:03Z","entry_id":723874,"field1":"26.80","field2":"49.05","field3":"1007.47"},{"created_at":"2023-12-13T12:59:21Z","entry_id":723875,"field1":"26.81","field2":"49.03","field3":"1007.51"},{"created_at":"2023-12-13T12:59:32Z","entry_id":723876,"field1":"26.80","field2":"49.09","field3":"1007.47"},{"created_at":"2023-12-13T12:59:58Z","entry_id":723877,"field1":"26.80","field2":"49.01","field3":"1007.48"},{"created_at":"2023-12-13T13:00:18Z","entry_id":723878,"field1":"26.81","field2":"49.03","field3":"1007.50"},{"created_at":"2023-12-13T13:00:24Z","entry_id":723879,"field1":"26.81","field2":"49.04","field3":"1007.51"},{"created_at":"2023-12-13T13:00:43Z","entry_id":723880,"field1":"26.81","field2":"49.01","field3":"1007.51"},{"created_at":"2023-12-13T13:00:52Z","entry_id":723881,"field1":"26.81","field2":"49.03","field3":"1007.48"},{"created_at":"2023-12-13T13:01:23Z","entry_id":723882,"field1":"26.81","field2":"49.01","field3":"1007.51"},{"created_at":"2023-12-13T13:06:06Z","entry_id":723883,"field1":"26.85","field2":"49.08","field3":"1007.59"},{"created_at":"2023-12-13T13:06:37Z","entry_id":723884,"field1":"26.86","field2":"49.07","field3":"1007.57"},{"created_at":"2023-12-13T13:06:51Z","entry_id":723885,"field1":"26.86","field2":"49.07","field3":"1007.55"},{"created_at":"2023-12-13T13:07:05Z","entry_id":723886,"field1":"26.86","field2":"49.10","field3":"1007.55"},{"created_at":"2023-12-13T13:07:25Z","entry_id":723887,"field1":"26.87","field2":"49.07","field3":"1007.58"},{"created_at":"2023-12-13T13:07:45Z","entry_id":723888,"field1":"26.87","field2":"49.11","field3":"1007.55"},{"created_at":"2023-12-13T13:07:51Z","entry_id":723889,"field1":"26.88","field2":"49.07","field3":"1007.59"},{"created_at":"2023-12-13T13:08:05Z","entry_id":723890,"field1":"26.87","field2":"49.11","field3":"1007.58"},{"created_at":"2023-12-13T13:08:11Z","entry_id":723891,"field1":"26.87","field2":"49.09","field3":"1007.54"},{"created_at":"2023-12-13T13:09:46Z","entry_id":723892,"field1":"26.89","field2":"49.05","field3":"1007.58"},{"created_at":"2023-12-13T13:10:08Z","entry_id":723893,"field1":"26.90","field2":"49.05","field3":"1007.62"},{"created_at":"2023-12-13T13:11:00Z","entry_id":723894,"field1":"26.91","field2":"48.99","field3":"1007.59"},{"created_at":"2023-12-13T13:11:55Z","entry_id":723895,"field1":"26.93","field2":"49.04","field3":"1007.61"},{"created_at":"2023-12-13T13:15:04Z","entry_id":723896,"field1":"26.96","field2":"48.96","field3":"1007.74"},{"created_at":"2023-12-13T13:18:16Z","entry_id":723897,"field1":"26.99","field2":"48.99","field3":"1007.71"},{"created_at":"2023-12-13T13:19:47Z","entry_id":723898,"field1":"27.00","field2":"48.93","field3":"1007.75"},{"created_at":"2023-12-13T13:21:36Z","entry_id":723899,"field1":null,"field2":null,"field3":null},{"created_at":"2023-12-13T13:22:08Z","entry_id":723900,"field1":"27.03","field2":"48.91","field3":"1007.82"},{"created_at":"2023-12-13T13:23:12Z","entry_id":723901,"field1":"27.04","field2":"48.87","field3":"1007.83"},{"created_at":"2023-12-13T13:23:34Z","entry_id":723902,"field1":"27.04","field2":"48.85","field3":"1007.82"},{"created_at":"2023-12-13T13:34:43Z","entry_id":723903,"field1":"26.98","field2":"48.95","field3":"1007.94"},{"created_at":"2023-12-13T13:35:28Z","entry_id":723904,"field1":"26.97","field2":"48.97","field3":"1007.95"},{"created_at":"2023-12-13T13:35:41Z","entry_id":723905,"field1":"26.98","field2":"48.93","field3":"1007.98"},{"created_at":"2023-12-13T13:36:10Z","entry_id":723906,"field1":"26.97","field2":"48.95","field3":"1007.96"},{"created_at":"2023-12-13T13:36:17Z","entry_id":723907,"field1":"26.97","field2":"48.96","field3":"1007.98"},{"created_at":"2023-12-13T13:37:22Z","entry_id":723908,"field1":"26.96","field2":"49.01","field3":"1008.01"},{"created_at":"2023-12-13T13:37:30Z","entry_id":723909,"field1":"26.96","field2":"49.01","field3":"1007.98"},{"created_at":"2023-12-13T13:38:33Z","entry_id":723910,"field1":"26.95","field2":"49.08","field3":"1008.00"},{"created_at":"2023-12-13T13:39:16Z","entry_id":723911,"field1":"26.95","field2":"49.09","field3":"1008.00"},{"created_at":"2023-12-13T13:39:24Z","entry_id":723912,"field1":"26.95","field2":"49.06","field3":"1008.00"},{"created_at":"2023-12-13T13:47:19Z","entry_id":723913,"field1":"26.94","field2":"49.14","field3":"1008.08"},{"created_at":"2023-12-13T13:47:26Z","entry_id":723914,"field1":"26.94","field2":"49.17","field3":"1008.07"},{"created_at":"2023-12-13T13:47:39Z","entry_id":723915,"field1":"26.95","field2":"49.16","field3":"1008.08"},{"created_at":"2023-12-13T14:33:53Z","entry_id":723916,"field1":"27.25","field2":"48.95","field3":"1008.71"},{"created_at":"2023-12-13T14:37:51Z","entry_id":723917,"field1":"27.27","field2":"49.01","field3":"1008.70"},{"created_at":"2023-12-13T14:38:22Z","entry_id":723918,"field1":"27.27","field2":"48.93","field3":"1008.71"},{"created_at":"2023-12-13T14:38:30Z","entry_id":723919,"field1":"27.27","field2":"48.94","field3":"1008.73"},{"created_at":"2023-12-13T14:39:17Z","entry_id":723920,"field1":"27.27","field2":"49.03","field3":"1008.74"},{"created_at":"2023-12-13T14:39:47Z","entry_id":723921,"field1":"27.28","field2":"49.07","field3":"1008.71"},{"created_at":"2023-12-13T14:41:01Z","entry_id":723922,"field1":"27.28","field2":"49.01","field3":"1008.71"},{"created_at":"2023-12-13T14:47:07Z","entry_id":723923,"field1":"27.30","field2":"48.91","field3":"1008.70"},{"created_at":"2023-12-13T14:50:19Z","entry_id":723924,"field1":"27.31","field2":"48.95","field3":"1008.73"},{"created_at":"2023-12-13T14:50:25Z","entry_id":723925,"field1":"27.31","field2":"48.93","field3":"1008.71"},{"created_at":"2023-12-13T14:51:00Z","entry_id":723926,"field1":"27.31","field2":"48.95","field3":"1008.75"},{"created_at":"2023-12-13T14:52:04Z","entry_id":723927,"field1":"27.31","field2":"48.92","field3":"1008.72"},{"created_at":"2023-12-13T14:52:21Z","entry_id":723928,"field1":"27.31","field2":"48.96","field3":"1008.71"},{"created_at":"2023-12-13T14:52:58Z","entry_id":723929,"field1":"27.32","field2":"48.95","field3":"1008.70"},{"created_at":"2023-12-13T14:53:15Z","entry_id":723930,"field1":"27.31","field2":"49.01","field3":"1008.73"},{"created_at":"2023-12-13T14:54:30Z","entry_id":723931,"field1":"27.31","field2":"49.01","field3":"1008.72"},{"created_at":"2023-12-13T14:55:06Z","entry_id":723932,"field1":"27.31","field2":"48.97","field3":"1008.73"},{"created_at":"2023-12-13T14:55:11Z","entry_id":723933,"field1":"27.32","field2":"48.94","field3":"1008.73"},{"created_at":"2023-12-13T14:56:08Z","entry_id":723934,"field1":"27.32","field2":"49.05","field3":"1008.74"},{"created_at":"2023-12-13T14:56:38Z","entry_id":723935,"field1":"27.33","field2":"48.96","field3":"1008.71"},{"created_at":"2023-12-13T14:56:41Z","entry_id":723936,"field1":"27.32","field2":"49.01","field3":"1008.72"},{"created_at":"2023-12-13T14:57:01Z","entry_id":723937,"field1":"27.33","field2":"49.05","field3":"1008.77"},{"created_at":"2023-12-13T14:57:18Z","entry_id":723938,"field1":"27.33","field2":"48.98","field3":"1008.79"},{"created_at":"2023-12-13T14:57:28Z","entry_id":723939,"field1":"27.33","field2":"48.99","field3":"1008.76"},{"created_at":"2023-12-13T14:59:13Z","entry_id":723940,"field1":"27.32","field2":"48.94","field3":"1008.72"},{"created_at":"2023-12-13T15:08:43Z","entry_id":723941,"field1":"27.35","field2":"48.99","field3":"1008.79"},{"created_at":"2023-12-13T15:09:13Z","entry_id":723942,"field1":"27.34","field2":"49.06","field3":"1008.80"},{"created_at":"2023-12-13T16:07:03Z","entry_id":723943,"field1":"27.44","field2":"49.39","field3":"1009.14"},{"created_at":"2023-12-13T16:30:11Z","entry_id":723944,"field1":"27.46","field2":"49.43","field3":"1009.10"},{"created_at":"2023-12-13T16:31:26Z","entry_id":723945,"field1":"27.46","field2":"49.54","field3":"1009.11"},{"created_at":"2023-12-13T16:31:49Z","entry_id":723946,"field1":"27.46","field2":"49.48","field3":"1009.08"},{"created_at":"2023-12-13T16:32:24Z","entry_id":723947,"field1":"27.47","field2":"49.43","field3":"1009.09"},{"created_at":"2023-12-13T16:32:55Z","entry_id":723948,"field1":"27.46","field2":"49.50","field3":"1009.10"},{"created_at":"2023-12-13T16:34:09Z","entry_id":723949,"field1":"27.47","field2":"49.47","field3":"1009.11"},{"created_at":"2023-12-13T16:34:15Z","entry_id":723950,"field1":"27.47","field2":"49.48","field3":"1009.10"},{"created_at":"2023-12-13T16:34:20Z","entry_id":723951,"field1":"27.47","field2":"49.45","field3":"1009.08"},{"created_at":"2023-12-13T16:34:26Z","entry_id":723952,"field1":"27.46","field2":"49.49","field3":"1009.07"},{"created_at":"2023-12-13T16:34:52Z","entry_id":723953,"field1":"27.47","field2":"49.47","field3":"1009.10"},{"created_at":"2023-12-13T16:35:00Z","entry_id":723954,"field1":"27.47","field2":"49.48","field3":"1009.10"},{"created_at":"2023-12-13T16:35:15Z","entry_id":723955,"field1":"27.47","field2":"49.47","field3":"1009.07"},{"created_at":"2023-12-13T16:35:24Z","entry_id":723956,"field1":"27.47","field2":"49.46","field3":"1009.08"},{"created_at":"2023-12-13T16:36:14Z","entry_id":723957,"field1":"27.47","field2":"49.47","field3":"1009.06"},{"created_at":"2023-12-13T16:36:50Z","entry_id":723958,"field1":"27.47","field2":"49.46","field3":"1009.08"},{"created_at":"2023-12-13T16:38:54Z","entry_id":723959,"field1":"27.48","field2":"49.52","field3":"1009.11"},{"created_at":"2023-12-13T16:39:00Z","entry_id":723960,"field1":"27.48","field2":"49.53","field3":"1009.14"},{"created_at":"2023-12-13T16:58:09Z","entry_id":723961,"field1":"27.50","field2":"49.54","field3":"1009.02"},{"created_at":"2023-12-13T16:58:58Z","entry_id":723962,"field1":"27.50","field2":"49.57","field3":"1009.02"},{"created_at":"2023-12-13T17:00:38Z","entry_id":723963,"field1":"27.51","field2":"49.59","field3":"1008.99"},{"created_at":"2023-12-13T17:00:47Z","entry_id":723964,"field1":"27.50","field2":"49.57","field3":"1009.00"},{"created_at":"2023-12-13T17:00:58Z","entry_id":723965,"field1":"27.50","field2":"49.55","field3":"1009.01"},{"created_at":"2023-12-13T17:03:34Z","entry_id":723966,"field1":"27.51","field2":"49.53","field3":"1008.99"},{"created_at":"2023-12-13T17:03:50Z","entry_id":723967,"field1":"27.51","field2":"49.55","field3":"1008.98"},{"created_at":"2023-12-13T17:04:13Z","entry_id":723968,"field1":"27.51","field2":"49.61","field3":"1008.96"},{"created_at":"2023-12-13T17:05:44Z","entry_id":723969,"field1":"27.52","field2":"49.65","field3":"1008.97"},{"created_at":"2023-12-13T17:06:04Z","entry_id":723970,"field1":"27.51","field2":"49.63","field3":"1008.96"},{"created_at":"2023-12-13T17:14:20Z","entry_id":723971,"field1":"27.54","field2":"49.55","field3":"1008.94"},{"created_at":"2023-12-13T17:14:26Z","entry_id":723972,"field1":"27.53","field2":"49.53","field3":"1008.94"},{"created_at":"2023-12-13T17:14:34Z","entry_id":723973,"field1":"27.53","field2":"49.59","field3":"1008.92"},{"created_at":"2023-12-13T17:15:02Z","entry_id":723974,"field1":"27.53","field2":"49.58","field3":"1008.94"},{"created_at":"2023-12-13T17:15:08Z","entry_id":723975,"field1":"27.53","field2":"49.59","field3":"1008.96"},{"created_at":"2023-12-13T17:16:24Z","entry_id":723976,"field1":"27.53","field2":"49.60","field3":"1008.91"},{"created_at":"2023-12-13T17:16:41Z","entry_id":723977,"field1":"27.53","field2":"49.59","field3":"1008.93"},{"created_at":"2023-12-13T17:17:13Z","entry_id":723978,"field1":"27.53","field2":"49.62","field3":"1008.91"},{"created_at":"2023-12-13T17:17:19Z","entry_id":723979,"field1":"27.53","field2":"49.62","field3":"1008.88"},{"created_at":"2023-12-13T17:17:39Z","entry_id":723980,"field1":"27.54","field2":"49.62","field3":"1008.88"},{"created_at":"2023-12-13T17:18:14Z","entry_id":723981,"field1":"27.53","field2":"49.63","field3":"1008.89"},{"created_at":"2023-12-13T17:18:26Z","entry_id":723982,"field1":"27.54","field2":"49.64","field3":"1008.89"},{"created_at":"2023-12-13T17:18:37Z","entry_id":723983,"field1":"27.53","field2":"49.68","field3":"1008.89"},{"created_at":"2023-12-13T17:19:03Z","entry_id":723984,"field1":"27.54","field2":"49.58","field3":"1008.89"},{"created_at":"2023-12-13T17:19:19Z","entry_id":723985,"field1":"27.54","field2":"49.58","field3":"1008.85"},{"created_at":"2023-12-13T17:19:25Z","entry_id":723986,"field1":"27.54","field2":"49.59","field3":"1008.87"},{"created_at":"2023-12-13T17:22:33Z","entry_id":723987,"field1":"27.55","field2":"49.62","field3":"1008.79"},{"created_at":"2023-12-13T17:26:35Z","entry_id":723988,"field1":"27.55","field2":"49.66","field3":"1008.77"},{"created_at":"2023-12-13T17:27:03Z","entry_id":723989,"field1":"27.56","field2":"49.71","field3":"1008.76"},{"created_at":"2023-12-13T17:27:28Z","entry_id":723990,"field1":"27.55","field2":"49.69","field3":"1008.76"},{"created_at":"2023-12-13T17:29:23Z","entry_id":723991,"field1":"27.56","field2":"49.65","field3":"1008.75"},{"created_at":"2023-12-13T17:29:35Z","entry_id":723992,"field1":"27.55","field2":"49.71","field3":"1008.72"},{"created_at":"2023-12-13T17:30:13Z","entry_id":723993,"field1":"27.56","field2":"49.63","field3":"1008.71"},{"created_at":"2023-12-13T17:30:46Z","entry_id":723994,"field1":"27.56","field2":"49.69","field3":"1008.75"},{"created_at":"2023-12-13T17:32:00Z","entry_id":723995,"field1":"27.56","field2":"49.72","field3":"1008.72"},{"created_at":"2023-12-13T17:32:34Z","entry_id":723996,"field1":"27.57","field2":"49.70","field3":"1008.72"},{"created_at":"2023-12-13T17:33:00Z","entry_id":723997,"field1":"27.55","field2":"49.67","field3":"1008.68"},{"created_at":"2023-12-13T17:34:50Z","entry_id":723998,"field1":"27.57","field2":"49.66","field3":"1008.71"},{"created_at":"2023-12-13T17:35:53Z","entry_id":723999,"field1":"27.58","field2":"49.74","field3":"1008.71"},{"created_at":"2023-12-13T17:35:59Z","entry_id":724000,"field1":"27.58","field2":"49.72","field3":"1008.70"},{"created_at":"2023-12-13T17:36:20Z","entry_id":724001,"field1":"27.58","field2":"49.64","field3":"1008.75"},{"created_at":"2023-12-13T17:36:40Z","entry_id":724002,"field1":"27.58","field2":"49.73","field3":"1008.70"},{"created_at":"2023-12-13T17:38:26Z","entry_id":724003,"field1":"27.58","field2":"49.66","field3":"1008.72"},{"created_at":"2023-12-13T17:38:32Z","entry_id":724004,"field1":"27.58","field2":"49.66","field3":"1008.71"},{"created_at":"2023-12-13T17:38:44Z","entry_id":724005,"field1":"27.59","field2":"49.70","field3":"1008.70"},{"created_at":"2023-12-13T17:38:50Z","entry_id":724006,"field1":"27.58","field2":"49.69","field3":"1008.68"},{"created_at":"2023-12-13T17:39:01Z","entry_id":724007,"field1":"27.59","field2":"49.63","field3":"1008.66"},{"created_at":"2023-12-13T17:39:07Z","entry_id":724008,"field1":"27.58","field2":"49.67","field3":"1008.64"},{"created_at":"2023-12-13T17:39:19Z","entry_id":724009,"field1":"27.58","field2":"49.63","field3":"1008.67"},{"created_at":"2023-12-13T17:39:24Z","entry_id":724010,"field1":"27.59","field2":"49.60","field3":"1008.68"},{"created_at":"2023-12-13T17:39:54Z","entry_id":724011,"field1":"27.59","field2":"49.71","field3":"1008.73"},{"created_at":"2023-12-13T17:40:14Z","entry_id":724012,"field1":"27.59","field2":"49.67","field3":"1008.68"},{"created_at":"2023-12-13T17:41:22Z","entry_id":724013,"field1":"27.58","field2":"49.68","field3":"1008.64"},{"created_at":"2023-12-13T17:41:42Z","entry_id":724014,"field1":"27.58","field2":"49.64","field3":"1008.66"},{"created_at":"2023-12-13T17:41:50Z","entry_id":724015,"field1":"27.58","field2":"49.68","field3":"1008.64"},{"created_at":"2023-12-13T18:04:38Z","entry_id":724016,"field1":"27.60","field2":"49.67","field3":"1008.42"},{"created_at":"2023-12-13T18:04:45Z","entry_id":724017,"field1":"27.60","field2":"49.68","field3":"1008.40"},{"created_at":"2023-12-13T18:04:56Z","entry_id":724018,"field1":"27.60","field2":"49.69","field3":"1008.41"},{"created_at":"2023-12-13T18:05:08Z","entry_id":724019,"field1":"27.59","field2":"49.75","field3":"1008.40"},{"created_at":"2023-12-13T18:05:35Z","entry_id":724020,"field1":"27.59","field2":"49.69","field3":"1008.40"},{"created_at":"2023-12-13T18:05:51Z","entry_id":724021,"field1":"27.59","field2":"49.75","field3":"1008.40"},{"created_at":"2023-12-13T18:05:57Z","entry_id":724022,"field1":"27.59","field2":"49.78","field3":"1008.41"},{"created_at":"2023-12-13T18:06:20Z","entry_id":724023,"field1":"27.59","field2":"49.69","field3":"1008.35"},{"created_at":"2023-12-13T18:06:25Z","entry_id":724024,"field1":"27.59","field2":"49.75","field3":"1008.41"},{"created_at":"2023-12-13T18:06:31Z","entry_id":724025,"field1":"27.58","field2":"49.76","field3":"1008.38"},{"created_at":"2023-12-13T18:06:48Z","entry_id":724026,"field1":"27.59","field2":"49.68","field3":"1008.37"},{"created_at":"2023-12-13T18:07:06Z","entry_id":724027,"field1":"27.58","field2":"49.70","field3":"1008.34"},{"created_at":"2023-12-13T18:07:23Z","entry_id":724028,"field1":"27.58","field2":"49.72","field3":"1008.34"},{"created_at":"2023-12-13T18:07:38Z","entry_id":724029,"field1":"27.58","field2":"49.74","field3":"1008.38"},{"created_at":"2023-12-13T18:07:40Z","entry_id":724030,"field1":"27.58","field2":"49.70","field3":"1008.38"},{"created_at":"2023-12-13T18:07:46Z","entry_id":724031,"field1":"27.58","field2":"49.69","field3":"1008.37"},{"created_at":"2023-12-13T18:07:58Z","entry_id":724032,"field1":"27.58","field2":"49.66","field3":"1008.36"},{"created_at":"2023-12-13T18:08:03Z","entry_id":724033,"field1":"27.57","field2":"49.67","field3":"1008.32"},{"created_at":"2023-12-13T18:08:09Z","entry_id":724034,"field1":"27.58","field2":"49.70","field3":"1008.36"},{"created_at":"2023-12-13T18:08:40Z","entry_id":724035,"field1":"27.57","field2":"49.77","field3":"1008.33"},{"created_at":"2023-12-13T18:08:46Z","entry_id":724036,"field1":"27.56","field2":"49.75","field3":"1008.32"},{"created_at":"2023-12-13T18:09:24Z","entry_id":724037,"field1":"27.57","field2":"49.78","field3":"1008.33"},{"created_at":"2023-12-13T18:09:42Z","entry_id":724038,"field1":"27.57","field2":"49.76","field3":"1008.29"},{"created_at":"2023-12-13T18:09:54Z","entry_id":724039,"field1":"27.57","field2":"49.83","field3":"1008.30"},{"created_at":"2023-12-13T18:10:40Z","entry_id":724040,"field1":"27.56","field2":"49.83","field3":"1008.29"},{"created_at":"2023-12-13T18:10:51Z","entry_id":724041,"field1":"27.56","field2":"49.79","field3":"1008.28"},{"created_at":"2023-12-13T18:11:22Z","entry_id":724042,"field1":"27.56","field2":"49.83","field3":"1008.27"},{"created_at":"2023-12-13T18:11:28Z","entry_id":724043,"field1":"27.55","field2":"49.84","field3":"1008.29"},{"created_at":"2023-12-13T18:11:34Z","entry_id":724044,"field1":"27.56","field2":"49.79","field3":"1008.31"},{"created_at":"2023-12-13T18:12:13Z","entry_id":724045,"field1":"27.54","field2":"49.87","field3":"1008.24"},{"created_at":"2023-12-13T18:15:02Z","entry_id":724046,"field1":"27.50","field2":"49.86","field3":"1008.16"},{"created_at":"2023-12-13T18:15:14Z","entry_id":724047,"field1":"27.53","field2":"49.92","field3":"1008.21"},{"created_at":"2023-12-13T18:15:24Z","entry_id":724048,"field1":"27.52","field2":"49.92","field3":"1008.18"},{"created_at":"2023-12-13T18:15:57Z","entry_id":724049,"field1":"27.52","field2":"49.97","field3":"1008.21"},{"created_at":"2023-12-13T18:16:16Z","entry_id":724050,"field1":"27.52","field2":"49.83","field3":"1008.18"},{"created_at":"2023-12-13T18:17:05Z","entry_id":724051,"field1":"27.51","field2":"49.92","field3":"1008.18"},{"created_at":"2023-12-13T18:17:11Z","entry_id":724052,"field1":"27.51","field2":"49.89","field3":"1008.17"},{"created_at":"2023-12-13T18:17:17Z","entry_id":724053,"field1":"27.51","field2":"49.93","field3":"1008.16"},{"created_at":"2023-12-13T18:19:34Z","entry_id":724054,"field1":"27.50","field2":"49.97","field3":"1008.18"},{"created_at":"2023-12-13T18:19:39Z","entry_id":724055,"field1":"27.51","field2":"49.96","field3":"1008.20"},{"created_at":"2023-12-13T18:21:21Z","entry_id":724056,"field1":"27.51","field2":"50.00","field3":"1008.19"},{"created_at":"2023-12-13T18:21:43Z","entry_id":724057,"field1":"27.51","field2":"49.96","field3":"1008.18"},{"created_at":"2023-12-13T18:22:33Z","entry_id":724058,"field1":"27.51","field2":"50.05","field3":"1008.16"},{"created_at":"2023-12-13T18:39:07Z","entry_id":724059,"field1":"27.58","field2":"50.04","field3":"1008.05"},{"created_at":"2023-12-13T19:09:59Z","entry_id":724060,"field1":"27.64","field2":"50.07","field3":"1007.93"},{"created_at":"2023-12-13T19:11:04Z","entry_id":724061,"field1":"27.65","field2":"50.01","field3":"1007.94"},{"created_at":"2023-12-13T19:11:13Z","entry_id":724062,"field1":"27.65","field2":"50.08","field3":"1007.89"},{"created_at":"2023-12-13T19:13:44Z","entry_id":724063,"field1":"27.64","field2":"50.10","field3":"1007.92"},{"created_at":"2023-12-13T19:13:56Z","entry_id":724064,"field1":"27.64","field2":"50.15","field3":"1007.91"},{"created_at":"2023-12-13T19:14:05Z","entry_id":724065,"field1":"27.65","field2":"50.13","field3":"1007.93"},{"created_at":"2023-12-13T19:14:33Z","entry_id":724066,"field1":"27.65","field2":"50.15","field3":"1007.93"},{"created_at":"2023-12-13T19:16:11Z","entry_id":724067,"field1":"27.63","field2":"50.09","field3":"1007.93"},{"created_at":"2023-12-13T19:17:06Z","entry_id":724068,"field1":"27.65","field2":"50.02","field3":"1007.93"},{"created_at":"2023-12-13T19:18:44Z","entry_id":724069,"field1":"27.66","field2":"50.04","field3":"1007.88"},{"created_at":"2023-12-13T19:18:53Z","entry_id":724070,"field1":"27.66","field2":"50.06","field3":"1007.91"},{"created_at":"2023-12-13T19:18:59Z","entry_id":724071,"field1":"27.66","field2":"50.09","field3":"1007.90"},{"created_at":"2023-12-13T19:19:34Z","entry_id":724072,"field1":"27.66","field2":"50.15","field3":"1007.90"},{"created_at":"2023-12-13T19:20:05Z","entry_id":724073,"field1":"27.66","field2":"50.16","field3":"1007.92"},{"created_at":"2023-12-13T19:20:31Z","entry_id":724074,"field1":"27.66","field2":"50.04","field3":"1007.89"},{"created_at":"2023-12-13T19:21:02Z","entry_id":724075,"field1":"27.67","field2":"50.12","field3":"1007.90"},{"created_at":"2023-12-13T19:21:46Z","entry_id":724076,"field1":"27.67","field2":"50.12","field3":"1007.86"},{"created_at":"2023-12-13T19:22:21Z","entry_id":724077,"field1":"27.67","field2":"50.14","field3":"1007.87"},{"created_at":"2023-12-13T19:23:20Z","entry_id":724078,"field1":"27.67","field2":"50.08","field3":"1007.83"},{"created_at":"2023-12-13T19:33:34Z","entry_id":724079,"field1":"27.70","field2":"50.04","field3":"1007.72"},{"created_at":"2023-12-13T19:34:43Z","entry_id":724080,"field1":"27.70","field2":"50.10","field3":"1007.71"},{"created_at":"2023-12-13T19:35:10Z","entry_id":724081,"field1":"27.70","field2":"50.10","field3":"1007.68"},{"created_at":"2023-12-13T19:35:30Z","entry_id":724082,"field1":"27.69","field2":"50.12","field3":"1007.69"},{"created_at":"2023-12-13T19:35:33Z","entry_id":724083,"field1":"27.70","field2":"50.10","field3":"1007.69"},{"created_at":"2023-12-13T19:41:54Z","entry_id":724084,"field1":"27.70","field2":"50.08","field3":"1007.65"},{"created_at":"2023-12-13T19:43:12Z","entry_id":724085,"field1":"27.71","field2":"50.02","field3":"1007.64"},{"created_at":"2023-12-13T19:44:32Z","entry_id":724086,"field1":"27.71","field2":"50.14","field3":"1007.61"},{"created_at":"2023-12-13T19:45:14Z","entry_id":724087,"field1":"27.70","field2":"50.11","field3":"1007.58"},{"created_at":"2023-12-13T19:47:15Z","entry_id":724088,"field1":"27.71","field2":"50.04","field3":"1007.58"},{"created_at":"2023-12-13T19:47:34Z","entry_id":724089,"field1":"27.71","field2":"50.13","field3":"1007.58"},{"created_at":"2023-12-13T19:48:13Z","entry_id":724090,"field1":"27.71","field2":"50.11","field3":"1007.58"},{"created_at":"2023-12-13T19:48:50Z","entry_id":724091,"field1":"27.71","field2":"50.06","field3":"1007.57"},{"created_at":"2023-12-13T19:49:10Z","entry_id":724092,"field1":"27.72","field2":"50.01","field3":"1007.57"},{"created_at":"2023-12-13T19:49:51Z","entry_id":724093,"field1":"27.71","field2":"50.08","field3":"1007.56"},{"created_at":"2023-12-13T19:50:00Z","entry_id":724094,"field1":"27.71","field2":"50.04","field3":"1007.53"},{"created_at":"2023-12-13T19:50:05Z","entry_id":724095,"field1":"27.72","field2":"50.03","field3":"1007.57"},{"created_at":"2023-12-13T19:50:38Z","entry_id":724096,"field1":"27.72","field2":"50.03","field3":"1007.55"},{"created_at":"2023-12-13T19:51:30Z","entry_id":724097,"field1":"27.72","field2":"50.11","field3":"1007.53"},{"created_at":"2023-12-13T19:51:39Z","entry_id":724098,"field1":"27.72","field2":"50.12","field3":"1007.54"},{"created_at":"2023-12-13T19:53:10Z","entry_id":724099,"field1":"27.73","field2":"49.99","field3":"1007.53"},{"created_at":"2023-12-13T19:55:46Z","entry_id":724100,"field1":"27.72","field2":"50.00","field3":"1007.48"},{"created_at":"2023-12-13T19:56:05Z","entry_id":724101,"field1":"27.72","field2":"49.97","field3":"1007.49"},{"created_at":"2023-12-13T19:56:58Z","entry_id":724102,"field1":"27.73","field2":"50.07","field3":"1007.49"},{"created_at":"2023-12-13T19:57:31Z","entry_id":724103,"field1":"27.73","field2":"50.10","field3":"1007.45"},{"created_at":"2023-12-13T19:57:58Z","entry_id":724104,"field1":"27.73","field2":"50.03","field3":"1007.49"},{"created_at":"2023-12-13T19:58:10Z","entry_id":724105,"field1":"27.74","field2":"50.06","field3":"1007.49"},{"created_at":"2023-12-13T19:58:18Z","entry_id":724106,"field1":"27.74","field2":"50.08","field3":"1007.47"},{"created_at":"2023-12-13T19:58:50Z","entry_id":724107,"field1":"27.73","field2":"50.13","field3":"1007.50"},{"created_at":"2023-12-13T19:59:38Z","entry_id":724108,"field1":"27.73","field2":"50.13","field3":"1007.49"},{"created_at":"2023-12-13T20:00:34Z","entry_id":724109,"field1":"27.73","field2":"50.13","field3":"1007.46"},{"created_at":"2023-12-13T20:00:52Z","entry_id":724110,"field1":"27.74","field2":"50.14","field3":"1007.46"},{"created_at":"2023-12-13T20:01:02Z","entry_id":724111,"field1":"27.73","field2":"50.10","field3":"1007.47"},{"created_at":"2023-12-13T20:01:23Z","entry_id":724112,"field1":"27.73","field2":"50.09","field3":"1007.45"},{"created_at":"2023-12-13T20:05:46Z","entry_id":724113,"field1":"27.74","field2":"50.10","field3":"1007.46"},{"created_at":"2023-12-13T20:05:52Z","entry_id":724114,"field1":"27.74","field2":"50.07","field3":"1007.48"},{"created_at":"2023-12-13T20:06:26Z","entry_id":724115,"field1":"27.73","field2":"50.11","field3":"1007.45"},{"created_at":"2023-12-13T20:06:58Z","entry_id":724116,"field1":"27.74","field2":"50.16","field3":"1007.49"},{"created_at":"2023-12-13T20:07:59Z","entry_id":724117,"field1":"27.74","field2":"50.08","field3":"1007.46"},{"created_at":"2023-12-13T20:08:17Z","entry_id":724118,"field1":"27.74","field2":"50.14","field3":"1007.47"},{"created_at":"2023-12-13T20:08:59Z","entry_id":724119,"field1":"27.74","field2":"50.08","field3":"1007.48"},{"created_at":"2023-12-13T20:09:16Z","entry_id":724120,"field1":"27.74","field2":"50.10","field3":"1007.44"},{"created_at":"2023-12-13T20:09:41Z","entry_id":724121,"field1":"27.75","field2":"50.02","field3":"1007.47"},{"created_at":"2023-12-13T20:11:00Z","entry_id":724122,"field1":"27.75","field2":"50.03","field3":"1007.42"},{"created_at":"2023-12-13T20:11:23Z","entry_id":724123,"field1":"27.73","field2":"50.05","field3":"1007.38"},{"created_at":"2023-12-13T20:11:29Z","entry_id":724124,"field1":"27.74","field2":"50.10","field3":"1007.41"},{"created_at":"2023-12-13T20:11:34Z","entry_id":724125,"field1":"27.74","field2":"50.14","field3":"1007.43"},{"created_at":"2023-12-13T20:11:40Z","entry_id":724126,"field1":"27.75","field2":"50.14","field3":"1007.43"},{"created_at":"2023-12-13T20:11:47Z","entry_id":724127,"field1":"27.75","field2":"50.12","field3":"1007.44"},{"created_at":"2023-12-13T20:11:53Z","entry_id":724128,"field1":"27.75","field2":"50.06","field3":"1007.46"},{"created_at":"2023-12-13T20:12:07Z","entry_id":724129,"field1":"27.74","field2":"50.07","field3":"1007.38"},{"created_at":"2023-12-13T20:12:51Z","entry_id":724130,"field1":"27.75","field2":"50.18","field3":"1007.43"},{"created_at":"2023-12-13T20:13:11Z","entry_id":724131,"field1":"27.75","field2":"50.09","field3":"1007.39"},{"created_at":"2023-12-13T20:13:26Z","entry_id":724132,"field1":"27.75","field2":"50.10","field3":"1007.43"},{"created_at":"2023-12-13T20:13:46Z","entry_id":724133,"field1":"27.75","field2":"50.15","field3":"1007.41"},{"created_at":"2023-12-13T20:14:56Z","entry_id":724134,"field1":"27.76","field2":"50.10","field3":"1007.45"},{"created_at":"2023-12-13T20:16:54Z","entry_id":724135,"field1":"27.76","field2":"50.16","field3":"1007.46"},{"created_at":"2023-12-13T20:19:18Z","entry_id":724136,"field1":"27.76","field2":"50.15","field3":"1007.45"},{"created_at":"2023-12-13T20:19:55Z","entry_id":724137,"field1":"27.76","field2":"50.09","field3":"1007.46"},{"created_at":"2023-12-13T20:22:23Z","entry_id":724138,"field1":"27.77","field2":"50.18","field3":"1007.47"},{"created_at":"2023-12-13T20:22:35Z","entry_id":724139,"field1":"27.76","field2":"50.17","field3":"1007.47"},{"created_at":"2023-12-13T20:25:18Z","entry_id":724140,"field1":"27.78","field2":"50.18","field3":"1007.50"},{"created_at":"2023-12-13T20:25:29Z","entry_id":724141,"field1":"27.78","field2":"50.13","field3":"1007.52"},{"created_at":"2023-12-13T20:25:32Z","entry_id":724142,"field1":"27.77","field2":"50.12","field3":"1007.49"},{"created_at":"2023-12-13T20:26:48Z","entry_id":724143,"field1":"27.78","field2":"50.14","field3":"1007.52"},{"created_at":"2023-12-13T20:26:59Z","entry_id":724144,"field1":"27.78","field2":"50.18","field3":"1007.49"},{"created_at":"2023-12-13T20:27:14Z","entry_id":724145,"field1":"27.78","field2":"50.15","field3":"1007.51"},{"created_at":"2023-12-13T20:27:28Z","entry_id":724146,"field1":"27.78","field2":"50.20","field3":"1007.50"},{"created_at":"2023-12-13T20:27:37Z","entry_id":724147,"field1":"27.77","field2":"50.20","field3":"1007.54"},{"created_at":"2023-12-13T20:27:45Z","entry_id":724148,"field1":"27.77","field2":"50.22","field3":"1007.51"},{"created_at":"2023-12-13T20:28:07Z","entry_id":724149,"field1":"27.78","field2":"50.14","field3":"1007.51"},{"created_at":"2023-12-13T20:28:38Z","entry_id":724150,"field1":"27.78","field2":"50.10","field3":"1007.53"},{"created_at":"2023-12-13T20:28:57Z","entry_id":724151,"field1":"27.78","field2":"50.11","field3":"1007.55"},{"created_at":"2023-12-13T20:29:03Z","entry_id":724152,"field1":"27.78","field2":"50.12","field3":"1007.56"},{"created_at":"2023-12-13T20:29:33Z","entry_id":724153,"field1":"27.78","field2":"50.12","field3":"1007.59"},{"created_at":"2023-12-13T20:31:51Z","entry_id":724154,"field1":"27.78","field2":"50.19","field3":"1007.57"},{"created_at":"2023-12-13T20:35:00Z","entry_id":724155,"field1":"27.79","field2":"50.17","field3":"1007.57"},{"created_at":"2023-12-13T20:35:20Z","entry_id":724156,"field1":"27.79","field2":"50.12","field3":"1007.57"},{"created_at":"2023-12-13T20:39:22Z","entry_id":724157,"field1":"27.79","field2":"50.17","field3":"1007.58"},{"created_at":"2023-12-13T20:40:06Z","entry_id":724158,"field1":"27.79","field2":"50.12","field3":"1007.60"},{"created_at":"2023-12-13T20:40:52Z","entry_id":724159,"field1":"27.79","field2":"50.11","field3":"1007.61"},{"created_at":"2023-12-13T20:45:31Z","entry_id":724160,"field1":"27.79","field2":"50.16","field3":"1007.65"},{"created_at":"2023-12-13T20:45:59Z","entry_id":724161,"field1":"27.79","field2":"50.17","field3":"1007.64"},{"created_at":"2023-12-13T20:46:16Z","entry_id":724162,"field1":"27.79","field2":"50.21","field3":"1007.61"},{"created_at":"2023-12-13T21:03:05Z","entry_id":724163,"field1":"27.80","field2":"50.23","field3":"1007.73"},{"created_at":"2023-12-13T21:06:27Z","entry_id":724164,"field1":"27.80","field2":"50.20","field3":"1007.68"},{"created_at":"2023-12-13T21:06:36Z","entry_id":724165,"field1":"27.80","field2":"50.19","field3":"1007.71"},{"created_at":"2023-12-13T21:07:36Z","entry_id":724166,"field1":"27.80","field2":"50.19","field3":"1007.74"},{"created_at":"2023-12-13T21:08:01Z","entry_id":724167,"field1":"27.80","field2":"50.19","field3":"1007.72"},{"created_at":"2023-12-13T21:08:13Z","entry_id":724168,"field1":"27.80","field2":"50.23","field3":"1007.73"},{"created_at":"2023-12-13T21:08:19Z","entry_id":724169,"field1":"27.80","field2":"50.25","field3":"1007.70"},{"created_at":"2023-12-13T21:08:28Z","entry_id":724170,"field1":"27.80","field2":"50.26","field3":"1007.72"},{"created_at":"2023-12-13T21:08:48Z","entry_id":724171,"field1":"27.80","field2":"50.26","field3":"1007.73"},{"created_at":"2023-12-13T21:09:27Z","entry_id":724172,"field1":"27.80","field2":"50.18","field3":"1007.71"},{"created_at":"2023-12-13T21:09:33Z","entry_id":724173,"field1":"27.80","field2":"50.19","field3":"1007.70"},{"created_at":"2023-12-13T21:09:41Z","entry_id":724174,"field1":"27.80","field2":"50.23","field3":"1007.70"},{"created_at":"2023-12-13T21:09:51Z","entry_id":724175,"field1":"27.81","field2":"50.25","field3":"1007.73"},{"created_at":"2023-12-13T21:10:26Z","entry_id":724176,"field1":"27.81","field2":"50.29","field3":"1007.69"},{"created_at":"2023-12-13T21:10:43Z","entry_id":724177,"field1":"27.79","field2":"50.26","field3":"1007.68"},{"created_at":"2023-12-13T21:10:52Z","entry_id":724178,"field1":"27.81","field2":"50.21","field3":"1007.68"},{"created_at":"2023-12-13T21:10:57Z","entry_id":724179,"field1":"27.81","field2":"50.21","field3":"1007.71"},{"created_at":"2023-12-13T21:11:49Z","entry_id":724180,"field1":"27.81","field2":"50.17","field3":"1007.70"},{"created_at":"2023-12-13T21:12:00Z","entry_id":724181,"field1":"27.81","field2":"50.18","field3":"1007.67"},{"created_at":"2023-12-13T21:12:06Z","entry_id":724182,"field1":"27.81","field2":"50.24","field3":"1007.63"},{"created_at":"2023-12-13T21:13:44Z","entry_id":724183,"field1":"27.81","field2":"50.25","field3":"1007.66"},{"created_at":"2023-12-13T21:13:50Z","entry_id":724184,"field1":"27.81","field2":"50.25","field3":"1007.66"},{"created_at":"2023-12-13T21:14:13Z","entry_id":724185,"field1":"27.81","field2":"50.23","field3":"1007.62"},{"created_at":"2023-12-13T21:14:34Z","entry_id":724186,"field1":"27.81","field2":"50.16","field3":"1007.65"},{"created_at":"2023-12-13T21:14:40Z","entry_id":724187,"field1":"27.81","field2":"50.18","field3":"1007.65"},{"created_at":"2023-12-13T21:14:57Z","entry_id":724188,"field1":"27.81","field2":"50.23","field3":"1007.67"},{"created_at":"2023-12-13T21:15:09Z","entry_id":724189,"field1":"27.81","field2":"50.19","field3":"1007.65"},{"created_at":"2023-12-13T21:15:23Z","entry_id":724190,"field1":"27.81","field2":"50.24","field3":"1007.64"},{"created_at":"2023-12-13T21:15:35Z","entry_id":724191,"field1":"27.81","field2":"50.24","field3":"1007.66"},{"created_at":"2023-12-13T21:15:41Z","entry_id":724192,"field1":"27.81","field2":"50.27","field3":"1007.63"},{"created_at":"2023-12-13T21:16:06Z","entry_id":724193,"field1":"27.81","field2":"50.23","field3":"1007.66"},{"created_at":"2023-12-13T21:16:29Z","entry_id":724194,"field1":"27.81","field2":"50.25","field3":"1007.64"},{"created_at":"2023-12-13T21:16:48Z","entry_id":724195,"field1":"27.81","field2":"50.23","field3":"1007.66"},{"created_at":"2023-12-13T21:16:57Z","entry_id":724196,"field1":"27.82","field2":"50.24","field3":"1007.66"},{"created_at":"2023-12-13T21:17:08Z","entry_id":724197,"field1":"27.82","field2":"50.29","field3":"1007.67"},{"created_at":"2023-12-13T21:17:30Z","entry_id":724198,"field1":"27.81","field2":"50.23","field3":"1007.63"},{"created_at":"2023-12-13T21:17:38Z","entry_id":724199,"field1":"27.82","field2":"50.29","field3":"1007.64"},{"created_at":"2023-12-13T21:18:03Z","entry_id":724200,"field1":"27.82","field2":"50.29","field3":"1007.66"},{"created_at":"2023-12-13T21:18:11Z","entry_id":724201,"field1":"27.82","field2":"50.27","field3":"1007.64"},{"created_at":"2023-12-13T21:18:58Z","entry_id":724202,"field1":"27.82","field2":"50.22","field3":"1007.68"},{"created_at":"2023-12-13T21:19:12Z","entry_id":724203,"field1":"27.82","field2":"50.22","field3":"1007.69"},{"created_at":"2023-12-13T21:19:20Z","entry_id":724204,"field1":"27.82","field2":"50.24","field3":"1007.68"},{"created_at":"2023-12-13T21:19:28Z","entry_id":724205,"field1":"27.82","field2":"50.25","field3":"1007.67"},{"created_at":"2023-12-13T21:22:12Z","entry_id":724206,"field1":"27.82","field2":"50.26","field3":"1007.68"},{"created_at":"2023-12-13T21:22:26Z","entry_id":724207,"field1":"27.83","field2":"50.30","field3":"1007.69"},{"created_at":"2023-12-13T21:23:01Z","entry_id":724208,"field1":"27.83","field2":"50.20","field3":"1007.69"},{"created_at":"2023-12-13T21:24:05Z","entry_id":724209,"field1":"27.82","field2":"50.19","field3":"1007.67"},{"created_at":"2023-12-13T21:25:14Z","entry_id":724210,"field1":"27.82","field2":"50.25","field3":"1007.69"},{"created_at":"2023-12-13T21:25:25Z","entry_id":724211,"field1":"27.82","field2":"50.25","field3":"1007.67"},{"created_at":"2023-12-13T21:26:15Z","entry_id":724212,"field1":"27.82","field2":"50.26","field3":"1007.71"},{"created_at":"2023-12-13T21:26:41Z","entry_id":724213,"field1":"27.82","field2":"50.27","field3":"1007.68"},{"created_at":"2023-12-13T21:26:55Z","entry_id":724214,"field1":"27.83","field2":"50.26","field3":"1007.67"},{"created_at":"2023-12-13T21:27:01Z","entry_id":724215,"field1":"27.82","field2":"50.24","field3":"1007.68"},{"created_at":"2023-12-13T21:27:07Z","entry_id":724216,"field1":"27.83","field2":"50.23","field3":"1007.69"},{"created_at":"2023-12-13T21:27:51Z","entry_id":724217,"field1":"27.83","field2":"50.12","field3":"1007.68"},{"created_at":"2023-12-13T21:27:56Z","entry_id":724218,"field1":"27.82","field2":"50.15","field3":"1007.69"},{"created_at":"2023-12-13T21:28:00Z","entry_id":724219,"field1":"27.82","field2":"50.13","field3":"1007.65"},{"created_at":"2023-12-13T21:28:08Z","entry_id":724220,"field1":"27.82","field2":"50.19","field3":"1007.69"},{"created_at":"2023-12-13T21:28:32Z","entry_id":724221,"field1":"27.83","field2":"50.20","field3":"1007.66"},{"created_at":"2023-12-13T21:29:04Z","entry_id":724222,"field1":"27.83","field2":"50.20","field3":"1007.71"},{"created_at":"2023-12-13T21:29:46Z","entry_id":724223,"field1":"27.83","field2":"50.18","field3":"1007.69"},{"created_at":"2023-12-13T21:30:02Z","entry_id":724224,"field1":"27.82","field2":"50.22","field3":"1007.67"},{"created_at":"2023-12-13T21:30:26Z","entry_id":724225,"field1":"27.83","field2":"50.25","field3":"1007.65"},{"created_at":"2023-12-13T21:30:34Z","entry_id":724226,"field1":"27.82","field2":"50.25","field3":"1007.66"},{"created_at":"2023-12-13T21:30:45Z","entry_id":724227,"field1":"27.82","field2":"50.25","field3":"1007.66"},{"created_at":"2023-12-13T21:30:48Z","entry_id":724228,"field1":"27.82","field2":"50.23","field3":"1007.66"},{"created_at":"2023-12-13T21:30:57Z","entry_id":724229,"field1":"27.83","field2":"50.22","field3":"1007.64"},{"created_at":"2023-12-13T21:31:09Z","entry_id":724230,"field1":"27.83","field2":"50.21","field3":"1007.66"},{"created_at":"2023-12-13T21:31:29Z","entry_id":724231,"field1":"27.83","field2":"50.26","field3":"1007.65"},{"created_at":"2023-12-13T21:32:42Z","entry_id":724232,"field1":"27.83","field2":"50.24","field3":"1007.66"},{"created_at":"2023-12-13T21:33:38Z","entry_id":724233,"field1":"27.83","field2":"50.22","field3":"1007.69"},{"created_at":"2023-12-13T21:34:04Z","entry_id":724234,"field1":"27.83","field2":"50.22","field3":"1007.65"},{"created_at":"2023-12-13T21:34:20Z","entry_id":724235,"field1":"27.83","field2":"50.19","field3":"1007.69"},{"created_at":"2023-12-13T21:34:36Z","entry_id":724236,"field1":"27.82","field2":"50.23","field3":"1007.67"},{"created_at":"2023-12-13T21:35:23Z","entry_id":724237,"field1":"27.84","field2":"50.22","field3":"1007.66"},{"created_at":"2023-12-13T21:36:44Z","entry_id":724238,"field1":"27.84","field2":"50.22","field3":"1007.68"},{"created_at":"2023-12-13T21:37:14Z","entry_id":724239,"field1":"27.84","field2":"50.21","field3":"1007.71"},{"created_at":"2023-12-13T21:37:17Z","entry_id":724240,"field1":"27.84","field2":"50.23","field3":"1007.71"},{"created_at":"2023-12-13T21:37:29Z","entry_id":724241,"field1":"27.84","field2":"50.25","field3":"1007.68"},{"created_at":"2023-12-13T21:37:34Z","entry_id":724242,"field1":"27.84","field2":"50.24","field3":"1007.71"},{"created_at":"2023-12-13T21:37:40Z","entry_id":724243,"field1":"27.84","field2":"50.24","field3":"1007.67"},{"created_at":"2023-12-13T21:37:57Z","entry_id":724244,"field1":"27.84","field2":"50.29","field3":"1007.72"},{"created_at":"2023-12-13T21:38:23Z","entry_id":724245,"field1":"27.84","field2":"50.23","field3":"1007.71"},{"created_at":"2023-12-13T21:38:43Z","entry_id":724246,"field1":"27.84","field2":"50.20","field3":"1007.72"},{"created_at":"2023-12-13T21:39:06Z","entry_id":724247,"field1":"27.84","field2":"50.24","field3":"1007.70"},{"created_at":"2023-12-13T21:40:36Z","entry_id":724248,"field1":"27.84","field2":"50.19","field3":"1007.70"},{"created_at":"2023-12-13T21:40:50Z","entry_id":724249,"field1":"27.84","field2":"50.18","field3":"1007.72"},{"created_at":"2023-12-13T21:41:40Z","entry_id":724250,"field1":"27.84","field2":"50.18","field3":"1007.70"},{"created_at":"2023-12-13T21:42:28Z","entry_id":724251,"field1":"27.84","field2":"50.21","field3":"1007.70"},{"created_at":"2023-12-13T21:43:05Z","entry_id":724252,"field1":"27.84","field2":"50.23","field3":"1007.71"},{"created_at":"2023-12-13T21:43:30Z","entry_id":724253,"field1":"27.84","field2":"50.25","field3":"1007.69"},{"created_at":"2023-12-13T21:44:07Z","entry_id":724254,"field1":"27.84","field2":"50.17","field3":"1007.67"},{"created_at":"2023-12-13T21:44:25Z","entry_id":724255,"field1":"27.83","field2":"50.19","field3":"1007.68"},{"created_at":"2023-12-13T21:44:42Z","entry_id":724256,"field1":"27.84","field2":"50.24","field3":"1007.72"},{"created_at":"2023-12-13T21:44:58Z","entry_id":724257,"field1":"27.84","field2":"50.22","field3":"1007.71"},{"created_at":"2023-12-13T21:45:27Z","entry_id":724258,"field1":"27.84","field2":"50.23","field3":"1007.74"},{"created_at":"2023-12-13T21:46:09Z","entry_id":724259,"field1":"27.84","field2":"50.28","field3":"1007.70"},{"created_at":"2023-12-13T21:46:15Z","entry_id":724260,"field1":"27.84","field2":"50.25","field3":"1007.69"},{"created_at":"2023-12-13T21:46:44Z","entry_id":724261,"field1":"27.85","field2":"50.23","field3":"1007.72"},{"created_at":"2023-12-13T21:47:00Z","entry_id":724262,"field1":"27.84","field2":"50.19","field3":"1007.73"},{"created_at":"2023-12-13T21:47:47Z","entry_id":724263,"field1":"27.83","field2":"50.22","field3":"1007.72"},{"created_at":"2023-12-13T21:47:55Z","entry_id":724264,"field1":"27.83","field2":"50.26","field3":"1007.72"},{"created_at":"2023-12-13T21:48:13Z","entry_id":724265,"field1":"27.83","field2":"50.28","field3":"1007.74"},{"created_at":"2023-12-13T21:48:24Z","entry_id":724266,"field1":"27.83","field2":"50.32","field3":"1007.72"},{"created_at":"2023-12-13T21:48:33Z","entry_id":724267,"field1":"27.83","field2":"50.31","field3":"1007.69"},{"created_at":"2023-12-13T21:48:38Z","entry_id":724268,"field1":"27.83","field2":"50.30","field3":"1007.70"},{"created_at":"2023-12-13T21:48:44Z","entry_id":724269,"field1":"27.83","field2":"50.28","field3":"1007.72"},{"created_at":"2023-12-13T21:48:53Z","entry_id":724270,"field1":"27.83","field2":"50.24","field3":"1007.72"},{"created_at":"2023-12-13T21:48:56Z","entry_id":724271,"field1":"27.83","field2":"50.22","field3":"1007.72"},{"created_at":"2023-12-13T21:49:07Z","entry_id":724272,"field1":"27.83","field2":"50.26","field3":"1007.71"},{"created_at":"2023-12-13T21:49:20Z","entry_id":724273,"field1":"27.82","field2":"50.26","field3":"1007.68"},{"created_at":"2023-12-13T21:49:46Z","entry_id":724274,"field1":"27.83","field2":"50.26","field3":"1007.70"},{"created_at":"2023-12-13T21:50:09Z","entry_id":724275,"field1":"27.83","field2":"50.28","field3":"1007.72"},{"created_at":"2023-12-13T21:50:57Z","entry_id":724276,"field1":"27.82","field2":"50.27","field3":"1007.70"},{"created_at":"2023-12-13T21:51:03Z","entry_id":724277,"field1":"27.82","field2":"50.26","field3":"1007.72"},{"created_at":"2023-12-13T21:51:09Z","entry_id":724278,"field1":"27.83","field2":"50.26","field3":"1007.70"},{"created_at":"2023-12-13T21:51:48Z","entry_id":724279,"field1":"27.81","field2":"50.29","field3":"1007.69"},{"created_at":"2023-12-13T22:17:33Z","entry_id":724280,"field1":"27.70","field2":"50.69","field3":"1007.82"},{"created_at":"2023-12-13T22:18:00Z","entry_id":724281,"field1":"27.70","field2":"50.64","field3":"1007.82"},{"created_at":"2023-12-13T22:18:42Z","entry_id":724282,"field1":"27.69","field2":"50.64","field3":"1007.85"},{"created_at":"2023-12-13T22:18:56Z","entry_id":724283,"field1":"27.69","field2":"50.72","field3":"1007.86"},{"created_at":"2023-12-13T22:19:18Z","entry_id":724284,"field1":"27.69","field2":"50.76","field3":"1007.86"},{"created_at":"2023-12-13T22:19:24Z","entry_id":724285,"field1":"27.69","field2":"50.77","field3":"1007.84"},{"created_at":"2023-12-13T22:20:09Z","entry_id":724286,"field1":"27.69","field2":"50.78","field3":"1007.86"},{"created_at":"2023-12-13T22:20:15Z","entry_id":724287,"field1":"27.67","field2":"50.73","field3":"1007.86"},{"created_at":"2023-12-13T22:20:20Z","entry_id":724288,"field1":"27.69","field2":"50.72","field3":"1007.85"},{"created_at":"2023-12-13T22:20:32Z","entry_id":724289,"field1":"27.68","field2":"50.73","field3":"1007.86"},{"created_at":"2023-12-13T22:20:38Z","entry_id":724290,"field1":"27.69","field2":"50.72","field3":"1007.87"},{"created_at":"2023-12-13T22:20:43Z","entry_id":724291,"field1":"27.69","field2":"50.74","field3":"1007.86"},{"created_at":"2023-12-13T22:20:58Z","entry_id":724292,"field1":"27.68","field2":"50.69","field3":"1007.88"},{"created_at":"2023-12-13T22:21:12Z","entry_id":724293,"field1":"27.67","field2":"50.66","field3":"1007.81"},{"created_at":"2023-12-13T22:21:32Z","entry_id":724294,"field1":"27.69","field2":"50.75","field3":"1007.90"},{"created_at":"2023-12-13T22:21:38Z","entry_id":724295,"field1":"27.68","field2":"50.76","field3":"1007.89"},{"created_at":"2023-12-13T22:21:43Z","entry_id":724296,"field1":"27.68","field2":"50.78","field3":"1007.86"},{"created_at":"2023-12-13T22:21:55Z","entry_id":724297,"field1":"27.68","field2":"50.80","field3":"1007.86"},{"created_at":"2023-12-13T22:22:10Z","entry_id":724298,"field1":"27.69","field2":"50.78","field3":"1007.88"},{"created_at":"2023-12-13T22:22:15Z","entry_id":724299,"field1":"27.68","field2":"50.77","field3":"1007.88"},{"created_at":"2023-12-13T22:22:27Z","entry_id":724300,"field1":"27.69","field2":"50.69","field3":"1007.84"},{"created_at":"2023-12-13T22:22:56Z","entry_id":724301,"field1":"27.68","field2":"50.71","field3":"1007.85"},{"created_at":"2023-12-13T22:23:04Z","entry_id":724302,"field1":"27.68","field2":"50.73","field3":"1007.85"},{"created_at":"2023-12-13T22:23:10Z","entry_id":724303,"field1":"27.68","field2":"50.78","field3":"1007.89"},{"created_at":"2023-12-13T22:23:16Z","entry_id":724304,"field1":"27.68","field2":"50.82","field3":"1007.86"},{"created_at":"2023-12-13T22:23:27Z","entry_id":724305,"field1":"27.69","field2":"50.82","field3":"1007.86"},{"created_at":"2023-12-13T22:23:47Z","entry_id":724306,"field1":"27.68","field2":"50.80","field3":"1007.86"},{"created_at":"2023-12-13T22:23:50Z","entry_id":724307,"field1":"27.68","field2":"50.77","field3":"1007.89"},{"created_at":"2023-12-13T22:23:59Z","entry_id":724308,"field1":"27.69","field2":"50.77","field3":"1007.85"},{"created_at":"2023-12-13T22:24:05Z","entry_id":724309,"field1":"27.69","field2":"50.76","field3":"1007.87"},{"created_at":"2023-12-13T22:24:16Z","entry_id":724310,"field1":"27.68","field2":"50.78","field3":"1007.90"},{"created_at":"2023-12-13T22:24:42Z","entry_id":724311,"field1":"27.68","field2":"50.77","field3":"1007.87"},{"created_at":"2023-12-13T22:25:01Z","entry_id":724312,"field1":"27.69","field2":"50.77","field3":"1007.89"},{"created_at":"2023-12-13T22:25:10Z","entry_id":724313,"field1":"27.68","field2":"50.83","field3":"1007.86"},{"created_at":"2023-12-13T22:26:45Z","entry_id":724314,"field1":"27.69","field2":"50.81","field3":"1007.88"}}]}