{"channel":{"id":2245283,"name":"Lokasi-6","latitude":"0.0","longitude":"0.0","field1":"temp","field2":"hum","field3":"pressure",{"created_at":"2023-12-11T12:06:01Z","entry_id":723141,"field1":"26.94","field2":"50.79","field3":"1006.34"},{"created_at":"2023-12-11T12:08:11Z","entry_id":723142,"field1":"26.95","field2":"50.78","field3":"1006.46"},{"created_at":"2023-12-11T12:10:40Z","entry_id":723143,"field1":"26.95","field2":"50.79","field3":"1006.52"},{"created_at":"2023-12-11T12:11:14Z","entry_id":723144,"field1":"26.94","field2":"50.81","field3":"1006.54"},{"created_at":"2023-12-11T12:12:08Z","entry_id":723145,"field1":"26.94","field2":"50.80","field3":"1006.53"},{"created_at":"2023-12-11T12:12:22Z","entry_id":723146,"field1":"26.94","field2":"50.83","field3":"1006.53"},{"created_at":"2023-12-11T12:12:45Z","entry_id":723147,"field1":"26.94","field2":"50.80","field3":"1006.51"},{"created_at":"2023-12-11T12:13:33Z","entry_id":723148,"field1":"26.93","field2":"50.75","field3":"1006.51"},{"created_at":"2023-12-11T12:13:45Z","entry_id":723149,"field1":"26.93","field2":"50.81","field3":"1006.50"},{"created_at":"2023-12-11T12:16:45Z","entry_id":723150,"field1":"26.91","field2":"50.80","field3":"1006.40"},{"created_at":"2023-12-11T12:17:45Z","entry_id":723151,"field1":"26.91","field2":"50.93","field3":"1006.37"},{"created_at":"2023-12-11T12:19:38Z","entry_id":723152,"field1":"26.89","field2":"50.92","field3":"1006.24"},{"created_at":"2023-12-11T12:22:19Z","entry_id":723153,"field1":"26.88","field2":"50.92","field3":"1006.19"},{"created_at":"2023-12-11T12:22:52Z","entry_id":723154,"field1":"26.87","field2":"50.93","field3":"1006.21"},{"created_at":"2023-12-11T12:24:56Z","entry_id":723155,"field1":"26.86","field2":"50.96","field3":"1006.27"},{"created_at":"2023-12-11T12:28:49Z","entry_id":723156,"field1":"26.84","field2":"51.07","field3":"1006.47"},{"created_at":"2023-12-11T12:29:41Z","entry_id":723157,"field1":"26.84","field2":"51.04","field3":"1006.52"},{"created_at":"2023-12-11T12:31:47Z","entry_id":723158,"field1":"26.83","field2":"51.16","field3":"1006.65"},{"created_at":"2023-12-11T12:34:42Z","entry_id":723159,"field1":"26.82","field2":"51.27","field3":"1006.73"},{"created_at":"2023-12-11T12:35:35Z","entry_id":723160,"field1":"26.81","field2":"51.25","field3":"1006.76"},{"created_at":"2023-12-11T12:41:35Z","entry_id":723161,"field1":"26.87","field2":"51.37","field3":"1006.84"},{"created_at":"2023-12-11T12:41:49Z","entry_id":723162,"field1":"26.87","field2":"51.25","field3":"1006.83"},{"created_at":"2023-12-11T12:43:21Z","entry_id":723163,"field1":"26.88","field2":"51.33","field3":"1006.82"},{"created_at":"2023-12-11T13:25:42Z","entry_id":723164,"field1":"27.10","field2":"51.18","field3":"1007.46"},{"created_at":"2023-12-11T13:25:46Z","entry_id":723165,"field1":"27.10","field2":"51.14","field3":"1007.40"},{"created_at":"2023-12-11T13:26:21Z","entry_id":723166,"field1":"27.09","field2":"51.10","field3":"1007.46"},{"created_at":"2023-12-11T13:26:24Z","entry_id":723167,"field1":"27.09","field2":"51.16","field3":"1007.44"},{"created_at":"2023-12-11T13:26:40Z","entry_id":723168,"field1":"27.09","field2":"51.18","field3":"1007.46"},{"created_at":"2023-12-11T13:27:52Z","entry_id":723169,"field1":"27.08","field2":"51.13","field3":"1007.40"},{"created_at":"2023-12-11T13:28:24Z","entry_id":723170,"field1":"27.08","field2":"51.23","field3":"1007.45"},{"created_at":"2023-12-11T13:29:03Z","entry_id":723171,"field1":"27.07","field2":"51.32","field3":"1007.42"},{"created_at":"2023-12-11T13:30:22Z","entry_id":723172,"field1":"27.06","field2":"51.27","field3":"1007.43"},{"created_at":"2023-12-11T13:34:02Z","entry_id":723173,"field1":"27.05","field2":"51.49","field3":"1007.45"},{"created_at":"2023-12-11T13:34:08Z","entry_id":723174,"field1":"27.05","field2":"51.49","field3":"1007.42"},{"created_at":"2023-12-11T13:34:33Z","entry_id":723175,"field1":"27.05","field2":"51.43","field3":"1007.46"},{"created_at":"2023-12-11T13:35:29Z","entry_id":723176,"field1":"27.05","field2":"51.60","field3":"1007.42"},{"created_at":"2023-12-11T13:39:03Z","entry_id":723177,"field1":"27.07","field2":"51.46","field3":"1007.43"},{"created_at":"2023-12-11T13:39:40Z","entry_id":723178,"field1":"27.06","field2":"51.37","field3":"1007.42"},{"created_at":"2023-12-11T13:52:27Z","entry_id":723179,"field1":"27.04","field2":"51.57","field3":"1007.58"},{"created_at":"2023-12-11T13:52:49Z","entry_id":723180,"field1":"27.05","field2":"51.61","field3":"1007.61"},{"created_at":"2023-12-11T13:53:45Z","entry_id":723181,"field1":"27.03","field2":"51.62","field3":"1007.61"},{"created_at":"2023-12-11T13:54:33Z","entry_id":723182,"field1":"27.04","field2":"51.71","field3":"1007.66"},{"created_at":"2023-12-11T13:56:17Z","entry_id":723183,"field1":"27.04","field2":"51.69","field3":"1007.63"},{"created_at":"2023-12-11T13:58:21Z","entry_id":723184,"field1":"27.03","field2":"51.68","field3":"1007.66"},{"created_at":"2023-12-11T13:59:45Z","entry_id":723185,"field1":"27.03","field2":"51.80","field3":"1007.69"},{"created_at":"2023-12-11T14:00:27Z","entry_id":723186,"field1":"27.04","field2":"51.81","field3":"1007.69"},{"created_at":"2023-12-11T14:01:25Z","entry_id":723187,"field1":"27.04","field2":"51.76","field3":"1007.74"},{"created_at":"2023-12-11T14:02:21Z","entry_id":723188,"field1":"27.05","field2":"51.86","field3":"1007.72"},{"created_at":"2023-12-11T14:02:44Z","entry_id":723189,"field1":"27.05","field2":"51.84","field3":"1007.71"},{"created_at":"2023-12-11T14:05:12Z","entry_id":723190,"field1":"27.05","field2":"51.73","field3":"1007.71"},{"created_at":"2023-12-11T14:05:58Z","entry_id":723191,"field1":"27.06","field2":"51.81","field3":"1007.72"},{"created_at":"2023-12-11T14:07:12Z","entry_id":723192,"field1":"27.06","field2":"51.75","field3":"1007.71"},{"created_at":"2023-12-11T14:10:19Z","entry_id":723193,"field1":"27.08","field2":"51.78","field3":"1007.73"},{"created_at":"2023-12-11T14:10:34Z","entry_id":723194,"field1":"27.08","field2":"51.80","field3":"1007.74"},{"created_at":"2023-12-11T14:10:48Z","entry_id":723195,"field1":"27.08","field2":"51.78","field3":"1007.71"},{"created_at":"2023-12-11T14:11:26Z","entry_id":723196,"field1":"27.09","field2":"51.80","field3":"1007.71"},{"created_at":"2023-12-11T14:11:32Z","entry_id":723197,"field1":"27.08","field2":"51.76","field3":"1007.71"},{"created_at":"2023-12-11T14:13:53Z","entry_id":723198,"field1":"27.11","field2":"51.82","field3":"1007.70"},{"created_at":"2023-12-11T14:14:01Z","entry_id":723199,"field1":"27.11","field2":"51.81","field3":"1007.71"},{"created_at":"2023-12-11T14:14:56Z","entry_id":723200,"field1":"27.12","field2":"51.83","field3":"1007.71"},{"created_at":"2023-12-11T14:15:04Z","entry_id":723201,"field1":"27.12","field2":"51.74","field3":"1007.71"},{"created_at":"2023-12-11T14:15:13Z","entry_id":723202,"field1":"27.12","field2":"51.74","field3":"1007.70"},{"created_at":"2023-12-11T14:15:47Z","entry_id":723203,"field1":"27.13","field2":"51.74","field3":"1007.72"},{"created_at":"2023-12-11T14:16:04Z","entry_id":723204,"field1":"27.13","field2":"51.74","field3":"1007.74"},{"created_at":"2023-12-11T14:16:18Z","entry_id":723205,"field1":"27.13","field2":"51.76","field3":"1007.70"},{"created_at":"2023-12-11T14:16:56Z","entry_id":723206,"field1":"27.14","field2":"51.75","field3":"1007.72"},{"created_at":"2023-12-11T14:17:24Z","entry_id":723207,"field1":"27.14","field2":"51.77","field3":"1007.73"},{"created_at":"2023-12-11T14:17:40Z","entry_id":723208,"field1":"27.14","field2":"51.74","field3":"1007.73"},{"created_at":"2023-12-11T14:17:50Z","entry_id":723209,"field1":"27.14","field2":"51.74","field3":"1007.72"},{"created_at":"2023-12-11T14:18:55Z","entry_id":723210,"field1":"27.15","field2":"51.81","field3":"1007.73"},{"created_at":"2023-12-11T14:19:18Z","entry_id":723211,"field1":"27.15","field2":"51.79","field3":"1007.75"},{"created_at":"2023-12-11T14:19:37Z","entry_id":723212,"field1":"27.15","field2":"51.78","field3":"1007.73"},{"created_at":"2023-12-11T14:19:55Z","entry_id":723213,"field1":"27.15","field2":"51.78","field3":"1007.76"},{"created_at":"2023-12-11T14:21:33Z","entry_id":723214,"field1":"27.17","field2":"51.80","field3":"1007.75"},{"created_at":"2023-12-11T14:22:00Z","entry_id":723215,"field1":"27.16","field2":"51.78","field3":"1007.74"},{"created_at":"2023-12-11T14:22:21Z","entry_id":723216,"field1":"27.17","field2":"51.75","field3":"1007.76"},{"created_at":"2023-12-11T14:23:08Z","entry_id":723217,"field1":"27.18","field2":"51.75","field3":"1007.74"},{"created_at":"2023-12-11T14:23:22Z","entry_id":723218,"field1":"27.19","field2":"51.75","field3":"1007.78"},{"created_at":"2023-12-11T14:24:37Z","entry_id":723219,"field1":"27.17","field2":"51.75","field3":"1007.75"},{"created_at":"2023-12-11T14:24:51Z","entry_id":723220,"field1":"27.19","field2":"51.77","field3":"1007.78"},{"created_at":"2023-12-11T14:25:21Z","entry_id":723221,"field1":"27.19","field2":"51.77","field3":"1007.78"},{"created_at":"2023-12-11T14:25:38Z","entry_id":723222,"field1":"27.20","field2":"51.72","field3":"1007.77"},{"created_at":"2023-12-11T14:25:55Z","entry_id":723223,"field1":"27.19","field2":"51.75","field3":"1007.76"},{"created_at":"2023-12-11T14:26:04Z","entry_id":723224,"field1":"27.20","field2":"51.77","field3":"1007.76"},{"created_at":"2023-12-11T14:26:47Z","entry_id":723225,"field1":"27.20","field2":"51.78","field3":"1007.76"},{"created_at":"2023-12-11T14:26:53Z","entry_id":723226,"field1":"27.20","field2":"51.78","field3":"1007.75"},{"created_at":"2023-12-11T14:27:16Z","entry_id":723227,"field1":"27.21","field2":"51.76","field3":"1007.77"},{"created_at":"2023-12-11T14:29:09Z","entry_id":723228,"field1":"27.21","field2":"51.74","field3":"1007.76"},{"created_at":"2023-12-11T14:29:20Z","entry_id":723229,"field1":"27.21","field2":"51.70","field3":"1007.74"},{"created_at":"2023-12-11T14:30:13Z","entry_id":723230,"field1":"27.22","field2":"51.73","field3":"1007.72"},{"created_at":"2023-12-11T14:30:34Z","entry_id":723231,"field1":"27.22","field2":"51.67","field3":"1007.71"},{"created_at":"2023-12-11T14:30:49Z","entry_id":723232,"field1":"27.21","field2":"51.71","field3":"1007.68"},{"created_at":"2023-12-11T15:00:22Z","entry_id":723233,"field1":"27.30","field2":"51.63","field3":"1007.79"},{"created_at":"2023-12-11T15:00:27Z","entry_id":723234,"field1":"27.30","field2":"51.64","field3":"1007.79"},{"created_at":"2023-12-11T15:00:39Z","entry_id":723235,"field1":"27.29","field2":"51.64","field3":"1007.78"},{"created_at":"2023-12-11T15:01:07Z","entry_id":723236,"field1":"27.29","field2":"51.69","field3":"1007.73"},{"created_at":"2023-12-11T15:02:17Z","entry_id":723237,"field1":"27.27","field2":"51.69","field3":"1007.76"},{"created_at":"2023-12-11T15:03:41Z","entry_id":723238,"field1":"27.25","field2":"51.78","field3":"1007.71"},{"created_at":"2023-12-11T15:03:57Z","entry_id":723239,"field1":"27.24","field2":"51.79","field3":"1007.71"},{"created_at":"2023-12-11T15:05:10Z","entry_id":723240,"field1":"27.23","field2":"51.82","field3":"1007.71"},{"created_at":"2023-12-11T15:05:45Z","entry_id":723241,"field1":"27.21","field2":"51.74","field3":"1007.66"},{"created_at":"2023-12-11T15:06:17Z","entry_id":723242,"field1":"27.21","field2":"51.83","field3":"1007.71"},{"created_at":"2023-12-11T15:06:28Z","entry_id":723243,"field1":"27.21","field2":"51.84","field3":"1007.70"},{"created_at":"2023-12-11T15:07:14Z","entry_id":723244,"field1":"27.20","field2":"51.92","field3":"1007.69"},{"created_at":"2023-12-11T15:07:20Z","entry_id":723245,"field1":"27.20","field2":"51.96","field3":"1007.72"},{"created_at":"2023-12-11T15:07:43Z","entry_id":723246,"field1":"27.19","field2":"51.93","field3":"1007.67"},{"created_at":"2023-12-11T15:07:57Z","entry_id":723247,"field1":"27.19","field2":"51.91","field3":"1007.70"},{"created_at":"2023-12-11T15:08:23Z","entry_id":723248,"field1":"27.19","field2":"51.98","field3":"1007.72"},{"created_at":"2023-12-11T15:08:34Z","entry_id":723249,"field1":"27.19","field2":"51.98","field3":"1007.71"},{"created_at":"2023-12-11T15:09:11Z","entry_id":723250,"field1":"27.19","field2":"51.99","field3":"1007.71"},{"created_at":"2023-12-11T15:09:20Z","entry_id":723251,"field1":"27.19","field2":"51.98","field3":"1007.70"},{"created_at":"2023-12-11T15:10:28Z","entry_id":723252,"field1":"27.17","field2":"52.01","field3":"1007.71"},{"created_at":"2023-12-11T15:10:47Z","entry_id":723253,"field1":"27.18","field2":"52.03","field3":"1007.73"},{"created_at":"2023-12-11T15:10:59Z","entry_id":723254,"field1":"27.18","field2":"52.01","field3":"1007.72"},{"created_at":"2023-12-11T15:41:06Z","entry_id":723255,"field1":"27.24","field2":"52.13","field3":"1007.69"},{"created_at":"2023-12-11T15:42:23Z","entry_id":723256,"field1":"27.24","field2":"52.12","field3":"1007.67"},{"created_at":"2023-12-11T16:17:10Z","entry_id":723257,"field1":"27.41","field2":"51.93","field3":"1007.50"},{"created_at":"2023-12-11T16:18:27Z","entry_id":723258,"field1":"27.41","field2":"52.00","field3":"1007.49"},{"created_at":"2023-12-11T16:29:59Z","entry_id":723259,"field1":"27.45","field2":"52.08","field3":"1007.42"},{"created_at":"2023-12-11T16:35:20Z","entry_id":723260,"field1":"27.48","field2":"52.00","field3":"1007.47"},{"created_at":"2023-12-11T17:17:57Z","entry_id":723261,"field1":"27.25","field2":"52.90","field3":"1007.15"},{"created_at":"2023-12-11T17:18:54Z","entry_id":723262,"field1":"27.26","field2":"52.97","field3":"1007.11"},{"created_at":"2023-12-11T18:53:12Z","entry_id":723263,"field1":"27.51","field2":"52.87","field3":"1006.29"},{"created_at":"2023-12-11T18:54:05Z","entry_id":723264,"field1":"27.51","field2":"52.94","field3":"1006.31"},{"created_at":"2023-12-11T18:55:23Z","entry_id":723265,"field1":"27.52","field2":"52.90","field3":"1006.29"},{"created_at":"2023-12-11T18:59:55Z","entry_id":723266,"field1":"27.56","field2":"52.91","field3":"1006.29"},{"created_at":"2023-12-11T19:06:07Z","entry_id":723267,"field1":"27.59","field2":"52.85","field3":"1006.23"},{"created_at":"2023-12-11T19:30:10Z","entry_id":723268,"field1":"27.68","field2":"52.60","field3":"1006.10"},{"created_at":"2023-12-11T19:31:28Z","entry_id":723269,"field1":"27.68","field2":"52.57","field3":"1006.07"},{"created_at":"2023-12-11T19:32:09Z","entry_id":723270,"field1":"27.68","field2":"52.59","field3":"1006.09"},{"created_at":"2023-12-11T19:33:54Z","entry_id":723271,"field1":"27.68","field2":"52.63","field3":"1006.06"},{"created_at":"2023-12-11T19:34:05Z","entry_id":723272,"field1":"27.68","field2":"52.64","field3":"1006.09"},{"created_at":"2023-12-11T19:35:11Z","entry_id":723273,"field1":"27.68","field2":"52.60","field3":"1006.10"},{"created_at":"2023-12-11T19:38:35Z","entry_id":723274,"field1":"27.67","field2":"52.52","field3":"1006.03"},{"created_at":"2023-12-11T19:39:45Z","entry_id":723275,"field1":"27.68","field2":"52.61","field3":"1006.05"},{"created_at":"2023-12-11T19:41:50Z","entry_id":723276,"field1":"27.68","field2":"52.67","field3":"1006.03"},{"created_at":"2023-12-11T19:42:10Z","entry_id":723277,"field1":"27.68","field2":"52.54","field3":"1006.02"},{"created_at":"2023-12-11T19:42:22Z","entry_id":723278,"field1":"27.68","field2":"52.59","field3":"1005.98"},{"created_at":"2023-12-11T19:42:41Z","entry_id":723279,"field1":"27.67","field2":"52.66","field3":"1006.00"},{"created_at":"2023-12-11T19:43:33Z","entry_id":723280,"field1":"27.67","field2":"52.63","field3":"1005.99"},{"created_at":"2023-12-11T19:43:36Z","entry_id":723281,"field1":"27.67","field2":"52.66","field3":"1006.00"},{"created_at":"2023-12-11T19:44:18Z","entry_id":723282,"field1":"27.67","field2":"52.63","field3":"1006.00"},{"created_at":"2023-12-11T19:44:31Z","entry_id":723283,"field1":"27.67","field2":"52.65","field3":"1005.99"},{"created_at":"2023-12-11T19:45:00Z","entry_id":723284,"field1":"27.67","field2":"52.67","field3":"1005.98"},{"created_at":"2023-12-11T19:45:26Z","entry_id":723285,"field1":"27.66","field2":"52.61","field3":"1006.00"},{"created_at":"2023-12-11T19:46:42Z","entry_id":723286,"field1":"27.66","field2":"52.73","field3":"1006.00"},{"created_at":"2023-12-11T19:46:59Z","entry_id":723287,"field1":"27.65","field2":"52.68","field3":"1006.05"},{"created_at":"2023-12-11T19:50:53Z","entry_id":723288,"field1":"27.63","field2":"52.84","field3":"1006.07"},{"created_at":"2023-12-11T19:51:38Z","entry_id":723289,"field1":"27.64","field2":"52.82","field3":"1006.09"},{"created_at":"2023-12-11T19:52:10Z","entry_id":723290,"field1":"27.64","field2":"52.77","field3":"1006.10"},{"created_at":"2023-12-11T19:52:16Z","entry_id":723291,"field1":"27.64","field2":"52.78","field3":"1006.10"},{"created_at":"2023-12-11T19:53:17Z","entry_id":723292,"field1":"27.64","field2":"52.79","field3":"1006.12"},{"created_at":"2023-12-11T19:53:47Z","entry_id":723293,"field1":"27.64","field2":"52.73","field3":"1006.12"},{"created_at":"2023-12-11T19:54:04Z","entry_id":723294,"field1":"27.64","field2":"52.85","field3":"1006.12"},{"created_at":"2023-12-11T19:54:23Z","entry_id":723295,"field1":"27.64","field2":"52.85","field3":"1006.12"},{"created_at":"2023-12-11T19:55:08Z","entry_id":723296,"field1":"27.64","field2":"52.87","field3":"1006.12"},{"created_at":"2023-12-11T19:55:26Z","entry_id":723297,"field1":"27.64","field2":"52.82","field3":"1006.13"},{"created_at":"2023-12-11T19:55:41Z","entry_id":723298,"field1":"27.65","field2":"52.74","field3":"1006.13"},{"created_at":"2023-12-11T19:55:47Z","entry_id":723299,"field1":"27.64","field2":"52.77","field3":"1006.14"},{"created_at":"2023-12-11T19:56:28Z","entry_id":723300,"field1":"27.65","field2":"52.84","field3":"1006.16"},{"created_at":"2023-12-11T19:57:00Z","entry_id":723301,"field1":"27.65","field2":"52.85","field3":"1006.17"},{"created_at":"2023-12-11T19:57:06Z","entry_id":723302,"field1":"27.65","field2":"52.84","field3":"1006.14"},{"created_at":"2023-12-11T19:57:14Z","entry_id":723303,"field1":"27.65","field2":"52.83","field3":"1006.13"},{"created_at":"2023-12-11T19:57:43Z","entry_id":723304,"field1":"27.66","field2":"52.84","field3":"1006.14"},{"created_at":"2023-12-11T19:57:49Z","entry_id":723305,"field1":"27.66","field2":"52.84","field3":"1006.10"},{"created_at":"2023-12-11T19:58:08Z","entry_id":723306,"field1":"27.65","field2":"52.84","field3":"1006.11"},{"created_at":"2023-12-11T19:59:20Z","entry_id":723307,"field1":"27.66","field2":"52.84","field3":"1006.15"},{"created_at":"2023-12-11T19:59:55Z","entry_id":723308,"field1":"27.66","field2":"52.84","field3":"1006.16"},{"created_at":"2023-12-11T20:01:17Z","entry_id":723309,"field1":"27.66","field2":"52.77","field3":"1006.13"},{"created_at":"2023-12-11T20:02:55Z","entry_id":723310,"field1":"27.66","field2":"52.82","field3":"1006.10"},{"created_at":"2023-12-11T20:03:00Z","entry_id":723311,"field1":"27.66","field2":"52.75","field3":"1006.10"},{"created_at":"2023-12-11T20:04:07Z","entry_id":723312,"field1":"27.66","field2":"52.73","field3":"1006.06"},{"created_at":"2023-12-11T20:04:09Z","entry_id":723313,"field1":"27.66","field2":"52.76","field3":"1006.04"},{"created_at":"2023-12-11T20:04:15Z","entry_id":723314,"field1":"27.66","field2":"52.77","field3":"1006.07"},{"created_at":"2023-12-11T20:04:51Z","entry_id":723315,"field1":"27.66","field2":"52.82","field3":"1006.05"},{"created_at":"2023-12-11T20:05:55Z","entry_id":723316,"field1":"27.66","field2":"52.81","field3":"1006.05"},{"created_at":"2023-12-11T22:40:36Z","entry_id":723317,"field1":"27.65","field2":"53.40","field3":"1006.97"},{"created_at":"2023-12-11T22:40:53Z","entry_id":723318,"field1":"27.66","field2":"53.38","field3":"1007.00"},{"created_at":"2023-12-11T22:42:40Z","entry_id":723319,"field1":"27.65","field2":"53.35","field3":"1006.97"},{"created_at":"2023-12-11T22:45:36Z","entry_id":723320,"field1":"27.68","field2":"53.41","field3":"1007.01"}}]}