{"channel":{"id":2245283,"name":"Lokasi-6","latitude":"0.0","longitude":"0.0","field1":"temp","field2":"hum","field3":"pressure",{"created_at":"2023-12-04T11:03:14Z","entry_id":717879,"field1":"26.99","field2":"46.28","field3":"1008.13"},{"created_at":"2023-12-04T11:10:59Z","entry_id":717880,"field1":"27.03","field2":"46.38","field3":"1008.17"},{"created_at":"2023-12-04T12:18:45Z","entry_id":717881,"field1":"27.17","field2":"47.31","field3":"1008.44"},{"created_at":"2023-12-04T12:29:30Z","entry_id":717882,"field1":"27.19","field2":"47.41","field3":"1008.63"},{"created_at":"2023-12-04T12:30:03Z","entry_id":717883,"field1":"27.19","field2":"47.41","field3":"1008.63"},{"created_at":"2023-12-04T12:30:49Z","entry_id":717884,"field1":"27.19","field2":"47.46","field3":"1008.64"},{"created_at":"2023-12-04T12:41:57Z","entry_id":717885,"field1":"27.22","field2":"47.56","field3":"1008.73"},{"created_at":"2023-12-04T12:48:54Z","entry_id":717886,"field1":"27.23","field2":"47.62","field3":"1008.80"},{"created_at":"2023-12-04T13:36:34Z","entry_id":717887,"field1":"27.29","field2":"48.06","field3":"1009.25"},{"created_at":"2023-12-04T13:37:39Z","entry_id":717888,"field1":"27.29","field2":"48.07","field3":"1009.25"},{"created_at":"2023-12-04T13:44:24Z","entry_id":717889,"field1":"27.30","field2":"48.09","field3":"1009.37"},{"created_at":"2023-12-04T13:46:23Z","entry_id":717890,"field1":"27.31","field2":"48.13","field3":"1009.33"},{"created_at":"2023-12-04T14:03:37Z","entry_id":717891,"field1":"27.31","field2":"48.25","field3":"1009.35"},{"created_at":"2023-12-04T14:07:08Z","entry_id":717892,"field1":"27.28","field2":"48.28","field3":"1009.29"},{"created_at":"2023-12-04T14:08:38Z","entry_id":717893,"field1":"27.31","field2":"48.34","field3":"1009.31"},{"created_at":"2023-12-04T14:08:55Z","entry_id":717894,"field1":"27.31","field2":"48.33","field3":"1009.32"},{"created_at":"2023-12-04T14:12:40Z","entry_id":717895,"field1":"27.29","field2":"48.38","field3":"1009.33"},{"created_at":"2023-12-04T14:13:10Z","entry_id":717896,"field1":"27.29","field2":"48.39","field3":"1009.34"},{"created_at":"2023-12-04T15:30:24Z","entry_id":717897,"field1":"27.36","field2":"49.13","field3":"1009.08"},{"created_at":"2023-12-04T15:34:12Z","entry_id":717898,"field1":"27.38","field2":"49.16","field3":"1009.06"},{"created_at":"2023-12-04T15:35:03Z","entry_id":717899,"field1":"27.39","field2":"49.13","field3":"1009.07"},{"created_at":"2023-12-04T15:35:09Z","entry_id":717900,"field1":"27.39","field2":"49.13","field3":"1009.12"},{"created_at":"2023-12-04T15:39:59Z","entry_id":717901,"field1":"27.41","field2":"49.15","field3":"1009.07"},{"created_at":"2023-12-04T15:40:11Z","entry_id":717902,"field1":"27.41","field2":"49.14","field3":"1009.11"},{"created_at":"2023-12-04T15:40:16Z","entry_id":717903,"field1":"27.41","field2":"49.13","field3":"1009.08"},{"created_at":"2023-12-04T15:40:30Z","entry_id":717904,"field1":"27.42","field2":"49.14","field3":"1009.10"},{"created_at":"2023-12-04T15:41:11Z","entry_id":717905,"field1":"27.41","field2":"49.16","field3":"1009.07"},{"created_at":"2023-12-04T15:41:54Z","entry_id":717906,"field1":"27.42","field2":"49.17","field3":"1009.07"},{"created_at":"2023-12-04T15:46:04Z","entry_id":717907,"field1":"27.43","field2":"49.14","field3":"1009.10"},{"created_at":"2023-12-04T15:46:41Z","entry_id":717908,"field1":"27.44","field2":"49.13","field3":"1009.05"},{"created_at":"2023-12-04T15:51:00Z","entry_id":717909,"field1":"27.45","field2":"49.14","field3":"1009.06"},{"created_at":"2023-12-04T15:51:06Z","entry_id":717910,"field1":"27.45","field2":"49.12","field3":"1009.05"},{"created_at":"2023-12-04T15:51:12Z","entry_id":717911,"field1":"27.45","field2":"49.12","field3":"1009.07"},{"created_at":"2023-12-04T15:51:51Z","entry_id":717912,"field1":"27.46","field2":"49.13","field3":"1009.10"},{"created_at":"2023-12-04T16:14:47Z","entry_id":717913,"field1":"27.48","field2":"49.21","field3":"1008.86"},{"created_at":"2023-12-04T16:18:23Z","entry_id":717914,"field1":"27.49","field2":"49.23","field3":"1008.81"},{"created_at":"2023-12-04T16:18:48Z","entry_id":717915,"field1":"27.48","field2":"49.23","field3":"1008.80"},{"created_at":"2023-12-04T16:19:05Z","entry_id":717916,"field1":"27.49","field2":"49.24","field3":"1008.82"},{"created_at":"2023-12-04T16:19:40Z","entry_id":717917,"field1":"27.49","field2":"49.24","field3":"1008.84"},{"created_at":"2023-12-04T16:21:35Z","entry_id":717918,"field1":"27.49","field2":"49.25","field3":"1008.79"},{"created_at":"2023-12-04T16:23:30Z","entry_id":717919,"field1":"27.50","field2":"49.28","field3":"1008.73"},{"created_at":"2023-12-04T16:24:34Z","entry_id":717920,"field1":"27.50","field2":"49.25","field3":"1008.74"},{"created_at":"2023-12-04T16:24:51Z","entry_id":717921,"field1":"27.50","field2":"49.28","field3":"1008.74"},{"created_at":"2023-12-04T16:26:24Z","entry_id":717922,"field1":"27.50","field2":"49.28","field3":"1008.73"},{"created_at":"2023-12-04T16:27:18Z","entry_id":717923,"field1":"27.50","field2":"49.26","field3":"1008.72"},{"created_at":"2023-12-04T16:27:27Z","entry_id":717924,"field1":"27.50","field2":"49.26","field3":"1008.72"},{"created_at":"2023-12-04T16:28:55Z","entry_id":717925,"field1":"27.50","field2":"49.29","field3":"1008.71"},{"created_at":"2023-12-04T16:29:01Z","entry_id":717926,"field1":"27.50","field2":"49.31","field3":"1008.72"},{"created_at":"2023-12-04T16:32:04Z","entry_id":717927,"field1":"27.50","field2":"49.28","field3":"1008.63"},{"created_at":"2023-12-04T16:32:46Z","entry_id":717928,"field1":"27.51","field2":"49.29","field3":"1008.63"},{"created_at":"2023-12-04T16:33:18Z","entry_id":717929,"field1":"27.51","field2":"49.31","field3":"1008.65"},{"created_at":"2023-12-04T16:34:22Z","entry_id":717930,"field1":"27.51","field2":"49.32","field3":"1008.64"},{"created_at":"2023-12-04T16:34:28Z","entry_id":717931,"field1":"27.51","field2":"49.30","field3":"1008.64"},{"created_at":"2023-12-04T16:34:46Z","entry_id":717932,"field1":"27.51","field2":"49.30","field3":"1008.60"},{"created_at":"2023-12-04T16:35:14Z","entry_id":717933,"field1":"27.51","field2":"49.30","field3":"1008.61"},{"created_at":"2023-12-04T16:37:01Z","entry_id":717934,"field1":"27.51","field2":"49.31","field3":"1008.58"},{"created_at":"2023-12-04T16:37:27Z","entry_id":717935,"field1":"27.51","field2":"49.33","field3":"1008.58"},{"created_at":"2023-12-04T16:43:22Z","entry_id":717936,"field1":"27.50","field2":"49.35","field3":"1008.47"},{"created_at":"2023-12-04T16:43:40Z","entry_id":717937,"field1":"27.51","field2":"49.36","field3":"1008.50"},{"created_at":"2023-12-04T16:44:19Z","entry_id":717938,"field1":"27.51","field2":"49.33","field3":"1008.49"},{"created_at":"2023-12-04T16:45:14Z","entry_id":717939,"field1":"27.51","field2":"49.39","field3":"1008.48"},{"created_at":"2023-12-04T16:46:24Z","entry_id":717940,"field1":"27.51","field2":"49.38","field3":"1008.46"},{"created_at":"2023-12-04T16:47:03Z","entry_id":717941,"field1":"27.51","field2":"49.39","field3":"1008.47"},{"created_at":"2023-12-04T16:47:09Z","entry_id":717942,"field1":"27.51","field2":"49.39","field3":"1008.47"},{"created_at":"2023-12-04T16:47:18Z","entry_id":717943,"field1":"27.51","field2":"49.40","field3":"1008.48"},{"created_at":"2023-12-04T16:47:39Z","entry_id":717944,"field1":"27.51","field2":"49.42","field3":"1008.44"},{"created_at":"2023-12-04T16:48:51Z","entry_id":717945,"field1":"27.51","field2":"49.40","field3":"1008.42"},{"created_at":"2023-12-04T16:55:25Z","entry_id":717946,"field1":"27.53","field2":"49.45","field3":"1008.35"},{"created_at":"2023-12-04T16:55:55Z","entry_id":717947,"field1":"27.52","field2":"49.44","field3":"1008.35"},{"created_at":"2023-12-04T16:56:01Z","entry_id":717948,"field1":"27.52","field2":"49.44","field3":"1008.35"},{"created_at":"2023-12-04T16:56:24Z","entry_id":717949,"field1":"27.51","field2":"49.45","field3":"1008.30"},{"created_at":"2023-12-04T16:56:33Z","entry_id":717950,"field1":"27.52","field2":"49.45","field3":"1008.33"},{"created_at":"2023-12-04T17:09:34Z","entry_id":717951,"field1":"27.53","field2":"49.52","field3":"1008.24"},{"created_at":"2023-12-04T17:10:19Z","entry_id":717952,"field1":"27.52","field2":"49.52","field3":"1008.21"},{"created_at":"2023-12-04T17:10:51Z","entry_id":717953,"field1":"27.53","field2":"49.53","field3":"1008.22"},{"created_at":"2023-12-04T17:16:59Z","entry_id":717954,"field1":"27.54","field2":"49.58","field3":"1008.16"},{"created_at":"2023-12-04T17:17:36Z","entry_id":717955,"field1":"27.53","field2":"49.59","field3":"1008.17"},{"created_at":"2023-12-04T18:48:00Z","entry_id":717956,"field1":"27.59","field2":"49.92","field3":"1007.21"},{"created_at":"2023-12-04T18:48:37Z","entry_id":717957,"field1":"27.59","field2":"49.92","field3":"1007.23"},{"created_at":"2023-12-04T18:49:47Z","entry_id":717958,"field1":"27.60","field2":"49.94","field3":"1007.23"},{"created_at":"2023-12-04T18:50:32Z","entry_id":717959,"field1":"27.59","field2":"49.94","field3":"1007.18"},{"created_at":"2023-12-04T18:50:55Z","entry_id":717960,"field1":"27.60","field2":"49.95","field3":"1007.22"},{"created_at":"2023-12-04T18:51:13Z","entry_id":717961,"field1":"27.60","field2":"49.95","field3":"1007.18"},{"created_at":"2023-12-04T18:51:19Z","entry_id":717962,"field1":"27.60","field2":"49.96","field3":"1007.20"},{"created_at":"2023-12-04T18:52:47Z","entry_id":717963,"field1":"27.60","field2":"49.94","field3":"1007.18"},{"created_at":"2023-12-04T18:56:56Z","entry_id":717964,"field1":"27.61","field2":"49.93","field3":"1007.12"},{"created_at":"2023-12-04T18:57:41Z","entry_id":717965,"field1":"27.61","field2":"49.95","field3":"1007.13"},{"created_at":"2023-12-04T19:09:18Z","entry_id":717966,"field1":"27.62","field2":"49.99","field3":"1007.03"},{"created_at":"2023-12-04T19:09:24Z","entry_id":717967,"field1":"27.62","field2":"49.97","field3":"1007.06"},{"created_at":"2023-12-04T19:09:59Z","entry_id":717968,"field1":"27.62","field2":"49.96","field3":"1007.05"},{"created_at":"2023-12-04T19:10:05Z","entry_id":717969,"field1":"27.62","field2":"49.95","field3":"1007.03"},{"created_at":"2023-12-04T19:13:46Z","entry_id":717970,"field1":"27.62","field2":"49.97","field3":"1007.01"},{"created_at":"2023-12-04T19:14:07Z","entry_id":717971,"field1":"27.62","field2":"49.99","field3":"1007.03"},{"created_at":"2023-12-04T19:17:56Z","entry_id":717972,"field1":"27.63","field2":"50.00","field3":"1006.97"},{"created_at":"2023-12-04T19:21:19Z","entry_id":717973,"field1":"27.63","field2":"50.03","field3":"1006.95"},{"created_at":"2023-12-04T19:34:05Z","entry_id":717974,"field1":"27.64","field2":"50.07","field3":"1006.90"},{"created_at":"2023-12-04T19:38:40Z","entry_id":717975,"field1":"27.64","field2":"50.13","field3":"1006.96"},{"created_at":"2023-12-04T19:38:52Z","entry_id":717976,"field1":"27.63","field2":"50.11","field3":"1006.96"},{"created_at":"2023-12-04T19:39:12Z","entry_id":717977,"field1":"27.64","field2":"50.09","field3":"1006.94"},{"created_at":"2023-12-04T19:41:27Z","entry_id":717978,"field1":"27.64","field2":"50.11","field3":"1006.90"},{"created_at":"2023-12-04T19:41:44Z","entry_id":717979,"field1":"27.64","field2":"50.10","field3":"1006.90"},{"created_at":"2023-12-04T19:42:11Z","entry_id":717980,"field1":"27.63","field2":"50.11","field3":"1006.90"},{"created_at":"2023-12-04T19:42:47Z","entry_id":717981,"field1":"27.64","field2":"50.11","field3":"1006.89"},{"created_at":"2023-12-04T19:43:08Z","entry_id":717982,"field1":"27.63","field2":"50.13","field3":"1006.89"},{"created_at":"2023-12-04T20:11:07Z","entry_id":717983,"field1":"27.64","field2":"50.24","field3":"1007.06"},{"created_at":"2023-12-04T20:11:19Z","entry_id":717984,"field1":"27.64","field2":"50.24","field3":"1007.07"},{"created_at":"2023-12-04T20:21:08Z","entry_id":717985,"field1":"27.65","field2":"50.27","field3":"1007.22"},{"created_at":"2023-12-04T20:21:24Z","entry_id":717986,"field1":"27.65","field2":"50.29","field3":"1007.18"},{"created_at":"2023-12-04T20:21:44Z","entry_id":717987,"field1":"27.65","field2":"50.29","field3":"1007.20"},{"created_at":"2023-12-04T20:22:23Z","entry_id":717988,"field1":"27.65","field2":"50.29","field3":"1007.22"},{"created_at":"2023-12-04T20:22:35Z","entry_id":717989,"field1":"27.65","field2":"50.30","field3":"1007.20"},{"created_at":"2023-12-04T20:22:54Z","entry_id":717990,"field1":"27.65","field2":"50.30","field3":"1007.19"},{"created_at":"2023-12-04T20:23:00Z","entry_id":717991,"field1":"27.65","field2":"50.30","field3":"1007.20"},{"created_at":"2023-12-04T20:23:06Z","entry_id":717992,"field1":"27.65","field2":"50.31","field3":"1007.17"},{"created_at":"2023-12-04T20:23:20Z","entry_id":717993,"field1":"27.65","field2":"50.34","field3":"1007.19"},{"created_at":"2023-12-04T20:23:26Z","entry_id":717994,"field1":"27.65","field2":"50.34","field3":"1007.17"},{"created_at":"2023-12-04T20:23:38Z","entry_id":717995,"field1":"27.65","field2":"50.35","field3":"1007.21"},{"created_at":"2023-12-04T20:24:04Z","entry_id":717996,"field1":"27.65","field2":"50.32","field3":"1007.20"},{"created_at":"2023-12-04T20:26:11Z","entry_id":717997,"field1":"27.65","field2":"50.34","field3":"1007.22"},{"created_at":"2023-12-04T20:26:29Z","entry_id":717998,"field1":"27.65","field2":"50.34","field3":"1007.22"},{"created_at":"2023-12-04T20:26:35Z","entry_id":717999,"field1":"27.65","field2":"50.34","field3":"1007.19"},{"created_at":"2023-12-04T20:27:09Z","entry_id":718000,"field1":"27.65","field2":"50.31","field3":"1007.20"},{"created_at":"2023-12-04T20:27:23Z","entry_id":718001,"field1":"27.66","field2":"50.31","field3":"1007.21"},{"created_at":"2023-12-04T20:27:46Z","entry_id":718002,"field1":"27.66","field2":"50.33","field3":"1007.22"},{"created_at":"2023-12-04T20:27:51Z","entry_id":718003,"field1":"27.66","field2":"50.34","field3":"1007.22"},{"created_at":"2023-12-04T20:28:20Z","entry_id":718004,"field1":"27.66","field2":"50.34","field3":"1007.23"},{"created_at":"2023-12-04T20:28:53Z","entry_id":718005,"field1":"27.64","field2":"50.32","field3":"1007.21"},{"created_at":"2023-12-04T20:31:05Z","entry_id":718006,"field1":"27.66","field2":"50.34","field3":"1007.22"},{"created_at":"2023-12-04T20:31:22Z","entry_id":718007,"field1":"27.66","field2":"50.34","field3":"1007.24"},{"created_at":"2023-12-04T20:32:08Z","entry_id":718008,"field1":"27.66","field2":"50.38","field3":"1007.23"},{"created_at":"2023-12-04T20:32:28Z","entry_id":718009,"field1":"27.65","field2":"50.38","field3":"1007.22"},{"created_at":"2023-12-04T20:32:33Z","entry_id":718010,"field1":"27.65","field2":"50.38","field3":"1007.22"},{"created_at":"2023-12-04T20:32:42Z","entry_id":718011,"field1":"27.66","field2":"50.38","field3":"1007.24"},{"created_at":"2023-12-04T20:33:04Z","entry_id":718012,"field1":"27.65","field2":"50.38","field3":"1007.20"},{"created_at":"2023-12-04T20:33:10Z","entry_id":718013,"field1":"27.66","field2":"50.38","field3":"1007.21"},{"created_at":"2023-12-04T20:33:21Z","entry_id":718014,"field1":"27.65","field2":"50.38","field3":"1007.22"},{"created_at":"2023-12-04T20:33:27Z","entry_id":718015,"field1":"27.66","field2":"50.38","field3":"1007.23"},{"created_at":"2023-12-04T20:33:47Z","entry_id":718016,"field1":"27.66","field2":"50.36","field3":"1007.25"},{"created_at":"2023-12-04T20:34:23Z","entry_id":718017,"field1":"27.65","field2":"50.36","field3":"1007.21"},{"created_at":"2023-12-04T20:35:05Z","entry_id":718018,"field1":"27.66","field2":"50.36","field3":"1007.20"},{"created_at":"2023-12-04T20:35:17Z","entry_id":718019,"field1":"27.66","field2":"50.38","field3":"1007.21"},{"created_at":"2023-12-04T20:36:11Z","entry_id":718020,"field1":"27.66","field2":"50.38","field3":"1007.23"},{"created_at":"2023-12-04T20:37:15Z","entry_id":718021,"field1":"27.66","field2":"50.38","field3":"1007.25"},{"created_at":"2023-12-04T20:38:27Z","entry_id":718022,"field1":"27.66","field2":"50.41","field3":"1007.28"},{"created_at":"2023-12-04T20:38:59Z","entry_id":718023,"field1":"27.65","field2":"50.38","field3":"1007.29"},{"created_at":"2023-12-04T20:39:25Z","entry_id":718024,"field1":"27.66","field2":"50.38","field3":"1007.27"},{"created_at":"2023-12-04T20:39:37Z","entry_id":718025,"field1":"27.67","field2":"50.39","field3":"1007.28"},{"created_at":"2023-12-04T20:39:48Z","entry_id":718026,"field1":"27.66","field2":"50.37","field3":"1007.29"},{"created_at":"2023-12-04T20:39:54Z","entry_id":718027,"field1":"27.66","field2":"50.36","field3":"1007.32"},{"created_at":"2023-12-04T20:41:10Z","entry_id":718028,"field1":"27.66","field2":"50.35","field3":"1007.32"},{"created_at":"2023-12-04T20:41:42Z","entry_id":718029,"field1":"27.67","field2":"50.40","field3":"1007.31"},{"created_at":"2023-12-04T20:41:53Z","entry_id":718030,"field1":"27.67","field2":"50.41","field3":"1007.34"},{"created_at":"2023-12-04T20:42:53Z","entry_id":718031,"field1":"27.65","field2":"50.38","field3":"1007.29"},{"created_at":"2023-12-04T20:43:44Z","entry_id":718032,"field1":"27.66","field2":"50.42","field3":"1007.33"},{"created_at":"2023-12-04T20:44:07Z","entry_id":718033,"field1":"27.66","field2":"50.41","field3":"1007.34"},{"created_at":"2023-12-04T20:44:17Z","entry_id":718034,"field1":"27.67","field2":"50.41","field3":"1007.32"},{"created_at":"2023-12-04T20:44:28Z","entry_id":718035,"field1":"27.67","field2":"50.41","field3":"1007.35"},{"created_at":"2023-12-04T20:44:34Z","entry_id":718036,"field1":"27.66","field2":"50.42","field3":"1007.32"},{"created_at":"2023-12-04T20:45:00Z","entry_id":718037,"field1":"27.66","field2":"50.42","field3":"1007.32"},{"created_at":"2023-12-04T20:45:11Z","entry_id":718038,"field1":"27.66","field2":"50.41","field3":"1007.32"},{"created_at":"2023-12-04T20:45:22Z","entry_id":718039,"field1":"27.66","field2":"50.41","field3":"1007.34"},{"created_at":"2023-12-04T20:45:37Z","entry_id":718040,"field1":"27.66","field2":"50.41","field3":"1007.31"},{"created_at":"2023-12-04T20:45:49Z","entry_id":718041,"field1":"27.66","field2":"50.42","field3":"1007.31"},{"created_at":"2023-12-04T20:47:30Z","entry_id":718042,"field1":"27.66","field2":"50.42","field3":"1007.38"},{"created_at":"2023-12-04T20:48:08Z","entry_id":718043,"field1":"27.67","field2":"50.43","field3":"1007.40"},{"created_at":"2023-12-04T20:48:29Z","entry_id":718044,"field1":"27.66","field2":"50.43","field3":"1007.40"},{"created_at":"2023-12-04T20:48:41Z","entry_id":718045,"field1":"27.66","field2":"50.43","field3":"1007.40"},{"created_at":"2023-12-04T20:48:58Z","entry_id":718046,"field1":"27.67","field2":"50.44","field3":"1007.43"},{"created_at":"2023-12-04T20:49:15Z","entry_id":718047,"field1":"27.67","field2":"50.43","field3":"1007.44"},{"created_at":"2023-12-04T20:49:38Z","entry_id":718048,"field1":"27.67","field2":"50.43","field3":"1007.45"},{"created_at":"2023-12-04T20:49:50Z","entry_id":718049,"field1":"27.66","field2":"50.43","field3":"1007.44"},{"created_at":"2023-12-04T20:50:07Z","entry_id":718050,"field1":"27.67","field2":"50.43","field3":"1007.47"},{"created_at":"2023-12-04T20:50:19Z","entry_id":718051,"field1":"27.67","field2":"50.43","field3":"1007.46"},{"created_at":"2023-12-04T20:52:38Z","entry_id":718052,"field1":"27.66","field2":"50.44","field3":"1007.47"},{"created_at":"2023-12-04T20:55:20Z","entry_id":718053,"field1":"27.66","field2":"50.45","field3":"1007.46"},{"created_at":"2023-12-04T20:55:46Z","entry_id":718054,"field1":"27.67","field2":"50.44","field3":"1007.48"},{"created_at":"2023-12-04T21:01:50Z","entry_id":718055,"field1":"27.67","field2":"50.46","field3":"1007.57"},{"created_at":"2023-12-04T21:05:23Z","entry_id":718056,"field1":"27.67","field2":"50.50","field3":"1007.59"},{"created_at":"2023-12-04T21:06:23Z","entry_id":718057,"field1":"27.67","field2":"50.54","field3":"1007.60"},{"created_at":"2023-12-04T21:06:40Z","entry_id":718058,"field1":"27.67","field2":"50.52","field3":"1007.63"},{"created_at":"2023-12-04T21:11:12Z","entry_id":718059,"field1":"27.67","field2":"50.50","field3":"1007.66"},{"created_at":"2023-12-04T21:16:25Z","entry_id":718060,"field1":"27.67","field2":"50.56","field3":"1007.63"},{"created_at":"2023-12-04T21:16:34Z","entry_id":718061,"field1":"27.67","field2":"50.55","field3":"1007.64"},{"created_at":"2023-12-04T21:16:39Z","entry_id":718062,"field1":"27.67","field2":"50.55","field3":"1007.63"},{"created_at":"2023-12-04T21:17:02Z","entry_id":718063,"field1":"27.67","field2":"50.52","field3":"1007.64"},{"created_at":"2023-12-04T21:18:12Z","entry_id":718064,"field1":"27.67","field2":"50.54","field3":"1007.65"},{"created_at":"2023-12-04T21:18:20Z","entry_id":718065,"field1":"27.67","field2":"50.54","field3":"1007.64"},{"created_at":"2023-12-04T21:19:05Z","entry_id":718066,"field1":"27.67","field2":"50.56","field3":"1007.63"},{"created_at":"2023-12-04T21:19:11Z","entry_id":718067,"field1":"27.67","field2":"50.56","field3":"1007.65"},{"created_at":"2023-12-04T21:19:31Z","entry_id":718068,"field1":"27.67","field2":"50.55","field3":"1007.64"},{"created_at":"2023-12-04T21:19:40Z","entry_id":718069,"field1":"27.67","field2":"50.56","field3":"1007.65"},{"created_at":"2023-12-04T21:20:11Z","entry_id":718070,"field1":"27.67","field2":"50.55","field3":"1007.66"},{"created_at":"2023-12-04T21:22:03Z","entry_id":718071,"field1":"27.67","field2":"50.57","field3":"1007.68"},{"created_at":"2023-12-04T21:23:13Z","entry_id":718072,"field1":"27.67","field2":"50.56","field3":"1007.66"},{"created_at":"2023-12-04T21:23:54Z","entry_id":718073,"field1":"27.67","field2":"50.56","field3":"1007.68"},{"created_at":"2023-12-04T21:25:53Z","entry_id":718074,"field1":"27.66","field2":"50.62","field3":"1007.70"},{"created_at":"2023-12-04T21:26:24Z","entry_id":718075,"field1":"27.65","field2":"50.58","field3":"1007.66"},{"created_at":"2023-12-04T21:32:27Z","entry_id":718076,"field1":"27.65","field2":"50.64","field3":"1007.76"},{"created_at":"2023-12-04T21:33:12Z","entry_id":718077,"field1":"27.65","field2":"50.65","field3":"1007.75"},{"created_at":"2023-12-04T21:33:48Z","entry_id":718078,"field1":"27.66","field2":"50.63","field3":"1007.77"},{"created_at":"2023-12-04T21:33:55Z","entry_id":718079,"field1":"27.66","field2":"50.64","field3":"1007.78"},{"created_at":"2023-12-04T21:34:04Z","entry_id":718080,"field1":"27.66","field2":"50.65","field3":"1007.77"},{"created_at":"2023-12-04T21:34:27Z","entry_id":718081,"field1":"27.66","field2":"50.63","field3":"1007.79"},{"created_at":"2023-12-04T21:34:33Z","entry_id":718082,"field1":"27.66","field2":"50.64","field3":"1007.78"},{"created_at":"2023-12-04T21:34:47Z","entry_id":718083,"field1":"27.66","field2":"50.65","field3":"1007.81"},{"created_at":"2023-12-04T21:35:10Z","entry_id":718084,"field1":"27.65","field2":"50.64","field3":"1007.79"},{"created_at":"2023-12-04T21:36:11Z","entry_id":718085,"field1":"27.66","field2":"50.65","field3":"1007.81"},{"created_at":"2023-12-04T21:36:17Z","entry_id":718086,"field1":"27.65","field2":"50.66","field3":"1007.80"},{"created_at":"2023-12-04T21:36:37Z","entry_id":718087,"field1":"27.65","field2":"50.66","field3":"1007.80"},{"created_at":"2023-12-04T21:36:58Z","entry_id":718088,"field1":"27.65","field2":"50.65","field3":"1007.82"},{"created_at":"2023-12-04T21:37:23Z","entry_id":718089,"field1":"27.66","field2":"50.69","field3":"1007.80"},{"created_at":"2023-12-04T21:37:38Z","entry_id":718090,"field1":"27.65","field2":"50.67","field3":"1007.82"},{"created_at":"2023-12-04T21:37:46Z","entry_id":718091,"field1":"27.65","field2":"50.68","field3":"1007.80"},{"created_at":"2023-12-04T21:38:19Z","entry_id":718092,"field1":"27.65","field2":"50.67","field3":"1007.82"},{"created_at":"2023-12-04T21:38:45Z","entry_id":718093,"field1":"27.65","field2":"50.68","field3":"1007.84"},{"created_at":"2023-12-04T21:38:59Z","entry_id":718094,"field1":"27.65","field2":"50.67","field3":"1007.82"},{"created_at":"2023-12-04T21:39:23Z","entry_id":718095,"field1":"27.65","field2":"50.67","field3":"1007.83"},{"created_at":"2023-12-04T21:43:27Z","entry_id":718096,"field1":"27.65","field2":"50.69","field3":"1007.86"},{"created_at":"2023-12-04T21:43:58Z","entry_id":718097,"field1":"27.66","field2":"50.69","field3":"1007.87"},{"created_at":"2023-12-04T21:44:36Z","entry_id":718098,"field1":"27.66","field2":"50.69","field3":"1007.89"},{"created_at":"2023-12-04T21:44:45Z","entry_id":718099,"field1":"27.66","field2":"50.69","field3":"1007.88"},{"created_at":"2023-12-04T21:51:09Z","entry_id":718100,"field1":"27.66","field2":"50.72","field3":"1007.92"},{"created_at":"2023-12-04T21:51:53Z","entry_id":718101,"field1":"27.65","field2":"50.71","field3":"1007.92"},{"created_at":"2023-12-04T21:54:45Z","entry_id":718102,"field1":"27.67","field2":"50.71","field3":"1008.01"},{"created_at":"2023-12-04T21:55:23Z","entry_id":718103,"field1":"27.66","field2":"50.73","field3":"1008.01"},{"created_at":"2023-12-04T21:55:57Z","entry_id":718104,"field1":"27.66","field2":"50.76","field3":"1008.03"},{"created_at":"2023-12-04T21:56:14Z","entry_id":718105,"field1":"27.67","field2":"50.70","field3":"1008.04"},{"created_at":"2023-12-04T22:01:49Z","entry_id":718106,"field1":"27.67","field2":"50.73","field3":"1008.14"},{"created_at":"2023-12-04T22:02:54Z","entry_id":718107,"field1":"27.67","field2":"50.73","field3":"1008.13"},{"created_at":"2023-12-04T22:02:57Z","entry_id":718108,"field1":"27.67","field2":"50.73","field3":"1008.15"},{"created_at":"2023-12-04T22:03:31Z","entry_id":718109,"field1":"27.67","field2":"50.75","field3":"1008.17"},{"created_at":"2023-12-04T22:03:37Z","entry_id":718110,"field1":"27.67","field2":"50.75","field3":"1008.16"},{"created_at":"2023-12-04T22:04:00Z","entry_id":718111,"field1":"27.67","field2":"50.75","field3":"1008.17"},{"created_at":"2023-12-04T22:09:41Z","entry_id":718112,"field1":"27.67","field2":"50.73","field3":"1008.28"},{"created_at":"2023-12-04T22:10:48Z","entry_id":718113,"field1":"27.67","field2":"50.72","field3":"1008.28"},{"created_at":"2023-12-04T22:16:44Z","entry_id":718114,"field1":"27.67","field2":"50.76","field3":"1008.39"},{"created_at":"2023-12-04T22:16:55Z","entry_id":718115,"field1":"27.67","field2":"50.77","field3":"1008.37"},{"created_at":"2023-12-04T22:17:38Z","entry_id":718116,"field1":"27.68","field2":"50.76","field3":"1008.39"},{"created_at":"2023-12-04T22:18:41Z","entry_id":718117,"field1":"27.68","field2":"50.77","field3":"1008.39"},{"created_at":"2023-12-04T22:18:47Z","entry_id":718118,"field1":"27.68","field2":"50.75","field3":"1008.39"},{"created_at":"2023-12-04T22:19:30Z","entry_id":718119,"field1":"27.68","field2":"50.77","field3":"1008.40"},{"created_at":"2023-12-04T22:20:46Z","entry_id":718120,"field1":"27.68","field2":"50.75","field3":"1008.38"},{"created_at":"2023-12-04T22:21:03Z","entry_id":718121,"field1":"27.68","field2":"50.75","field3":"1008.39"},{"created_at":"2023-12-04T22:21:43Z","entry_id":718122,"field1":"27.68","field2":"50.72","field3":"1008.36"},{"created_at":"2023-12-04T22:24:38Z","entry_id":718123,"field1":"27.67","field2":"50.76","field3":"1008.39"},{"created_at":"2023-12-04T22:25:09Z","entry_id":718124,"field1":"27.67","field2":"50.76","field3":"1008.39"},{"created_at":"2023-12-04T22:26:01Z","entry_id":718125,"field1":"27.68","field2":"50.75","field3":"1008.38"},{"created_at":"2023-12-04T22:28:46Z","entry_id":718126,"field1":"27.68","field2":"50.78","field3":"1008.43"},{"created_at":"2023-12-04T22:28:57Z","entry_id":718127,"field1":"27.68","field2":"50.78","field3":"1008.42"},{"created_at":"2023-12-04T22:31:41Z","entry_id":718128,"field1":"27.68","field2":"50.79","field3":"1008.45"},{"created_at":"2023-12-04T22:31:58Z","entry_id":718129,"field1":"27.69","field2":"50.79","field3":"1008.43"},{"created_at":"2023-12-04T22:34:27Z","entry_id":718130,"field1":"27.69","field2":"50.79","field3":"1008.49"},{"created_at":"2023-12-04T22:34:44Z","entry_id":718131,"field1":"27.68","field2":"50.82","field3":"1008.48"},{"created_at":"2023-12-04T22:34:50Z","entry_id":718132,"field1":"27.68","field2":"50.82","field3":"1008.49"},{"created_at":"2023-12-04T22:37:37Z","entry_id":718133,"field1":"27.69","field2":"50.79","field3":"1008.49"},{"created_at":"2023-12-04T22:43:14Z","entry_id":718134,"field1":"27.69","field2":"50.81","field3":"1008.53"},{"created_at":"2023-12-04T22:43:39Z","entry_id":718135,"field1":"27.70","field2":"50.82","field3":"1008.53"},{"created_at":"2023-12-04T22:44:08Z","entry_id":718136,"field1":"27.70","field2":"50.82","field3":"1008.53"},{"created_at":"2023-12-04T22:44:15Z","entry_id":718137,"field1":"27.70","field2":"50.82","field3":"1008.54"},{"created_at":"2023-12-04T22:44:46Z","entry_id":718138,"field1":"27.70","field2":"50.81","field3":"1008.54"},{"created_at":"2023-12-04T22:45:01Z","entry_id":718139,"field1":"27.70","field2":"50.82","field3":"1008.55"},{"created_at":"2023-12-04T22:45:04Z","entry_id":718140,"field1":"27.70","field2":"50.81","field3":"1008.52"},{"created_at":"2023-12-04T22:45:15Z","entry_id":718141,"field1":"27.70","field2":"50.81","field3":"1008.54"},{"created_at":"2023-12-04T22:45:52Z","entry_id":718142,"field1":"27.69","field2":"50.82","field3":"1008.52"},{"created_at":"2023-12-04T22:46:08Z","entry_id":718143,"field1":"27.70","field2":"50.82","field3":"1008.52"},{"created_at":"2023-12-04T22:46:22Z","entry_id":718144,"field1":"27.70","field2":"50.82","field3":"1008.53"},{"created_at":"2023-12-04T22:46:28Z","entry_id":718145,"field1":"27.69","field2":"50.82","field3":"1008.50"},{"created_at":"2023-12-04T22:46:37Z","entry_id":718146,"field1":"27.70","field2":"50.82","field3":"1008.56"},{"created_at":"2023-12-04T22:46:46Z","entry_id":718147,"field1":"27.70","field2":"50.83","field3":"1008.52"},{"created_at":"2023-12-04T22:46:52Z","entry_id":718148,"field1":"27.70","field2":"50.83","field3":"1008.53"},{"created_at":"2023-12-04T22:47:20Z","entry_id":718149,"field1":"27.70","field2":"50.84","field3":"1008.53"},{"created_at":"2023-12-04T22:47:26Z","entry_id":718150,"field1":"27.71","field2":"50.83","field3":"1008.57"},{"created_at":"2023-12-04T22:47:43Z","entry_id":718151,"field1":"27.70","field2":"50.83","field3":"1008.53"},{"created_at":"2023-12-04T22:47:54Z","entry_id":718152,"field1":"27.70","field2":"50.82","field3":"1008.51"},{"created_at":"2023-12-04T22:49:51Z","entry_id":718153,"field1":"27.70","field2":"50.77","field3":"1008.54"},{"created_at":"2023-12-04T22:50:03Z","entry_id":718154,"field1":"27.70","field2":"50.79","field3":"1008.55"},{"created_at":"2023-12-04T22:50:12Z","entry_id":718155,"field1":"27.71","field2":"50.81","field3":"1008.57"},{"created_at":"2023-12-04T22:50:56Z","entry_id":718156,"field1":"27.71","field2":"50.82","field3":"1008.58"},{"created_at":"2023-12-04T22:51:02Z","entry_id":718157,"field1":"27.71","field2":"50.81","field3":"1008.58"},{"created_at":"2023-12-04T22:51:07Z","entry_id":718158,"field1":"27.71","field2":"50.81","field3":"1008.55"},{"created_at":"2023-12-04T22:51:26Z","entry_id":718159,"field1":"27.71","field2":"50.80","field3":"1008.57"},{"created_at":"2023-12-04T22:51:46Z","entry_id":718160,"field1":"27.70","field2":"50.79","field3":"1008.60"},{"created_at":"2023-12-04T22:52:21Z","entry_id":718161,"field1":"27.71","field2":"50.77","field3":"1008.60"},{"created_at":"2023-12-04T22:52:30Z","entry_id":718162,"field1":"27.70","field2":"50.77","field3":"1008.57"},{"created_at":"2023-12-04T22:52:44Z","entry_id":718163,"field1":"27.71","field2":"50.78","field3":"1008.60"},{"created_at":"2023-12-04T22:52:50Z","entry_id":718164,"field1":"27.71","field2":"50.78","field3":"1008.63"},{"created_at":"2023-12-04T22:54:16Z","entry_id":718165,"field1":"27.71","field2":"50.81","field3":"1008.61"},{"created_at":"2023-12-04T22:54:36Z","entry_id":718166,"field1":"27.71","field2":"50.78","field3":"1008.63"},{"created_at":"2023-12-04T22:54:55Z","entry_id":718167,"field1":"27.71","field2":"50.81","field3":"1008.65"},{"created_at":"2023-12-04T22:55:01Z","entry_id":718168,"field1":"27.71","field2":"50.82","field3":"1008.64"},{"created_at":"2023-12-04T22:55:16Z","entry_id":718169,"field1":"27.71","field2":"50.77","field3":"1008.65"},{"created_at":"2023-12-04T22:55:21Z","entry_id":718170,"field1":"27.71","field2":"50.78","field3":"1008.68"},{"created_at":"2023-12-04T22:55:27Z","entry_id":718171,"field1":"27.71","field2":"50.78","field3":"1008.65"},{"created_at":"2023-12-04T22:55:40Z","entry_id":718172,"field1":"27.71","field2":"50.82","field3":"1008.66"},{"created_at":"2023-12-04T22:56:07Z","entry_id":718173,"field1":"27.71","field2":"50.83","field3":"1008.70"},{"created_at":"2023-12-04T23:02:06Z","entry_id":718174,"field1":"27.71","field2":"50.81","field3":"1008.72"},{"created_at":"2023-12-04T23:02:42Z","entry_id":718175,"field1":"27.72","field2":"50.82","field3":"1008.78"}]}