{"channel":{"id":2245283,"name":"Lokasi-6","latitude":"0.0","longitude":"0.0","field1":"temp","field2":"hum","field3":"pressure",{"created_at":"2023-12-14T10:51:40Z","entry_id":724315,"field1":"27.31","field2":"50.94","field3":"1005.72"},{"created_at":"2023-12-14T10:52:43Z","entry_id":724316,"field1":"27.30","field2":"50.96","field3":"1005.71"},{"created_at":"2023-12-14T10:53:06Z","entry_id":724317,"field1":"27.30","field2":"50.97","field3":"1005.72"},{"created_at":"2023-12-14T10:57:37Z","entry_id":724318,"field1":"27.29","field2":"51.15","field3":"1005.69"},{"created_at":"2023-12-14T10:59:04Z","entry_id":724319,"field1":"27.30","field2":"51.19","field3":"1005.71"},{"created_at":"2023-12-14T11:02:25Z","entry_id":724320,"field1":"27.31","field2":"51.24","field3":"1005.78"},{"created_at":"2023-12-14T11:03:36Z","entry_id":724321,"field1":"27.32","field2":"51.20","field3":"1005.81"},{"created_at":"2023-12-14T11:04:05Z","entry_id":724322,"field1":"27.32","field2":"51.23","field3":"1005.84"},{"created_at":"2023-12-14T11:39:30Z","entry_id":724323,"field1":"27.57","field2":"51.34","field3":"1006.44"},{"created_at":"2023-12-14T11:39:36Z","entry_id":724324,"field1":"27.57","field2":"51.33","field3":"1006.44"},{"created_at":"2023-12-14T12:01:00Z","entry_id":724325,"field1":"27.63","field2":"51.44","field3":"1007.03"},{"created_at":"2023-12-14T12:01:06Z","entry_id":724326,"field1":"27.63","field2":"51.42","field3":"1006.97"},{"created_at":"2023-12-14T12:01:18Z","entry_id":724327,"field1":"27.63","field2":"51.44","field3":"1007.03"},{"created_at":"2023-12-14T12:01:49Z","entry_id":724328,"field1":"27.63","field2":"51.42","field3":"1007.02"},{"created_at":"2023-12-14T12:01:57Z","entry_id":724329,"field1":"27.63","field2":"51.45","field3":"1007.02"},{"created_at":"2023-12-14T12:02:54Z","entry_id":724330,"field1":"27.62","field2":"51.45","field3":"1007.02"},{"created_at":"2023-12-14T12:03:00Z","entry_id":724331,"field1":"27.62","field2":"51.46","field3":"1006.99"},{"created_at":"2023-12-14T12:04:49Z","entry_id":724332,"field1":"27.62","field2":"51.49","field3":"1006.99"},{"created_at":"2023-12-14T12:07:23Z","entry_id":724333,"field1":"27.59","field2":"51.54","field3":"1006.94"},{"created_at":"2023-12-14T12:07:37Z","entry_id":724334,"field1":"27.59","field2":"51.50","field3":"1006.94"},{"created_at":"2023-12-14T12:09:08Z","entry_id":724335,"field1":"27.58","field2":"51.55","field3":"1006.94"},{"created_at":"2023-12-14T12:09:56Z","entry_id":724336,"field1":"27.58","field2":"51.60","field3":"1006.92"},{"created_at":"2023-12-14T12:10:07Z","entry_id":724337,"field1":"27.58","field2":"51.62","field3":"1006.93"},{"created_at":"2023-12-14T12:11:05Z","entry_id":724338,"field1":"27.58","field2":"51.59","field3":"1006.93"},{"created_at":"2023-12-14T12:12:38Z","entry_id":724339,"field1":"27.58","field2":"51.65","field3":"1006.95"},{"created_at":"2023-12-14T12:12:58Z","entry_id":724340,"field1":"27.58","field2":"51.62","field3":"1006.93"},{"created_at":"2023-12-14T12:39:07Z","entry_id":724341,"field1":"27.51","field2":"51.99","field3":"1007.16"},{"created_at":"2023-12-14T12:40:11Z","entry_id":724342,"field1":"27.52","field2":"52.03","field3":"1007.19"},{"created_at":"2023-12-14T12:41:59Z","entry_id":724343,"field1":"27.52","field2":"52.05","field3":"1007.19"},{"created_at":"2023-12-14T12:42:11Z","entry_id":724344,"field1":"27.51","field2":"52.08","field3":"1007.18"},{"created_at":"2023-12-14T12:45:44Z","entry_id":724345,"field1":"27.53","field2":"52.06","field3":"1007.19"},{"created_at":"2023-12-14T12:48:28Z","entry_id":724346,"field1":"27.54","field2":"52.09","field3":"1007.27"},{"created_at":"2023-12-14T12:49:39Z","entry_id":724347,"field1":"27.56","field2":"52.11","field3":"1007.32"},{"created_at":"2023-12-14T12:50:33Z","entry_id":724348,"field1":"27.57","field2":"52.10","field3":"1007.33"},{"created_at":"2023-12-14T13:54:22Z","entry_id":724349,"field1":"27.96","field2":"51.63","field3":"1008.53"},{"created_at":"2023-12-14T13:54:46Z","entry_id":724350,"field1":"27.95","field2":"51.59","field3":"1008.52"},{"created_at":"2023-12-14T13:56:11Z","entry_id":724351,"field1":"27.95","field2":"51.58","field3":"1008.54"},{"created_at":"2023-12-14T13:59:45Z","entry_id":724352,"field1":"27.95","field2":"51.62","field3":"1008.63"},{"created_at":"2023-12-14T14:00:14Z","entry_id":724353,"field1":"27.95","field2":"51.59","field3":"1008.63"},{"created_at":"2023-12-14T14:03:41Z","entry_id":724354,"field1":"27.94","field2":"51.63","field3":"1008.79"},{"created_at":"2023-12-14T14:04:01Z","entry_id":724355,"field1":"27.94","field2":"51.63","field3":"1008.80"},{"created_at":"2023-12-14T14:39:59Z","entry_id":724356,"field1":"27.76","field2":"52.38","field3":"1009.10"},{"created_at":"2023-12-14T14:40:29Z","entry_id":724357,"field1":"27.75","field2":"52.37","field3":"1009.16"},{"created_at":"2023-12-14T14:41:15Z","entry_id":724358,"field1":"27.76","field2":"52.36","field3":"1009.11"},{"created_at":"2023-12-14T14:43:29Z","entry_id":724359,"field1":"27.79","field2":"52.37","field3":"1009.17"},{"created_at":"2023-12-14T14:47:01Z","entry_id":724360,"field1":"27.86","field2":"52.32","field3":"1009.18"},{"created_at":"2023-12-14T14:47:09Z","entry_id":724361,"field1":"27.85","field2":"52.30","field3":"1009.18"},{"created_at":"2023-12-14T14:49:15Z","entry_id":724362,"field1":"27.90","field2":"52.26","field3":"1009.15"},{"created_at":"2023-12-14T14:49:26Z","entry_id":724363,"field1":"27.90","field2":"52.26","field3":"1009.15"},{"created_at":"2023-12-14T14:51:30Z","entry_id":724364,"field1":"27.94","field2":"52.17","field3":"1009.17"},{"created_at":"2023-12-14T14:51:36Z","entry_id":724365,"field1":"27.94","field2":"52.15","field3":"1009.18"},{"created_at":"2023-12-14T15:14:18Z","entry_id":724366,"field1":"27.98","field2":"52.06","field3":"1009.15"},{"created_at":"2023-12-14T15:15:59Z","entry_id":724367,"field1":"27.98","field2":"52.08","field3":"1009.13"},{"created_at":"2023-12-14T15:17:18Z","entry_id":724368,"field1":"27.97","field2":"52.15","field3":"1009.14"},{"created_at":"2023-12-14T15:18:22Z","entry_id":724369,"field1":"27.97","field2":"52.15","field3":"1009.18"},{"created_at":"2023-12-14T15:18:55Z","entry_id":724370,"field1":"27.97","field2":"52.16","field3":"1009.11"},{"created_at":"2023-12-14T15:21:36Z","entry_id":724371,"field1":"27.95","field2":"52.20","field3":"1009.08"},{"created_at":"2023-12-14T16:28:50Z","entry_id":724372,"field1":"27.96","field2":"52.45","field3":"1009.08"},{"created_at":"2023-12-14T16:30:00Z","entry_id":724373,"field1":"27.96","field2":"52.51","field3":"1009.06"},{"created_at":"2023-12-14T16:30:01Z","entry_id":724374,"field1":"27.97","field2":"52.49","field3":"1009.07"},{"created_at":"2023-12-14T16:32:07Z","entry_id":724375,"field1":"27.97","field2":"52.51","field3":"1009.02"},{"created_at":"2023-12-14T16:52:15Z","entry_id":724376,"field1":"27.82","field2":"52.83","field3":"1008.90"},{"created_at":"2023-12-14T16:52:20Z","entry_id":724377,"field1":"27.82","field2":"52.79","field3":"1008.89"},{"created_at":"2023-12-14T16:53:15Z","entry_id":724378,"field1":"27.81","field2":"52.86","field3":"1008.87"},{"created_at":"2023-12-14T16:54:50Z","entry_id":724379,"field1":"27.79","field2":"52.95","field3":"1008.87"},{"created_at":"2023-12-14T16:56:21Z","entry_id":724380,"field1":"27.79","field2":"52.95","field3":"1008.86"},{"created_at":"2023-12-14T16:56:43Z","entry_id":724381,"field1":"27.79","field2":"52.95","field3":"1008.85"},{"created_at":"2023-12-14T17:00:07Z","entry_id":724382,"field1":"27.81","field2":"53.01","field3":"1008.90"},{"created_at":"2023-12-14T17:01:41Z","entry_id":724383,"field1":"27.83","field2":"53.00","field3":"1008.95"},{"created_at":"2023-12-14T17:02:10Z","entry_id":724384,"field1":"27.83","field2":"52.99","field3":"1008.96"},{"created_at":"2023-12-14T17:03:00Z","entry_id":724385,"field1":"27.82","field2":"53.01","field3":"1008.93"},{"created_at":"2023-12-14T17:03:39Z","entry_id":724386,"field1":"27.84","field2":"53.02","field3":"1008.96"},{"created_at":"2023-12-14T17:03:45Z","entry_id":724387,"field1":"27.83","field2":"52.99","field3":"1008.95"},{"created_at":"2023-12-14T17:06:18Z","entry_id":724388,"field1":"27.85","field2":"52.99","field3":"1008.94"},{"created_at":"2023-12-14T17:06:37Z","entry_id":724389,"field1":"27.86","field2":"52.96","field3":"1008.94"},{"created_at":"2023-12-14T17:07:04Z","entry_id":724390,"field1":"27.86","field2":"52.97","field3":"1008.94"},{"created_at":"2023-12-14T17:07:51Z","entry_id":724391,"field1":"27.87","field2":"52.98","field3":"1008.92"},{"created_at":"2023-12-14T17:09:49Z","entry_id":724392,"field1":"27.88","field2":"52.89","field3":"1008.91"},{"created_at":"2023-12-14T17:23:55Z","entry_id":724393,"field1":"27.86","field2":"53.01","field3":"1008.70"},{"created_at":"2023-12-14T17:24:52Z","entry_id":724394,"field1":"27.88","field2":"53.04","field3":"1008.75"},{"created_at":"2023-12-14T17:25:11Z","entry_id":724395,"field1":"27.88","field2":"53.00","field3":"1008.72"},{"created_at":"2023-12-14T17:25:58Z","entry_id":724396,"field1":"27.89","field2":"52.99","field3":"1008.69"},{"created_at":"2023-12-14T17:26:19Z","entry_id":724397,"field1":"27.90","field2":"53.02","field3":"1008.64"},{"created_at":"2023-12-14T17:26:49Z","entry_id":724398,"field1":"27.90","field2":"53.00","field3":"1008.67"},{"created_at":"2023-12-14T17:35:54Z","entry_id":724399,"field1":"28.09","field2":"52.65","field3":"1008.57"},{"created_at":"2023-12-14T17:51:14Z","entry_id":724400,"field1":"28.22","field2":"52.32","field3":"1008.55"},{"created_at":"2023-12-14T17:51:29Z","entry_id":724401,"field1":"28.22","field2":"52.32","field3":"1008.60"},{"created_at":"2023-12-14T18:02:00Z","entry_id":724402,"field1":"28.29","field2":"52.15","field3":"1008.53"},{"created_at":"2023-12-14T18:02:06Z","entry_id":724403,"field1":"28.29","field2":"52.15","field3":"1008.55"},{"created_at":"2023-12-14T18:02:39Z","entry_id":724404,"field1":"28.29","field2":"52.16","field3":"1008.57"},{"created_at":"2023-12-14T18:03:14Z","entry_id":724405,"field1":"28.29","field2":"52.13","field3":"1008.54"},{"created_at":"2023-12-14T18:04:07Z","entry_id":724406,"field1":"28.30","field2":"52.10","field3":"1008.56"},{"created_at":"2023-12-14T18:05:48Z","entry_id":724407,"field1":"28.31","field2":"52.09","field3":"1008.62"},{"created_at":"2023-12-14T18:07:15Z","entry_id":724408,"field1":"28.31","field2":"52.09","field3":"1008.62"},{"created_at":"2023-12-14T18:08:42Z","entry_id":724409,"field1":"28.31","field2":"52.08","field3":"1008.62"},{"created_at":"2023-12-14T18:09:10Z","entry_id":724410,"field1":"28.32","field2":"52.07","field3":"1008.62"},{"created_at":"2023-12-14T18:09:42Z","entry_id":724411,"field1":"28.32","field2":"52.06","field3":"1008.61"},{"created_at":"2023-12-14T18:09:53Z","entry_id":724412,"field1":"28.33","field2":"52.06","field3":"1008.61"},{"created_at":"2023-12-14T18:11:06Z","entry_id":724413,"field1":"28.31","field2":"52.04","field3":"1008.61"},{"created_at":"2023-12-14T18:18:09Z","entry_id":724414,"field1":"28.33","field2":"51.98","field3":"1008.47"},{"created_at":"2023-12-14T18:19:26Z","entry_id":724415,"field1":"28.31","field2":"52.01","field3":"1008.45"},{"created_at":"2023-12-14T18:20:02Z","entry_id":724416,"field1":"28.31","field2":"52.02","field3":"1008.45"},{"created_at":"2023-12-14T18:21:18Z","entry_id":724417,"field1":"28.29","field2":"52.05","field3":"1008.43"},{"created_at":"2023-12-14T18:26:06Z","entry_id":724418,"field1":"28.21","field2":"52.16","field3":"1008.48"},{"created_at":"2023-12-14T18:26:30Z","entry_id":724419,"field1":"28.21","field2":"52.19","field3":"1008.45"},{"created_at":"2023-12-14T18:31:48Z","entry_id":724420,"field1":"28.11","field2":"52.38","field3":"1008.48"},{"created_at":"2023-12-14T18:31:51Z","entry_id":724421,"field1":"28.12","field2":"52.38","field3":"1008.47"},{"created_at":"2023-12-14T18:32:02Z","entry_id":724422,"field1":"28.11","field2":"52.38","field3":"1008.47"},{"created_at":"2023-12-14T18:32:45Z","entry_id":724423,"field1":"28.09","field2":"52.43","field3":"1008.49"},{"created_at":"2023-12-14T18:32:48Z","entry_id":724424,"field1":"28.09","field2":"52.43","field3":"1008.46"},{"created_at":"2023-12-14T18:33:52Z","entry_id":724425,"field1":"28.08","field2":"52.45","field3":"1008.48"},{"created_at":"2023-12-14T18:34:27Z","entry_id":724426,"field1":"28.07","field2":"52.53","field3":"1008.46"},{"created_at":"2023-12-14T18:37:59Z","entry_id":724427,"field1":"28.04","field2":"52.62","field3":"1008.38"},{"created_at":"2023-12-14T18:38:49Z","entry_id":724428,"field1":"28.05","field2":"52.69","field3":"1008.40"},{"created_at":"2023-12-14T18:38:55Z","entry_id":724429,"field1":"28.05","field2":"52.68","field3":"1008.39"},{"created_at":"2023-12-14T18:39:10Z","entry_id":724430,"field1":"28.05","field2":"52.68","field3":"1008.43"},{"created_at":"2023-12-14T18:40:55Z","entry_id":724431,"field1":"28.04","field2":"52.69","field3":"1008.37"},{"created_at":"2023-12-14T18:41:01Z","entry_id":724432,"field1":"28.05","field2":"52.68","field3":"1008.39"},{"created_at":"2023-12-14T18:41:41Z","entry_id":724433,"field1":"28.05","field2":"52.69","field3":"1008.36"},{"created_at":"2023-12-14T18:41:51Z","entry_id":724434,"field1":"28.05","field2":"52.67","field3":"1008.35"},{"created_at":"2023-12-14T18:42:06Z","entry_id":724435,"field1":"28.05","field2":"52.67","field3":"1008.35"},{"created_at":"2023-12-14T18:42:12Z","entry_id":724436,"field1":"28.05","field2":"52.68","field3":"1008.36"},{"created_at":"2023-12-14T18:43:00Z","entry_id":724437,"field1":"28.03","field2":"52.67","field3":"1008.30"},{"created_at":"2023-12-14T18:43:20Z","entry_id":724438,"field1":"28.06","field2":"52.70","field3":"1008.37"},{"created_at":"2023-12-14T18:45:11Z","entry_id":724439,"field1":"28.05","field2":"52.69","field3":"1008.36"},{"created_at":"2023-12-14T18:45:28Z","entry_id":724440,"field1":"28.05","field2":"52.69","field3":"1008.36"},{"created_at":"2023-12-14T18:45:37Z","entry_id":724441,"field1":"28.05","field2":"52.70","field3":"1008.37"},{"created_at":"2023-12-14T18:46:11Z","entry_id":724442,"field1":"28.05","field2":"52.70","field3":"1008.37"},{"created_at":"2023-12-14T18:46:13Z","entry_id":724443,"field1":"28.06","field2":"52.70","field3":"1008.39"},{"created_at":"2023-12-14T18:46:19Z","entry_id":724444,"field1":"28.05","field2":"52.71","field3":"1008.35"},{"created_at":"2023-12-14T18:47:36Z","entry_id":724445,"field1":"28.05","field2":"52.76","field3":"1008.33"},{"created_at":"2023-12-14T18:47:56Z","entry_id":724446,"field1":"28.06","field2":"52.73","field3":"1008.34"},{"created_at":"2023-12-14T18:48:29Z","entry_id":724447,"field1":"28.05","field2":"52.76","field3":"1008.35"},{"created_at":"2023-12-14T18:49:08Z","entry_id":724448,"field1":"28.06","field2":"52.72","field3":"1008.33"},{"created_at":"2023-12-14T18:49:50Z","entry_id":724449,"field1":"28.06","field2":"52.75","field3":"1008.29"},{"created_at":"2023-12-14T18:50:07Z","entry_id":724450,"field1":"28.06","field2":"52.76","field3":"1008.28"},{"created_at":"2023-12-14T18:50:28Z","entry_id":724451,"field1":"28.05","field2":"52.76","field3":"1008.26"},{"created_at":"2023-12-14T18:50:56Z","entry_id":724452,"field1":"28.06","field2":"52.75","field3":"1008.29"},{"created_at":"2023-12-14T18:51:10Z","entry_id":724453,"field1":"28.06","field2":"52.75","field3":"1008.31"},{"created_at":"2023-12-14T19:08:20Z","entry_id":724454,"field1":"27.90","field2":"53.14","field3":"1008.19"},{"created_at":"2023-12-14T19:09:11Z","entry_id":724455,"field1":"27.91","field2":"53.15","field3":"1008.18"},{"created_at":"2023-12-14T19:09:21Z","entry_id":724456,"field1":"27.91","field2":"53.17","field3":"1008.22"},{"created_at":"2023-12-14T19:09:29Z","entry_id":724457,"field1":"27.91","field2":"53.17","field3":"1008.23"},{"created_at":"2023-12-14T19:09:39Z","entry_id":724458,"field1":"27.91","field2":"53.21","field3":"1008.19"},{"created_at":"2023-12-14T19:09:47Z","entry_id":724459,"field1":"27.91","field2":"53.23","field3":"1008.19"},{"created_at":"2023-12-14T19:10:39Z","entry_id":724460,"field1":"27.90","field2":"53.23","field3":"1008.20"},{"created_at":"2023-12-14T19:10:51Z","entry_id":724461,"field1":"27.90","field2":"53.23","field3":"1008.21"},{"created_at":"2023-12-14T19:11:05Z","entry_id":724462,"field1":"27.90","field2":"53.24","field3":"1008.25"},{"created_at":"2023-12-14T19:11:29Z","entry_id":724463,"field1":"27.90","field2":"53.28","field3":"1008.22"},{"created_at":"2023-12-14T19:11:49Z","entry_id":724464,"field1":"27.90","field2":"53.29","field3":"1008.26"},{"created_at":"2023-12-14T19:12:09Z","entry_id":724465,"field1":"27.90","field2":"53.28","field3":"1008.20"},{"created_at":"2023-12-14T19:12:21Z","entry_id":724466,"field1":"27.90","field2":"53.29","field3":"1008.19"},{"created_at":"2023-12-14T19:12:35Z","entry_id":724467,"field1":"27.91","field2":"53.29","field3":"1008.22"},{"created_at":"2023-12-14T19:12:38Z","entry_id":724468,"field1":"27.90","field2":"53.29","field3":"1008.19"},{"created_at":"2023-12-14T19:12:58Z","entry_id":724469,"field1":"27.90","field2":"53.29","field3":"1008.23"},{"created_at":"2023-12-14T19:13:10Z","entry_id":724470,"field1":"27.90","field2":"53.24","field3":"1008.23"},{"created_at":"2023-12-14T19:13:16Z","entry_id":724471,"field1":"27.90","field2":"53.24","field3":"1008.22"},{"created_at":"2023-12-14T19:13:24Z","entry_id":724472,"field1":"27.90","field2":"53.28","field3":"1008.20"},{"created_at":"2023-12-14T19:13:27Z","entry_id":724473,"field1":"27.91","field2":"53.28","field3":"1008.19"},{"created_at":"2023-12-14T19:13:39Z","entry_id":724474,"field1":"27.91","field2":"53.28","field3":"1008.22"},{"created_at":"2023-12-14T19:13:53Z","entry_id":724475,"field1":"27.91","field2":"53.27","field3":"1008.23"},{"created_at":"2023-12-14T19:14:46Z","entry_id":724476,"field1":"27.92","field2":"53.30","field3":"1008.20"},{"created_at":"2023-12-14T19:15:44Z","entry_id":724477,"field1":"27.92","field2":"53.29","field3":"1008.20"},{"created_at":"2023-12-14T19:16:40Z","entry_id":724478,"field1":"27.92","field2":"53.26","field3":"1008.20"},{"created_at":"2023-12-14T19:16:54Z","entry_id":724479,"field1":"27.92","field2":"53.28","field3":"1008.21"},{"created_at":"2023-12-14T19:17:39Z","entry_id":724480,"field1":"27.93","field2":"53.26","field3":"1008.20"},{"created_at":"2023-12-14T19:18:14Z","entry_id":724481,"field1":"27.93","field2":"53.29","field3":"1008.22"},{"created_at":"2023-12-14T19:18:16Z","entry_id":724482,"field1":"27.93","field2":"53.29","field3":"1008.21"},{"created_at":"2023-12-14T19:18:42Z","entry_id":724483,"field1":"27.94","field2":"53.26","field3":"1008.23"},{"created_at":"2023-12-14T19:18:48Z","entry_id":724484,"field1":"27.94","field2":"53.24","field3":"1008.19"},{"created_at":"2023-12-14T19:19:02Z","entry_id":724485,"field1":"27.94","field2":"53.30","field3":"1008.16"},{"created_at":"2023-12-14T19:19:22Z","entry_id":724486,"field1":"27.94","field2":"53.28","field3":"1008.23"},{"created_at":"2023-12-14T19:19:59Z","entry_id":724487,"field1":"27.95","field2":"53.28","field3":"1008.21"},{"created_at":"2023-12-14T19:20:24Z","entry_id":724488,"field1":"27.95","field2":"53.26","field3":"1008.20"},{"created_at":"2023-12-14T19:20:43Z","entry_id":724489,"field1":"27.95","field2":"53.29","field3":"1008.20"},{"created_at":"2023-12-14T19:20:47Z","entry_id":724490,"field1":"27.96","field2":"53.30","field3":"1008.20"},{"created_at":"2023-12-14T19:20:56Z","entry_id":724491,"field1":"27.95","field2":"53.29","field3":"1008.21"},{"created_at":"2023-12-14T19:21:08Z","entry_id":724492,"field1":"27.96","field2":"53.31","field3":"1008.22"},{"created_at":"2023-12-14T19:21:31Z","entry_id":724493,"field1":"27.96","field2":"53.24","field3":"1008.21"},{"created_at":"2023-12-14T19:22:08Z","entry_id":724494,"field1":"27.97","field2":"53.29","field3":"1008.21"},{"created_at":"2023-12-14T19:22:33Z","entry_id":724495,"field1":"27.97","field2":"53.29","field3":"1008.18"},{"created_at":"2023-12-14T19:22:39Z","entry_id":724496,"field1":"27.97","field2":"53.27","field3":"1008.18"},{"created_at":"2023-12-14T19:22:47Z","entry_id":724497,"field1":"27.97","field2":"53.29","field3":"1008.18"},{"created_at":"2023-12-14T19:22:53Z","entry_id":724498,"field1":"27.97","field2":"53.29","field3":"1008.18"},{"created_at":"2023-12-14T19:23:32Z","entry_id":724499,"field1":"27.97","field2":"53.29","field3":"1008.20"},{"created_at":"2023-12-14T19:23:35Z","entry_id":724500,"field1":"27.97","field2":"53.29","field3":"1008.21"},{"created_at":"2023-12-14T19:23:41Z","entry_id":724501,"field1":"27.97","field2":"53.27","field3":"1008.20"},{"created_at":"2023-12-14T19:24:15Z","entry_id":724502,"field1":"27.97","field2":"53.24","field3":"1008.17"},{"created_at":"2023-12-14T19:24:51Z","entry_id":724503,"field1":"27.98","field2":"53.25","field3":"1008.17"},{"created_at":"2023-12-14T19:25:37Z","entry_id":724504,"field1":"27.98","field2":"53.22","field3":"1008.18"},{"created_at":"2023-12-14T19:26:15Z","entry_id":724505,"field1":"27.97","field2":"53.23","field3":"1008.16"},{"created_at":"2023-12-14T19:26:23Z","entry_id":724506,"field1":"27.98","field2":"53.22","field3":"1008.19"},{"created_at":"2023-12-14T19:26:44Z","entry_id":724507,"field1":"27.98","field2":"53.26","field3":"1008.17"},{"created_at":"2023-12-14T19:26:53Z","entry_id":724508,"field1":"27.99","field2":"53.24","field3":"1008.20"},{"created_at":"2023-12-14T19:26:58Z","entry_id":724509,"field1":"27.99","field2":"53.25","field3":"1008.19"},{"created_at":"2023-12-14T19:27:04Z","entry_id":724510,"field1":"27.99","field2":"53.25","field3":"1008.20"},{"created_at":"2023-12-14T19:27:10Z","entry_id":724511,"field1":"27.99","field2":"53.26","field3":"1008.21"},{"created_at":"2023-12-14T19:27:16Z","entry_id":724512,"field1":"27.99","field2":"53.26","field3":"1008.20"},{"created_at":"2023-12-14T19:27:27Z","entry_id":724513,"field1":"27.99","field2":"53.25","field3":"1008.21"},{"created_at":"2023-12-14T19:27:41Z","entry_id":724514,"field1":"27.99","field2":"53.25","field3":"1008.19"},{"created_at":"2023-12-14T19:27:53Z","entry_id":724515,"field1":"27.99","field2":"53.26","field3":"1008.15"},{"created_at":"2023-12-14T19:28:10Z","entry_id":724516,"field1":"27.97","field2":"53.26","field3":"1008.11"},{"created_at":"2023-12-14T19:28:16Z","entry_id":724517,"field1":"27.99","field2":"53.28","field3":"1008.16"},{"created_at":"2023-12-14T19:28:33Z","entry_id":724518,"field1":"27.99","field2":"53.26","field3":"1008.16"},{"created_at":"2023-12-14T19:28:39Z","entry_id":724519,"field1":"27.99","field2":"53.26","field3":"1008.18"},{"created_at":"2023-12-14T19:29:05Z","entry_id":724520,"field1":"27.99","field2":"53.23","field3":"1008.13"},{"created_at":"2023-12-14T19:29:25Z","entry_id":724521,"field1":"27.99","field2":"53.24","field3":"1008.15"},{"created_at":"2023-12-14T19:29:38Z","entry_id":724522,"field1":"27.99","field2":"53.23","field3":"1008.15"},{"created_at":"2023-12-14T19:29:48Z","entry_id":724523,"field1":"28.00","field2":"53.24","field3":"1008.11"},{"created_at":"2023-12-14T19:29:56Z","entry_id":724524,"field1":"27.99","field2":"53.24","field3":"1008.10"},{"created_at":"2023-12-14T19:30:14Z","entry_id":724525,"field1":"28.00","field2":"53.22","field3":"1008.10"},{"created_at":"2023-12-14T19:30:22Z","entry_id":724526,"field1":"28.00","field2":"53.24","field3":"1008.11"},{"created_at":"2023-12-14T19:36:09Z","entry_id":724527,"field1":"27.99","field2":"53.25","field3":"1008.08"},{"created_at":"2023-12-14T19:36:15Z","entry_id":724528,"field1":"27.99","field2":"53.23","field3":"1008.10"},{"created_at":"2023-12-14T19:36:20Z","entry_id":724529,"field1":"27.99","field2":"53.24","field3":"1008.12"},{"created_at":"2023-12-14T19:36:32Z","entry_id":724530,"field1":"27.99","field2":"53.23","field3":"1008.11"},{"created_at":"2023-12-14T19:36:39Z","entry_id":724531,"field1":"27.99","field2":"53.25","field3":"1008.11"},{"created_at":"2023-12-14T19:36:55Z","entry_id":724532,"field1":"27.99","field2":"53.25","field3":"1008.06"},{"created_at":"2023-12-14T19:37:00Z","entry_id":724533,"field1":"27.99","field2":"53.24","field3":"1008.12"},{"created_at":"2023-12-14T19:37:06Z","entry_id":724534,"field1":"27.99","field2":"53.23","field3":"1008.09"},{"created_at":"2023-12-14T19:37:35Z","entry_id":724535,"field1":"27.98","field2":"53.26","field3":"1008.08"},{"created_at":"2023-12-14T19:38:01Z","entry_id":724536,"field1":"27.98","field2":"53.24","field3":"1008.09"},{"created_at":"2023-12-14T19:38:07Z","entry_id":724537,"field1":"27.99","field2":"53.25","field3":"1008.10"},{"created_at":"2023-12-14T19:38:27Z","entry_id":724538,"field1":"27.98","field2":"53.24","field3":"1008.08"},{"created_at":"2023-12-14T19:38:33Z","entry_id":724539,"field1":"27.98","field2":"53.25","field3":"1008.05"},{"created_at":"2023-12-14T19:38:50Z","entry_id":724540,"field1":"27.98","field2":"53.28","field3":"1008.05"},{"created_at":"2023-12-14T19:39:06Z","entry_id":724541,"field1":"27.99","field2":"53.28","field3":"1008.08"},{"created_at":"2023-12-14T19:40:00Z","entry_id":724542,"field1":"27.98","field2":"53.29","field3":"1008.07"},{"created_at":"2023-12-14T19:40:15Z","entry_id":724543,"field1":"27.98","field2":"53.30","field3":"1008.05"},{"created_at":"2023-12-14T19:40:26Z","entry_id":724544,"field1":"27.98","field2":"53.29","field3":"1008.07"},{"created_at":"2023-12-14T19:40:32Z","entry_id":724545,"field1":"27.98","field2":"53.31","field3":"1008.04"},{"created_at":"2023-12-14T19:40:44Z","entry_id":724546,"field1":"27.98","field2":"53.28","field3":"1008.07"},{"created_at":"2023-12-14T19:40:52Z","entry_id":724547,"field1":"27.98","field2":"53.25","field3":"1008.03"},{"created_at":"2023-12-14T19:41:27Z","entry_id":724548,"field1":"27.99","field2":"53.28","field3":"1008.05"},{"created_at":"2023-12-14T19:41:55Z","entry_id":724549,"field1":"27.98","field2":"53.28","field3":"1008.04"},{"created_at":"2023-12-14T19:42:24Z","entry_id":724550,"field1":"27.98","field2":"53.29","field3":"1007.98"},{"created_at":"2023-12-14T19:43:03Z","entry_id":724551,"field1":"27.99","field2":"53.31","field3":"1008.03"},{"created_at":"2023-12-14T19:43:17Z","entry_id":724552,"field1":"27.99","field2":"53.25","field3":"1008.03"},{"created_at":"2023-12-14T19:44:51Z","entry_id":724553,"field1":"27.99","field2":"53.31","field3":"1008.00"},{"created_at":"2023-12-14T19:44:56Z","entry_id":724554,"field1":"27.99","field2":"53.31","field3":"1007.99"},{"created_at":"2023-12-14T19:45:08Z","entry_id":724555,"field1":"27.99","field2":"53.30","field3":"1008.01"},{"created_at":"2023-12-14T19:45:36Z","entry_id":724556,"field1":"27.99","field2":"53.30","field3":"1007.98"},{"created_at":"2023-12-14T19:45:42Z","entry_id":724557,"field1":"27.99","field2":"53.29","field3":"1007.98"},{"created_at":"2023-12-14T19:45:48Z","entry_id":724558,"field1":"27.99","field2":"53.28","field3":"1007.97"},{"created_at":"2023-12-14T19:45:54Z","entry_id":724559,"field1":"27.99","field2":"53.29","field3":"1007.97"},{"created_at":"2023-12-14T19:46:00Z","entry_id":724560,"field1":"27.99","field2":"53.29","field3":"1008.00"},{"created_at":"2023-12-14T19:46:11Z","entry_id":724561,"field1":"27.99","field2":"53.31","field3":"1007.99"},{"created_at":"2023-12-14T19:46:54Z","entry_id":724562,"field1":"27.99","field2":"53.30","field3":"1008.00"},{"created_at":"2023-12-14T19:47:06Z","entry_id":724563,"field1":"27.99","field2":"53.31","field3":"1007.99"},{"created_at":"2023-12-14T19:47:20Z","entry_id":724564,"field1":"27.99","field2":"53.31","field3":"1007.99"},{"created_at":"2023-12-14T19:47:26Z","entry_id":724565,"field1":"27.99","field2":"53.30","field3":"1007.99"},{"created_at":"2023-12-14T19:47:40Z","entry_id":724566,"field1":"27.99","field2":"53.26","field3":"1007.97"},{"created_at":"2023-12-14T19:47:43Z","entry_id":724567,"field1":"27.99","field2":"53.24","field3":"1007.97"},{"created_at":"2023-12-14T19:47:54Z","entry_id":724568,"field1":"27.99","field2":"53.26","field3":"1007.93"},{"created_at":"2023-12-14T19:48:00Z","entry_id":724569,"field1":"27.99","field2":"53.30","field3":"1007.92"},{"created_at":"2023-12-14T19:48:06Z","entry_id":724570,"field1":"28.00","field2":"53.28","field3":"1007.95"},{"created_at":"2023-12-14T19:48:12Z","entry_id":724571,"field1":"28.00","field2":"53.30","field3":"1007.95"},{"created_at":"2023-12-14T19:48:24Z","entry_id":724572,"field1":"28.00","field2":"53.25","field3":"1007.95"},{"created_at":"2023-12-14T19:48:33Z","entry_id":724573,"field1":"27.99","field2":"53.26","field3":"1007.96"},{"created_at":"2023-12-14T19:48:36Z","entry_id":724574,"field1":"27.99","field2":"53.26","field3":"1007.97"},{"created_at":"2023-12-14T19:48:41Z","entry_id":724575,"field1":"28.00","field2":"53.26","field3":"1007.95"},{"created_at":"2023-12-14T19:48:47Z","entry_id":724576,"field1":"27.99","field2":"53.26","field3":"1007.95"},{"created_at":"2023-12-14T19:49:08Z","entry_id":724577,"field1":"28.00","field2":"53.29","field3":"1007.97"},{"created_at":"2023-12-14T19:49:19Z","entry_id":724578,"field1":"27.99","field2":"53.28","field3":"1007.96"},{"created_at":"2023-12-14T19:49:27Z","entry_id":724579,"field1":"27.99","field2":"53.28","field3":"1007.94"},{"created_at":"2023-12-14T19:49:35Z","entry_id":724580,"field1":"27.99","field2":"53.28","field3":"1007.98"},{"created_at":"2023-12-14T19:49:46Z","entry_id":724581,"field1":"28.00","field2":"53.29","field3":"1007.95"},{"created_at":"2023-12-14T19:50:01Z","entry_id":724582,"field1":"28.00","field2":"53.29","field3":"1007.94"},{"created_at":"2023-12-14T19:50:28Z","entry_id":724583,"field1":"28.00","field2":"53.28","field3":"1007.94"},{"created_at":"2023-12-14T19:50:41Z","entry_id":724584,"field1":"28.00","field2":"53.30","field3":"1007.95"},{"created_at":"2023-12-14T19:53:15Z","entry_id":724585,"field1":"28.01","field2":"53.27","field3":"1007.88"},{"created_at":"2023-12-14T19:53:24Z","entry_id":724586,"field1":"28.00","field2":"53.24","field3":"1007.92"},{"created_at":"2023-12-14T19:53:41Z","entry_id":724587,"field1":"28.00","field2":"53.28","field3":"1007.92"},{"created_at":"2023-12-14T19:54:39Z","entry_id":724588,"field1":"28.01","field2":"53.27","field3":"1007.92"},{"created_at":"2023-12-14T19:55:04Z","entry_id":724589,"field1":"28.01","field2":"53.22","field3":"1007.86"},{"created_at":"2023-12-14T19:55:50Z","entry_id":724590,"field1":"28.01","field2":"53.27","field3":"1007.88"},{"created_at":"2023-12-14T19:56:14Z","entry_id":724591,"field1":"27.99","field2":"53.29","field3":"1007.81"},{"created_at":"2023-12-14T19:56:28Z","entry_id":724592,"field1":"28.01","field2":"53.26","field3":"1007.88"},{"created_at":"2023-12-14T19:56:34Z","entry_id":724593,"field1":"28.01","field2":"53.26","field3":"1007.84"},{"created_at":"2023-12-14T19:56:45Z","entry_id":724594,"field1":"28.01","field2":"53.26","field3":"1007.86"},{"created_at":"2023-12-14T19:57:04Z","entry_id":724595,"field1":"28.01","field2":"53.24","field3":"1007.87"},{"created_at":"2023-12-14T19:57:16Z","entry_id":724596,"field1":"27.99","field2":"53.23","field3":"1007.85"},{"created_at":"2023-12-14T19:57:50Z","entry_id":724597,"field1":"28.01","field2":"53.24","field3":"1007.87"},{"created_at":"2023-12-14T19:58:01Z","entry_id":724598,"field1":"28.01","field2":"53.28","field3":"1007.88"},{"created_at":"2023-12-14T19:58:24Z","entry_id":724599,"field1":"28.01","field2":"53.26","field3":"1007.87"},{"created_at":"2023-12-14T19:58:30Z","entry_id":724600,"field1":"28.01","field2":"53.27","field3":"1007.91"},{"created_at":"2023-12-14T19:58:42Z","entry_id":724601,"field1":"28.02","field2":"53.28","field3":"1007.87"},{"created_at":"2023-12-14T19:58:48Z","entry_id":724602,"field1":"28.03","field2":"53.27","field3":"1007.90"},{"created_at":"2023-12-14T19:59:11Z","entry_id":724603,"field1":"28.02","field2":"53.30","field3":"1007.87"},{"created_at":"2023-12-14T19:59:34Z","entry_id":724604,"field1":"28.03","field2":"53.26","field3":"1007.88"},{"created_at":"2023-12-14T19:59:42Z","entry_id":724605,"field1":"28.03","field2":"53.25","field3":"1007.89"},{"created_at":"2023-12-14T19:59:51Z","entry_id":724606,"field1":"28.03","field2":"53.26","field3":"1007.89"},{"created_at":"2023-12-14T20:00:31Z","entry_id":724607,"field1":"28.03","field2":"53.23","field3":"1007.90"},{"created_at":"2023-12-14T20:00:37Z","entry_id":724608,"field1":"28.03","field2":"53.23","field3":"1007.89"},{"created_at":"2023-12-14T20:01:39Z","entry_id":724609,"field1":"28.04","field2":"53.26","field3":"1007.89"},{"created_at":"2023-12-14T20:01:56Z","entry_id":724610,"field1":"28.03","field2":"53.23","field3":"1007.87"},{"created_at":"2023-12-14T20:02:32Z","entry_id":724611,"field1":"28.04","field2":"53.26","field3":"1007.89"},{"created_at":"2023-12-14T20:03:37Z","entry_id":724612,"field1":"28.04","field2":"53.25","field3":"1007.85"},{"created_at":"2023-12-14T20:04:05Z","entry_id":724613,"field1":"28.05","field2":"53.24","field3":"1007.87"},{"created_at":"2023-12-14T20:04:11Z","entry_id":724614,"field1":"28.04","field2":"53.25","field3":"1007.84"},{"created_at":"2023-12-14T20:05:03Z","entry_id":724615,"field1":"28.05","field2":"53.24","field3":"1007.82"},{"created_at":"2023-12-14T20:06:03Z","entry_id":724616,"field1":"28.05","field2":"53.24","field3":"1007.87"},{"created_at":"2023-12-14T20:08:31Z","entry_id":724617,"field1":"28.05","field2":"53.24","field3":"1007.90"},{"created_at":"2023-12-14T20:08:39Z","entry_id":724618,"field1":"28.05","field2":"53.22","field3":"1007.86"},{"created_at":"2023-12-14T20:08:45Z","entry_id":724619,"field1":"28.06","field2":"53.23","field3":"1007.82"},{"created_at":"2023-12-14T20:10:13Z","entry_id":724620,"field1":"28.06","field2":"53.23","field3":"1007.83"},{"created_at":"2023-12-14T20:12:31Z","entry_id":724621,"field1":"28.06","field2":"53.18","field3":"1007.79"},{"created_at":"2023-12-14T20:18:27Z","entry_id":724622,"field1":"28.08","field2":"53.19","field3":"1007.83"},{"created_at":"2023-12-14T20:18:39Z","entry_id":724623,"field1":"28.08","field2":"53.18","field3":"1007.80"},{"created_at":"2023-12-14T20:18:45Z","entry_id":724624,"field1":"28.08","field2":"53.16","field3":"1007.82"},{"created_at":"2023-12-14T20:18:56Z","entry_id":724625,"field1":"28.08","field2":"53.16","field3":"1007.82"},{"created_at":"2023-12-14T20:19:13Z","entry_id":724626,"field1":"28.07","field2":"53.19","field3":"1007.80"},{"created_at":"2023-12-14T20:19:19Z","entry_id":724627,"field1":"28.08","field2":"53.17","field3":"1007.81"},{"created_at":"2023-12-14T20:19:50Z","entry_id":724628,"field1":"28.08","field2":"53.18","field3":"1007.79"},{"created_at":"2023-12-14T20:20:01Z","entry_id":724629,"field1":"28.08","field2":"53.19","field3":"1007.79"},{"created_at":"2023-12-14T20:20:07Z","entry_id":724630,"field1":"28.08","field2":"53.19","field3":"1007.78"},{"created_at":"2023-12-14T20:20:13Z","entry_id":724631,"field1":"28.08","field2":"53.19","field3":"1007.81"},{"created_at":"2023-12-14T20:20:22Z","entry_id":724632,"field1":"28.08","field2":"53.17","field3":"1007.80"},{"created_at":"2023-12-14T20:20:25Z","entry_id":724633,"field1":"28.08","field2":"53.16","field3":"1007.83"},{"created_at":"2023-12-14T20:20:42Z","entry_id":724634,"field1":"28.08","field2":"53.15","field3":"1007.81"},{"created_at":"2023-12-14T20:20:48Z","entry_id":724635,"field1":"28.08","field2":"53.18","field3":"1007.81"},{"created_at":"2023-12-14T20:20:53Z","entry_id":724636,"field1":"28.08","field2":"53.18","field3":"1007.85"},{"created_at":"2023-12-14T20:20:59Z","entry_id":724637,"field1":"28.09","field2":"53.20","field3":"1007.82"},{"created_at":"2023-12-14T20:21:33Z","entry_id":724638,"field1":"28.08","field2":"53.16","field3":"1007.81"},{"created_at":"2023-12-14T20:21:39Z","entry_id":724639,"field1":"28.09","field2":"53.17","field3":"1007.85"},{"created_at":"2023-12-14T20:21:45Z","entry_id":724640,"field1":"28.09","field2":"53.15","field3":"1007.84"},{"created_at":"2023-12-14T20:21:56Z","entry_id":724641,"field1":"28.09","field2":"53.15","field3":"1007.84"},{"created_at":"2023-12-14T20:22:08Z","entry_id":724642,"field1":"28.09","field2":"53.15","field3":"1007.85"},{"created_at":"2023-12-14T20:22:35Z","entry_id":724643,"field1":"28.08","field2":"53.16","field3":"1007.82"},{"created_at":"2023-12-14T20:22:40Z","entry_id":724644,"field1":"28.09","field2":"53.16","field3":"1007.84"},{"created_at":"2023-12-14T20:22:49Z","entry_id":724645,"field1":"28.08","field2":"53.15","field3":"1007.85"},{"created_at":"2023-12-14T20:23:00Z","entry_id":724646,"field1":"28.09","field2":"53.15","field3":"1007.83"},{"created_at":"2023-12-14T20:23:06Z","entry_id":724647,"field1":"28.09","field2":"53.16","field3":"1007.87"},{"created_at":"2023-12-14T20:23:12Z","entry_id":724648,"field1":"28.09","field2":"53.15","field3":"1007.85"},{"created_at":"2023-12-14T20:23:28Z","entry_id":724649,"field1":"28.08","field2":"53.15","field3":"1007.85"},{"created_at":"2023-12-14T20:23:45Z","entry_id":724650,"field1":"28.08","field2":"53.15","field3":"1007.87"},{"created_at":"2023-12-14T20:23:51Z","entry_id":724651,"field1":"28.09","field2":"53.15","field3":"1007.86"},{"created_at":"2023-12-14T20:24:07Z","entry_id":724652,"field1":"28.09","field2":"53.20","field3":"1007.88"},{"created_at":"2023-12-14T20:24:18Z","entry_id":724653,"field1":"28.09","field2":"53.16","field3":"1007.89"},{"created_at":"2023-12-14T20:24:45Z","entry_id":724654,"field1":"28.09","field2":"53.14","field3":"1007.86"},{"created_at":"2023-12-14T20:24:59Z","entry_id":724655,"field1":"28.09","field2":"53.13","field3":"1007.90"},{"created_at":"2023-12-14T20:25:19Z","entry_id":724656,"field1":"28.08","field2":"53.16","field3":"1007.89"},{"created_at":"2023-12-14T20:25:53Z","entry_id":724657,"field1":"28.09","field2":"53.13","field3":"1007.91"},{"created_at":"2023-12-14T20:25:59Z","entry_id":724658,"field1":"28.08","field2":"53.16","field3":"1007.92"},{"created_at":"2023-12-14T20:26:10Z","entry_id":724659,"field1":"28.09","field2":"53.15","field3":"1007.93"},{"created_at":"2023-12-14T20:26:30Z","entry_id":724660,"field1":"28.09","field2":"53.14","field3":"1007.95"},{"created_at":"2023-12-14T20:27:16Z","entry_id":724661,"field1":"28.09","field2":"53.15","field3":"1007.92"},{"created_at":"2023-12-14T20:27:21Z","entry_id":724662,"field1":"28.09","field2":"53.16","field3":"1007.92"},{"created_at":"2023-12-14T20:31:15Z","entry_id":724663,"field1":"28.09","field2":"53.18","field3":"1007.94"},{"created_at":"2023-12-14T20:31:48Z","entry_id":724664,"field1":"28.07","field2":"53.15","field3":"1007.89"},{"created_at":"2023-12-14T20:32:05Z","entry_id":724665,"field1":"28.08","field2":"53.16","field3":"1007.88"},{"created_at":"2023-12-14T20:32:22Z","entry_id":724666,"field1":"28.08","field2":"53.14","field3":"1007.88"},{"created_at":"2023-12-14T20:32:34Z","entry_id":724667,"field1":"28.08","field2":"53.16","field3":"1007.90"},{"created_at":"2023-12-14T20:32:48Z","entry_id":724668,"field1":"28.08","field2":"53.18","field3":"1007.89"},{"created_at":"2023-12-14T20:32:54Z","entry_id":724669,"field1":"28.08","field2":"53.18","field3":"1007.90"},{"created_at":"2023-12-14T20:33:31Z","entry_id":724670,"field1":"28.08","field2":"53.18","field3":"1007.91"},{"created_at":"2023-12-14T20:33:42Z","entry_id":724671,"field1":"28.07","field2":"53.18","field3":"1007.90"},{"created_at":"2023-12-14T20:33:53Z","entry_id":724672,"field1":"28.08","field2":"53.17","field3":"1007.88"},{"created_at":"2023-12-14T20:34:02Z","entry_id":724673,"field1":"28.08","field2":"53.18","field3":"1007.87"},{"created_at":"2023-12-14T20:34:08Z","entry_id":724674,"field1":"28.08","field2":"53.21","field3":"1007.88"},{"created_at":"2023-12-14T20:34:25Z","entry_id":724675,"field1":"28.08","field2":"53.19","field3":"1007.87"},{"created_at":"2023-12-14T20:34:45Z","entry_id":724676,"field1":"28.07","field2":"53.21","field3":"1007.90"},{"created_at":"2023-12-14T20:34:56Z","entry_id":724677,"field1":"28.08","field2":"53.19","field3":"1007.91"},{"created_at":"2023-12-14T20:36:21Z","entry_id":724678,"field1":"28.08","field2":"53.19","field3":"1007.86"},{"created_at":"2023-12-14T20:36:44Z","entry_id":724679,"field1":"28.08","field2":"53.19","field3":"1007.83"},{"created_at":"2023-12-14T20:36:55Z","entry_id":724680,"field1":"28.08","field2":"53.21","field3":"1007.88"},{"created_at":"2023-12-14T20:37:15Z","entry_id":724681,"field1":"28.08","field2":"53.17","field3":"1007.84"},{"created_at":"2023-12-14T20:37:26Z","entry_id":724682,"field1":"28.08","field2":"53.19","field3":"1007.83"},{"created_at":"2023-12-14T20:37:46Z","entry_id":724683,"field1":"28.08","field2":"53.19","field3":"1007.85"},{"created_at":"2023-12-14T20:38:02Z","entry_id":724684,"field1":"28.07","field2":"53.21","field3":"1007.80"},{"created_at":"2023-12-14T20:38:41Z","entry_id":724685,"field1":"28.08","field2":"53.19","field3":"1007.80"},{"created_at":"2023-12-14T20:38:46Z","entry_id":724686,"field1":"28.08","field2":"53.19","field3":"1007.81"},{"created_at":"2023-12-14T20:39:04Z","entry_id":724687,"field1":"28.08","field2":"53.23","field3":"1007.84"},{"created_at":"2023-12-14T20:39:46Z","entry_id":724688,"field1":"28.08","field2":"53.21","field3":"1007.80"},{"created_at":"2023-12-14T20:39:52Z","entry_id":724689,"field1":"28.08","field2":"53.21","field3":"1007.79"},{"created_at":"2023-12-14T20:40:00Z","entry_id":724690,"field1":"28.07","field2":"53.22","field3":"1007.78"},{"created_at":"2023-12-14T20:40:12Z","entry_id":724691,"field1":"28.08","field2":"53.19","field3":"1007.78"},{"created_at":"2023-12-14T20:41:28Z","entry_id":724692,"field1":"28.08","field2":"53.18","field3":"1007.80"},{"created_at":"2023-12-14T20:42:02Z","entry_id":724693,"field1":"28.08","field2":"53.23","field3":"1007.81"},{"created_at":"2023-12-14T20:43:26Z","entry_id":724694,"field1":"28.07","field2":"53.21","field3":"1007.85"},{"created_at":"2023-12-14T20:44:02Z","entry_id":724695,"field1":"28.08","field2":"53.23","field3":"1007.81"},{"created_at":"2023-12-14T20:44:40Z","entry_id":724696,"field1":"28.09","field2":"53.23","field3":"1007.86"},{"created_at":"2023-12-14T20:44:54Z","entry_id":724697,"field1":"28.09","field2":"53.22","field3":"1007.86"},{"created_at":"2023-12-14T20:45:05Z","entry_id":724698,"field1":"28.09","field2":"53.23","field3":"1007.83"},{"created_at":"2023-12-14T20:45:11Z","entry_id":724699,"field1":"28.09","field2":"53.22","field3":"1007.83"},{"created_at":"2023-12-14T20:45:26Z","entry_id":724700,"field1":"28.09","field2":"53.22","field3":"1007.84"},{"created_at":"2023-12-14T20:46:38Z","entry_id":724701,"field1":"28.11","field2":"53.22","field3":"1007.80"},{"created_at":"2023-12-14T20:47:01Z","entry_id":724702,"field1":"28.11","field2":"53.22","field3":"1007.81"},{"created_at":"2023-12-14T20:47:24Z","entry_id":724703,"field1":"28.12","field2":"53.18","field3":"1007.84"},{"created_at":"2023-12-14T20:47:44Z","entry_id":724704,"field1":"28.12","field2":"53.18","field3":"1007.81"},{"created_at":"2023-12-14T20:48:01Z","entry_id":724705,"field1":"28.13","field2":"53.22","field3":"1007.80"},{"created_at":"2023-12-14T20:48:15Z","entry_id":724706,"field1":"28.14","field2":"53.17","field3":"1007.81"},{"created_at":"2023-12-14T20:49:41Z","entry_id":724707,"field1":"28.16","field2":"53.13","field3":"1007.80"},{"created_at":"2023-12-14T20:50:56Z","entry_id":724708,"field1":"28.17","field2":"53.10","field3":"1007.76"},{"created_at":"2023-12-14T20:51:02Z","entry_id":724709,"field1":"28.19","field2":"53.09","field3":"1007.80"},{"created_at":"2023-12-14T20:51:23Z","entry_id":724710,"field1":"28.20","field2":"53.07","field3":"1007.79"},{"created_at":"2023-12-14T20:51:29Z","entry_id":724711,"field1":"28.20","field2":"53.07","field3":"1007.79"},{"created_at":"2023-12-14T20:51:41Z","entry_id":724712,"field1":"28.20","field2":"53.07","field3":"1007.79"},{"created_at":"2023-12-14T20:51:55Z","entry_id":724713,"field1":"28.21","field2":"53.06","field3":"1007.79"},{"created_at":"2023-12-14T20:52:03Z","entry_id":724714,"field1":"28.21","field2":"53.04","field3":"1007.81"},{"created_at":"2023-12-14T20:52:55Z","entry_id":724715,"field1":"28.23","field2":"53.01","field3":"1007.80"},{"created_at":"2023-12-14T20:53:01Z","entry_id":724716,"field1":"28.23","field2":"53.00","field3":"1007.79"},{"created_at":"2023-12-14T20:53:42Z","entry_id":724717,"field1":"28.24","field2":"53.00","field3":"1007.80"},{"created_at":"2023-12-14T20:54:38Z","entry_id":724718,"field1":"28.26","field2":"52.92","field3":"1007.83"},{"created_at":"2023-12-14T20:54:58Z","entry_id":724719,"field1":"28.27","field2":"52.95","field3":"1007.81"},{"created_at":"2023-12-14T20:55:29Z","entry_id":724720,"field1":"28.27","field2":"52.92","field3":"1007.81"},{"created_at":"2023-12-14T20:55:44Z","entry_id":724721,"field1":"28.27","field2":"52.90","field3":"1007.80"},{"created_at":"2023-12-14T20:55:50Z","entry_id":724722,"field1":"28.28","field2":"52.89","field3":"1007.81"},{"created_at":"2023-12-14T20:56:04Z","entry_id":724723,"field1":"28.28","field2":"52.89","field3":"1007.78"},{"created_at":"2023-12-14T20:56:31Z","entry_id":724724,"field1":"28.29","field2":"52.86","field3":"1007.83"},{"created_at":"2023-12-14T20:57:07Z","entry_id":724725,"field1":"28.30","field2":"52.85","field3":"1007.80"},{"created_at":"2023-12-14T20:57:22Z","entry_id":724726,"field1":"28.30","field2":"52.84","field3":"1007.77"},{"created_at":"2023-12-14T20:58:49Z","entry_id":724727,"field1":"28.32","field2":"52.79","field3":"1007.79"},{"created_at":"2023-12-14T20:59:32Z","entry_id":724728,"field1":"28.33","field2":"52.77","field3":"1007.81"},{"created_at":"2023-12-14T20:59:55Z","entry_id":724729,"field1":"28.33","field2":"52.75","field3":"1007.81"},{"created_at":"2023-12-14T21:00:10Z","entry_id":724730,"field1":"28.34","field2":"52.75","field3":"1007.78"},{"created_at":"2023-12-14T21:00:18Z","entry_id":724731,"field1":"28.34","field2":"52.74","field3":"1007.76"},{"created_at":"2023-12-14T21:00:47Z","entry_id":724732,"field1":"28.35","field2":"52.74","field3":"1007.78"},{"created_at":"2023-12-14T21:01:01Z","entry_id":724733,"field1":"28.36","field2":"52.76","field3":"1007.78"},{"created_at":"2023-12-14T21:01:07Z","entry_id":724734,"field1":"28.35","field2":"52.77","field3":"1007.80"},{"created_at":"2023-12-14T21:03:24Z","entry_id":724735,"field1":"28.38","field2":"52.66","field3":"1007.80"},{"created_at":"2023-12-14T21:03:49Z","entry_id":724736,"field1":"28.39","field2":"52.63","field3":"1007.78"},{"created_at":"2023-12-14T21:04:11Z","entry_id":724737,"field1":"28.39","field2":"52.62","field3":"1007.76"},{"created_at":"2023-12-14T21:04:37Z","entry_id":724738,"field1":"28.40","field2":"52.64","field3":"1007.79"},{"created_at":"2023-12-14T21:05:20Z","entry_id":724739,"field1":"28.40","field2":"52.58","field3":"1007.81"},{"created_at":"2023-12-14T21:05:36Z","entry_id":724740,"field1":"28.41","field2":"52.58","field3":"1007.80"},{"created_at":"2023-12-14T21:06:53Z","entry_id":724741,"field1":"28.42","field2":"52.56","field3":"1007.80"},{"created_at":"2023-12-14T21:07:07Z","entry_id":724742,"field1":"28.42","field2":"52.58","field3":"1007.81"},{"created_at":"2023-12-14T21:33:52Z","entry_id":724743,"field1":"28.15","field2":"52.93","field3":"1007.75"},{"created_at":"2023-12-14T21:33:58Z","entry_id":724744,"field1":"28.14","field2":"52.97","field3":"1007.79"},{"created_at":"2023-12-14T21:34:23Z","entry_id":724745,"field1":"28.13","field2":"52.94","field3":"1007.73"},{"created_at":"2023-12-14T21:34:38Z","entry_id":724746,"field1":"28.13","field2":"52.96","field3":"1007.73"},{"created_at":"2023-12-14T21:34:52Z","entry_id":724747,"field1":"28.12","field2":"52.97","field3":"1007.74"},{"created_at":"2023-12-14T21:35:27Z","entry_id":724748,"field1":"28.11","field2":"53.01","field3":"1007.74"},{"created_at":"2023-12-14T21:35:32Z","entry_id":724749,"field1":"28.12","field2":"53.01","field3":"1007.74"},{"created_at":"2023-12-14T21:35:58Z","entry_id":724750,"field1":"28.11","field2":"53.02","field3":"1007.74"},{"created_at":"2023-12-14T21:36:21Z","entry_id":724751,"field1":"28.11","field2":"53.05","field3":"1007.71"},{"created_at":"2023-12-14T21:37:01Z","entry_id":724752,"field1":"28.09","field2":"53.06","field3":"1007.69"},{"created_at":"2023-12-14T21:37:24Z","entry_id":724753,"field1":"28.10","field2":"53.09","field3":"1007.69"},{"created_at":"2023-12-14T21:37:30Z","entry_id":724754,"field1":"28.10","field2":"53.08","field3":"1007.69"},{"created_at":"2023-12-14T21:37:41Z","entry_id":724755,"field1":"28.10","field2":"53.08","field3":"1007.72"},{"created_at":"2023-12-14T21:38:04Z","entry_id":724756,"field1":"28.10","field2":"53.10","field3":"1007.74"},{"created_at":"2023-12-14T21:38:10Z","entry_id":724757,"field1":"28.10","field2":"53.10","field3":"1007.70"},{"created_at":"2023-12-14T21:38:22Z","entry_id":724758,"field1":"28.10","field2":"53.11","field3":"1007.68"},{"created_at":"2023-12-14T21:38:42Z","entry_id":724759,"field1":"28.10","field2":"53.11","field3":"1007.69"},{"created_at":"2023-12-14T21:38:53Z","entry_id":724760,"field1":"28.09","field2":"53.14","field3":"1007.72"},{"created_at":"2023-12-14T21:39:25Z","entry_id":724761,"field1":"28.09","field2":"53.10","field3":"1007.69"},{"created_at":"2023-12-14T21:39:43Z","entry_id":724762,"field1":"28.09","field2":"53.14","field3":"1007.74"},{"created_at":"2023-12-14T21:40:05Z","entry_id":724763,"field1":"28.09","field2":"53.14","field3":"1007.75"},{"created_at":"2023-12-14T21:40:45Z","entry_id":724764,"field1":"28.09","field2":"53.13","field3":"1007.70"},{"created_at":"2023-12-14T21:40:56Z","entry_id":724765,"field1":"28.09","field2":"53.15","field3":"1007.70"},{"created_at":"2023-12-14T21:41:42Z","entry_id":724766,"field1":"28.08","field2":"53.15","field3":"1007.71"},{"created_at":"2023-12-14T21:42:03Z","entry_id":724767,"field1":"28.09","field2":"53.18","field3":"1007.73"},{"created_at":"2023-12-14T21:42:49Z","entry_id":724768,"field1":"28.08","field2":"53.18","field3":"1007.69"},{"created_at":"2023-12-14T21:43:12Z","entry_id":724769,"field1":"28.08","field2":"53.19","field3":"1007.70"},{"created_at":"2023-12-14T21:44:04Z","entry_id":724770,"field1":"28.08","field2":"53.19","field3":"1007.72"},{"created_at":"2023-12-14T21:44:10Z","entry_id":724771,"field1":"28.09","field2":"53.20","field3":"1007.71"},{"created_at":"2023-12-14T21:44:19Z","entry_id":724772,"field1":"28.09","field2":"53.21","field3":"1007.69"},{"created_at":"2023-12-14T21:44:38Z","entry_id":724773,"field1":"28.08","field2":"53.22","field3":"1007.71"},{"created_at":"2023-12-14T21:44:56Z","entry_id":724774,"field1":"28.09","field2":"53.21","field3":"1007.72"},{"created_at":"2023-12-14T21:45:13Z","entry_id":724775,"field1":"28.09","field2":"53.22","field3":"1007.70"},{"created_at":"2023-12-14T21:47:52Z","entry_id":724776,"field1":"28.09","field2":"53.22","field3":"1007.69"},{"created_at":"2023-12-14T21:48:09Z","entry_id":724777,"field1":"28.08","field2":"53.21","field3":"1007.68"},{"created_at":"2023-12-14T21:48:15Z","entry_id":724778,"field1":"28.09","field2":"53.22","field3":"1007.72"},{"created_at":"2023-12-14T21:48:21Z","entry_id":724779,"field1":"28.09","field2":"53.24","field3":"1007.71"},{"created_at":"2023-12-14T21:48:30Z","entry_id":724780,"field1":"28.09","field2":"53.25","field3":"1007.68"},{"created_at":"2023-12-14T21:48:41Z","entry_id":724781,"field1":"28.09","field2":"53.23","field3":"1007.66"},{"created_at":"2023-12-14T21:48:47Z","entry_id":724782,"field1":"28.09","field2":"53.23","field3":"1007.68"},{"created_at":"2023-12-14T21:49:12Z","entry_id":724783,"field1":"28.09","field2":"53.24","field3":"1007.67"},{"created_at":"2023-12-14T21:49:30Z","entry_id":724784,"field1":"28.08","field2":"53.23","field3":"1007.68"},{"created_at":"2023-12-14T21:49:35Z","entry_id":724785,"field1":"28.08","field2":"53.24","field3":"1007.69"},{"created_at":"2023-12-14T21:49:41Z","entry_id":724786,"field1":"28.09","field2":"53.25","field3":"1007.70"},{"created_at":"2023-12-14T21:50:38Z","entry_id":724787,"field1":"28.08","field2":"53.24","field3":"1007.71"},{"created_at":"2023-12-14T21:51:46Z","entry_id":724788,"field1":"28.08","field2":"53.25","field3":"1007.68"},{"created_at":"2023-12-14T21:51:57Z","entry_id":724789,"field1":"28.08","field2":"53.25","field3":"1007.73"},{"created_at":"2023-12-14T21:52:09Z","entry_id":724790,"field1":"28.08","field2":"53.25","field3":"1007.70"},{"created_at":"2023-12-14T21:52:38Z","entry_id":724791,"field1":"28.08","field2":"53.27","field3":"1007.71"},{"created_at":"2023-12-14T21:53:01Z","entry_id":724792,"field1":"28.08","field2":"53.26","field3":"1007.70"},{"created_at":"2023-12-14T21:53:10Z","entry_id":724793,"field1":"28.08","field2":"53.26","field3":"1007.72"},{"created_at":"2023-12-14T21:53:16Z","entry_id":724794,"field1":"28.07","field2":"53.26","field3":"1007.69"},{"created_at":"2023-12-14T21:53:22Z","entry_id":724795,"field1":"28.08","field2":"53.26","field3":"1007.72"},{"created_at":"2023-12-14T21:53:31Z","entry_id":724796,"field1":"28.08","field2":"53.28","field3":"1007.70"},{"created_at":"2023-12-14T21:53:33Z","entry_id":724797,"field1":"28.08","field2":"53.27","field3":"1007.71"},{"created_at":"2023-12-14T21:54:19Z","entry_id":724798,"field1":"28.08","field2":"53.29","field3":"1007.70"},{"created_at":"2023-12-14T21:54:25Z","entry_id":724799,"field1":"28.07","field2":"53.27","field3":"1007.72"},{"created_at":"2023-12-14T21:54:48Z","entry_id":724800,"field1":"28.07","field2":"53.26","field3":"1007.70"},{"created_at":"2023-12-14T21:55:05Z","entry_id":724801,"field1":"28.08","field2":"53.26","field3":"1007.72"},{"created_at":"2023-12-14T21:55:29Z","entry_id":724802,"field1":"28.07","field2":"53.26","field3":"1007.70"},{"created_at":"2023-12-14T21:55:40Z","entry_id":724803,"field1":"28.08","field2":"53.27","field3":"1007.75"},{"created_at":"2023-12-14T21:56:03Z","entry_id":724804,"field1":"28.07","field2":"53.30","field3":"1007.77"},{"created_at":"2023-12-14T21:56:09Z","entry_id":724805,"field1":"28.07","field2":"53.30","field3":"1007.72"},{"created_at":"2023-12-14T21:56:20Z","entry_id":724806,"field1":"28.07","field2":"53.29","field3":"1007.76"},{"created_at":"2023-12-14T21:56:26Z","entry_id":724807,"field1":"28.07","field2":"53.29","field3":"1007.74"},{"created_at":"2023-12-14T21:56:32Z","entry_id":724808,"field1":"28.07","field2":"53.29","field3":"1007.74"},{"created_at":"2023-12-14T21:57:17Z","entry_id":724809,"field1":"28.08","field2":"53.27","field3":"1007.75"},{"created_at":"2023-12-14T21:57:29Z","entry_id":724810,"field1":"28.08","field2":"53.29","field3":"1007.77"},{"created_at":"2023-12-14T21:58:15Z","entry_id":724811,"field1":"28.08","field2":"53.29","field3":"1007.77"},{"created_at":"2023-12-14T21:58:20Z","entry_id":724812,"field1":"28.07","field2":"53.29","field3":"1007.78"},{"created_at":"2023-12-14T21:58:26Z","entry_id":724813,"field1":"28.08","field2":"53.30","field3":"1007.80"},{"created_at":"2023-12-14T21:58:46Z","entry_id":724814,"field1":"28.08","field2":"53.30","field3":"1007.82"},{"created_at":"2023-12-14T21:58:58Z","entry_id":724815,"field1":"28.08","field2":"53.29","field3":"1007.78"},{"created_at":"2023-12-14T22:02:47Z","entry_id":724816,"field1":"28.12","field2":"53.33","field3":"1007.85"},{"created_at":"2023-12-14T22:02:56Z","entry_id":724817,"field1":"28.12","field2":"53.30","field3":"1007.88"},{"created_at":"2023-12-14T22:03:27Z","entry_id":724818,"field1":"28.13","field2":"53.30","field3":"1007.87"},{"created_at":"2023-12-14T22:03:36Z","entry_id":724819,"field1":"28.13","field2":"53.29","field3":"1007.85"},{"created_at":"2023-12-14T22:04:07Z","entry_id":724820,"field1":"28.12","field2":"53.29","field3":"1007.83"},{"created_at":"2023-12-14T22:04:35Z","entry_id":724821,"field1":"28.15","field2":"53.27","field3":"1007.87"},{"created_at":"2023-12-14T22:05:00Z","entry_id":724822,"field1":"28.15","field2":"53.27","field3":"1007.89"},{"created_at":"2023-12-14T22:05:18Z","entry_id":724823,"field1":"28.16","field2":"53.27","field3":"1007.90"},{"created_at":"2023-12-14T22:05:35Z","entry_id":724824,"field1":"28.17","field2":"53.26","field3":"1007.89"},{"created_at":"2023-12-14T22:06:15Z","entry_id":724825,"field1":"28.18","field2":"53.25","field3":"1007.89"},{"created_at":"2023-12-14T22:06:26Z","entry_id":724826,"field1":"28.18","field2":"53.22","field3":"1007.91"},{"created_at":"2023-12-14T22:07:06Z","entry_id":724827,"field1":"28.20","field2":"53.18","field3":"1007.90"},{"created_at":"2023-12-14T22:08:03Z","entry_id":724828,"field1":"28.22","field2":"53.16","field3":"1007.90"},{"created_at":"2023-12-14T22:08:09Z","entry_id":724829,"field1":"28.22","field2":"53.16","field3":"1007.88"},{"created_at":"2023-12-14T22:10:00Z","entry_id":724830,"field1":"28.26","field2":"53.08","field3":"1007.90"},{"created_at":"2023-12-14T22:22:15Z","entry_id":724831,"field1":"28.41","field2":"52.72","field3":"1008.04"},{"created_at":"2023-12-14T22:22:27Z","entry_id":724832,"field1":"28.41","field2":"52.70","field3":"1008.03"},{"created_at":"2023-12-14T22:23:13Z","entry_id":724833,"field1":"28.41","field2":"52.69","field3":"1008.04"},{"created_at":"2023-12-14T22:24:08Z","entry_id":724834,"field1":"28.41","field2":"52.69","field3":"1008.04"},{"created_at":"2023-12-14T22:24:20Z","entry_id":724835,"field1":"28.40","field2":"52.66","field3":"1008.05"},{"created_at":"2023-12-14T22:25:20Z","entry_id":724836,"field1":"28.39","field2":"52.65","field3":"1008.04"},{"created_at":"2023-12-14T22:25:32Z","entry_id":724837,"field1":"28.39","field2":"52.66","field3":"1008.05"},{"created_at":"2023-12-14T22:25:47Z","entry_id":724838,"field1":"28.38","field2":"52.65","field3":"1008.03"},{"created_at":"2023-12-14T22:26:16Z","entry_id":724839,"field1":"28.39","field2":"52.65","field3":"1008.03"},{"created_at":"2023-12-14T22:27:13Z","entry_id":724840,"field1":"28.37","field2":"52.67","field3":"1008.04"},{"created_at":"2023-12-14T22:28:15Z","entry_id":724841,"field1":"28.35","field2":"52.70","field3":"1008.01"},{"created_at":"2023-12-14T22:28:26Z","entry_id":724842,"field1":"28.35","field2":"52.68","field3":"1008.02"},{"created_at":"2023-12-14T22:28:43Z","entry_id":724843,"field1":"28.34","field2":"52.70","field3":"1008.02"},{"created_at":"2023-12-14T22:29:12Z","entry_id":724844,"field1":"28.34","field2":"52.70","field3":"1008.02"},{"created_at":"2023-12-14T22:29:29Z","entry_id":724845,"field1":"28.33","field2":"52.72","field3":"1008.06"},{"created_at":"2023-12-14T22:30:00Z","entry_id":724846,"field1":"28.33","field2":"52.72","field3":"1008.04"},{"created_at":"2023-12-14T22:30:51Z","entry_id":724847,"field1":"28.32","field2":"52.76","field3":"1008.01"},{"created_at":"2023-12-14T22:31:26Z","entry_id":724848,"field1":"28.31","field2":"52.77","field3":"1008.05"},{"created_at":"2023-12-14T22:32:09Z","entry_id":724849,"field1":"28.29","field2":"52.80","field3":"1008.00"},{"created_at":"2023-12-14T22:32:26Z","entry_id":724850,"field1":"28.30","field2":"52.81","field3":"1008.04"},{"created_at":"2023-12-14T22:33:43Z","entry_id":724851,"field1":"28.29","field2":"52.86","field3":"1008.06"},{"created_at":"2023-12-14T22:34:09Z","entry_id":724852,"field1":"28.27","field2":"52.85","field3":"1008.04"},{"created_at":"2023-12-14T22:34:32Z","entry_id":724853,"field1":"28.27","field2":"52.85","field3":"1008.05"},{"created_at":"2023-12-14T22:35:33Z","entry_id":724854,"field1":"28.26","field2":"52.91","field3":"1008.08"},{"created_at":"2023-12-14T22:36:56Z","entry_id":724855,"field1":"28.24","field2":"52.92","field3":"1008.09"},{"created_at":"2023-12-14T22:37:05Z","entry_id":724856,"field1":"28.24","field2":"52.93","field3":"1008.07"},{"created_at":"2023-12-14T22:38:18Z","entry_id":724857,"field1":"28.24","field2":"52.97","field3":"1008.09"},{"created_at":"2023-12-14T22:38:30Z","entry_id":724858,"field1":"28.23","field2":"52.96","field3":"1008.13"},{"created_at":"2023-12-14T22:38:53Z","entry_id":724859,"field1":"28.23","field2":"52.96","field3":"1008.11"},{"created_at":"2023-12-14T22:40:19Z","entry_id":724860,"field1":"28.22","field2":"53.00","field3":"1008.11"},{"created_at":"2023-12-14T22:40:50Z","entry_id":724861,"field1":"28.21","field2":"52.98","field3":"1008.12"},{"created_at":"2023-12-14T22:41:04Z","entry_id":724862,"field1":"28.22","field2":"53.00","field3":"1008.14"},{"created_at":"2023-12-14T22:41:16Z","entry_id":724863,"field1":"28.21","field2":"52.99","field3":"1008.09"},{"created_at":"2023-12-14T22:41:24Z","entry_id":724864,"field1":"28.21","field2":"52.99","field3":"1008.11"},{"created_at":"2023-12-14T22:42:23Z","entry_id":724865,"field1":"28.21","field2":"52.99","field3":"1008.10"},{"created_at":"2023-12-14T22:42:52Z","entry_id":724866,"field1":"28.20","field2":"53.01","field3":"1008.12"},{"created_at":"2023-12-14T22:43:15Z","entry_id":724867,"field1":"28.20","field2":"53.05","field3":"1008.14"},{"created_at":"2023-12-14T22:43:54Z","entry_id":724868,"field1":"28.19","field2":"53.04","field3":"1008.14"},{"created_at":"2023-12-14T22:44:40Z","entry_id":724869,"field1":"28.19","field2":"53.09","field3":"1008.14"},{"created_at":"2023-12-14T22:47:35Z","entry_id":724870,"field1":"28.18","field2":"53.08","field3":"1008.16"},{"created_at":"2023-12-14T22:47:57Z","entry_id":724871,"field1":"28.18","field2":"53.07","field3":"1008.15"},{"created_at":"2023-12-14T22:48:26Z","entry_id":724872,"field1":"28.18","field2":"53.07","field3":"1008.13"},{"created_at":"2023-12-14T22:49:01Z","entry_id":724873,"field1":"28.18","field2":"53.09","field3":"1008.16"},{"created_at":"2023-12-14T22:51:08Z","entry_id":724874,"field1":"28.17","field2":"53.11","field3":"1008.16"},{"created_at":"2023-12-14T22:51:23Z","entry_id":724875,"field1":"28.16","field2":"53.10","field3":"1008.12"},{"created_at":"2023-12-14T22:52:48Z","entry_id":724876,"field1":"28.16","field2":"53.14","field3":"1008.14"},{"created_at":"2023-12-14T22:53:37Z","entry_id":724877,"field1":"28.15","field2":"53.14","field3":"1008.15"},{"created_at":"2023-12-14T22:54:03Z","entry_id":724878,"field1":"28.16","field2":"53.17","field3":"1008.13"},{"created_at":"2023-12-14T22:54:44Z","entry_id":724879,"field1":"28.15","field2":"53.17","field3":"1008.19"},{"created_at":"2023-12-14T22:55:05Z","entry_id":724880,"field1":"28.14","field2":"53.17","field3":"1008.21"},{"created_at":"2023-12-14T22:57:03Z","entry_id":724881,"field1":"28.13","field2":"53.22","field3":"1008.24"},{"created_at":"2023-12-14T22:57:36Z","entry_id":724882,"field1":"28.14","field2":"53.22","field3":"1008.25"},{"created_at":"2023-12-14T22:58:32Z","entry_id":724883,"field1":"28.13","field2":"53.21","field3":"1008.28"},{"created_at":"2023-12-14T22:58:52Z","entry_id":724884,"field1":"28.13","field2":"53.21","field3":"1008.28"},{"created_at":"2023-12-14T22:58:55Z","entry_id":724885,"field1":"28.13","field2":"53.20","field3":"1008.23"},{"created_at":"2023-12-14T22:59:56Z","entry_id":724886,"field1":"28.13","field2":"53.25","field3":"1008.28"},{"created_at":"2023-12-14T23:00:05Z","entry_id":724887,"field1":"28.13","field2":"53.23","field3":"1008.27"},{"created_at":"2023-12-14T23:00:11Z","entry_id":724888,"field1":"28.13","field2":"53.22","field3":"1008.26"},{"created_at":"2023-12-14T23:01:29Z","entry_id":724889,"field1":"28.14","field2":"53.22","field3":"1008.27"},{"created_at":"2023-12-14T23:01:53Z","entry_id":724890,"field1":"28.13","field2":"53.26","field3":"1008.28"},{"created_at":"2023-12-14T23:02:30Z","entry_id":724891,"field1":"28.13","field2":"53.26","field3":"1008.25"},{"created_at":"2023-12-14T23:03:18Z","entry_id":724892,"field1":"28.14","field2":"53.24","field3":"1008.28"},{"created_at":"2023-12-14T23:03:44Z","entry_id":724893,"field1":"28.14","field2":"53.22","field3":"1008.27"}}]}