{"channel":{"id":2245283,"name":"Lokasi-6","latitude":"0.0","longitude":"0.0","field1":"temp","field2":"hum","field3":"pressure",{"created_at":"2023-12-12T11:18:45Z","entry_id":723321,"field1":"25.98","field2":"47.66","field3":"1004.76"},{"created_at":"2023-12-12T11:19:05Z","entry_id":723322,"field1":"25.97","field2":"47.66","field3":"1004.74"},{"created_at":"2023-12-12T11:19:23Z","entry_id":723323,"field1":"25.97","field2":"47.70","field3":"1004.75"},{"created_at":"2023-12-12T11:19:25Z","entry_id":723324,"field1":"25.97","field2":"47.69","field3":"1004.77"},{"created_at":"2023-12-12T11:21:43Z","entry_id":723325,"field1":"25.96","field2":"47.80","field3":"1004.72"},{"created_at":"2023-12-12T11:21:55Z","entry_id":723326,"field1":"25.96","field2":"47.79","field3":"1004.68"},{"created_at":"2023-12-12T11:22:17Z","entry_id":723327,"field1":"25.97","field2":"47.80","field3":"1004.70"},{"created_at":"2023-12-12T11:22:48Z","entry_id":723328,"field1":"25.97","field2":"47.83","field3":"1004.73"},{"created_at":"2023-12-12T11:23:14Z","entry_id":723329,"field1":"25.98","field2":"47.80","field3":"1004.71"},{"created_at":"2023-12-12T11:23:51Z","entry_id":723330,"field1":"25.98","field2":"47.83","field3":"1004.70"},{"created_at":"2023-12-12T11:24:50Z","entry_id":723331,"field1":"25.98","field2":"47.88","field3":"1004.72"},{"created_at":"2023-12-12T11:26:12Z","entry_id":723332,"field1":"25.99","field2":"47.84","field3":"1004.78"},{"created_at":"2023-12-12T11:26:35Z","entry_id":723333,"field1":"25.99","field2":"47.88","field3":"1004.77"},{"created_at":"2023-12-12T11:28:14Z","entry_id":723334,"field1":"26.01","field2":"47.92","field3":"1004.84"},{"created_at":"2023-12-12T11:28:38Z","entry_id":723335,"field1":"26.01","field2":"47.93","field3":"1004.85"},{"created_at":"2023-12-12T11:29:54Z","entry_id":723336,"field1":"26.02","field2":"47.97","field3":"1004.88"},{"created_at":"2023-12-12T11:30:03Z","entry_id":723337,"field1":"26.03","field2":"47.96","field3":"1004.91"},{"created_at":"2023-12-12T11:30:18Z","entry_id":723338,"field1":"26.03","field2":"47.95","field3":"1004.90"},{"created_at":"2023-12-12T11:31:05Z","entry_id":723339,"field1":"26.03","field2":"47.96","field3":"1004.89"},{"created_at":"2023-12-12T11:31:39Z","entry_id":723340,"field1":"26.04","field2":"47.97","field3":"1004.91"},{"created_at":"2023-12-12T11:31:45Z","entry_id":723341,"field1":"26.04","field2":"47.99","field3":"1004.91"},{"created_at":"2023-12-12T11:34:48Z","entry_id":723342,"field1":"26.05","field2":"48.01","field3":"1004.92"},{"created_at":"2023-12-12T11:34:54Z","entry_id":723343,"field1":"26.05","field2":"48.02","field3":"1004.89"},{"created_at":"2023-12-12T11:35:20Z","entry_id":723344,"field1":"26.05","field2":"48.03","field3":"1004.93"},{"created_at":"2023-12-12T11:36:29Z","entry_id":723345,"field1":"26.05","field2":"48.02","field3":"1004.92"},{"created_at":"2023-12-12T11:49:07Z","entry_id":723346,"field1":"26.02","field2":"48.35","field3":"1005.24"},{"created_at":"2023-12-12T11:49:56Z","entry_id":723347,"field1":"26.02","field2":"48.38","field3":"1005.25"},{"created_at":"2023-12-12T11:51:18Z","entry_id":723348,"field1":"26.02","field2":"48.44","field3":"1005.28"},{"created_at":"2023-12-12T11:58:45Z","entry_id":723349,"field1":"26.11","field2":"48.56","field3":"1005.35"},{"created_at":"2023-12-12T12:01:37Z","entry_id":723350,"field1":"26.18","field2":"48.53","field3":"1005.39"},{"created_at":"2023-12-12T12:02:03Z","entry_id":723351,"field1":"26.18","field2":"48.46","field3":"1005.42"},{"created_at":"2023-12-12T12:02:26Z","entry_id":723352,"field1":"26.18","field2":"48.46","field3":"1005.44"},{"created_at":"2023-12-12T12:11:20Z","entry_id":723353,"field1":"26.30","field2":"48.42","field3":"1005.56"},{"created_at":"2023-12-12T12:11:43Z","entry_id":723354,"field1":"26.30","field2":"48.36","field3":"1005.57"},{"created_at":"2023-12-12T12:12:06Z","entry_id":723355,"field1":"26.31","field2":"48.35","field3":"1005.59"},{"created_at":"2023-12-12T12:14:09Z","entry_id":723356,"field1":"26.30","field2":"48.36","field3":"1005.68"},{"created_at":"2023-12-12T12:14:26Z","entry_id":723357,"field1":"26.30","field2":"48.35","field3":"1005.65"},{"created_at":"2023-12-12T12:14:57Z","entry_id":723358,"field1":"26.30","field2":"48.44","field3":"1005.70"},{"created_at":"2023-12-12T12:16:01Z","entry_id":723359,"field1":"26.29","field2":"48.48","field3":"1005.73"},{"created_at":"2023-12-12T12:16:07Z","entry_id":723360,"field1":"26.29","field2":"48.47","field3":"1005.76"},{"created_at":"2023-12-12T12:16:30Z","entry_id":723361,"field1":"26.29","field2":"48.43","field3":"1005.77"},{"created_at":"2023-12-12T12:16:59Z","entry_id":723362,"field1":"26.29","field2":"48.45","field3":"1005.80"},{"created_at":"2023-12-12T12:17:12Z","entry_id":723363,"field1":"26.30","field2":"48.43","field3":"1005.82"},{"created_at":"2023-12-12T12:17:35Z","entry_id":723364,"field1":"26.29","field2":"48.45","field3":"1005.82"},{"created_at":"2023-12-12T12:17:41Z","entry_id":723365,"field1":"26.29","field2":"48.43","field3":"1005.81"},{"created_at":"2023-12-12T12:18:55Z","entry_id":723366,"field1":"26.29","field2":"48.46","field3":"1005.86"},{"created_at":"2023-12-12T12:19:19Z","entry_id":723367,"field1":"26.29","field2":"48.43","field3":"1005.87"},{"created_at":"2023-12-12T12:24:42Z","entry_id":723368,"field1":"26.30","field2":"48.57","field3":"1005.90"},{"created_at":"2023-12-12T12:25:33Z","entry_id":723369,"field1":"26.30","field2":"48.60","field3":"1005.90"},{"created_at":"2023-12-12T12:32:46Z","entry_id":723370,"field1":"26.31","field2":"48.68","field3":"1006.06"},{"created_at":"2023-12-12T12:32:49Z","entry_id":723371,"field1":"26.31","field2":"48.73","field3":"1006.06"},{"created_at":"2023-12-12T12:33:39Z","entry_id":723372,"field1":"26.31","field2":"48.76","field3":"1006.06"},{"created_at":"2023-12-12T12:35:13Z","entry_id":723373,"field1":"26.31","field2":"48.78","field3":"1006.12"},{"created_at":"2023-12-12T12:54:03Z","entry_id":723374,"field1":"26.49","field2":"48.88","field3":"1006.43"},{"created_at":"2023-12-12T12:56:08Z","entry_id":723375,"field1":null,"field2":null,"field3":null},{"created_at":"2023-12-12T13:16:42Z","entry_id":723376,"field1":"26.56","field2":"48.84","field3":"1006.71"},{"created_at":"2023-12-12T13:19:05Z","entry_id":723377,"field1":"26.52","field2":"49.00","field3":"1006.79"},{"created_at":"2023-12-12T13:20:46Z","entry_id":723378,"field1":"26.49","field2":"49.00","field3":"1006.80"},{"created_at":"2023-12-12T13:22:24Z","entry_id":723379,"field1":"26.49","field2":"49.12","field3":"1006.83"},{"created_at":"2023-12-12T13:23:17Z","entry_id":723380,"field1":"26.47","field2":"49.12","field3":"1006.81"},{"created_at":"2023-12-12T13:24:43Z","entry_id":723381,"field1":"26.47","field2":"49.12","field3":"1006.81"},{"created_at":"2023-12-12T13:26:00Z","entry_id":723382,"field1":"26.47","field2":"49.17","field3":"1006.86"},{"created_at":"2023-12-12T13:34:33Z","entry_id":723383,"field1":"26.47","field2":"49.40","field3":"1006.89"},{"created_at":"2023-12-12T13:36:18Z","entry_id":723384,"field1":"26.48","field2":"49.38","field3":"1006.91"},{"created_at":"2023-12-12T13:40:37Z","entry_id":723385,"field1":"26.51","field2":"49.39","field3":"1007.01"},{"created_at":"2023-12-12T13:41:48Z","entry_id":723386,"field1":"26.51","field2":"49.45","field3":"1007.01"},{"created_at":"2023-12-12T13:42:34Z","entry_id":723387,"field1":"26.52","field2":"49.38","field3":"1007.00"},{"created_at":"2023-12-12T13:47:28Z","entry_id":723388,"field1":"26.55","field2":"49.44","field3":"1007.06"},{"created_at":"2023-12-12T13:47:34Z","entry_id":723389,"field1":"26.55","field2":"49.46","field3":"1007.06"},{"created_at":"2023-12-12T13:47:45Z","entry_id":723390,"field1":"26.54","field2":"49.40","field3":"1007.05"},{"created_at":"2023-12-12T14:03:24Z","entry_id":723391,"field1":"26.62","field2":"49.53","field3":"1007.19"},{"created_at":"2023-12-12T14:34:51Z","entry_id":723392,"field1":"26.94","field2":"49.20","field3":"1007.59"},{"created_at":"2023-12-12T14:35:33Z","entry_id":723393,"field1":"26.93","field2":"49.25","field3":"1007.60"},{"created_at":"2023-12-12T14:40:09Z","entry_id":723394,"field1":"26.94","field2":"49.25","field3":"1007.63"},{"created_at":"2023-12-12T14:40:53Z","entry_id":723395,"field1":"26.94","field2":"49.26","field3":"1007.64"},{"created_at":"2023-12-12T14:42:15Z","entry_id":723396,"field1":"26.94","field2":"49.30","field3":"1007.68"},{"created_at":"2023-12-12T14:45:39Z","entry_id":723397,"field1":"26.94","field2":"49.32","field3":"1007.77"},{"created_at":"2023-12-12T14:45:47Z","entry_id":723398,"field1":"26.94","field2":"49.32","field3":"1007.74"},{"created_at":"2023-12-12T14:45:59Z","entry_id":723399,"field1":"26.94","field2":"49.31","field3":"1007.75"},{"created_at":"2023-12-12T14:46:47Z","entry_id":723400,"field1":"26.94","field2":"49.34","field3":"1007.77"},{"created_at":"2023-12-12T14:47:59Z","entry_id":723401,"field1":"26.94","field2":"49.37","field3":"1007.77"},{"created_at":"2023-12-12T14:48:34Z","entry_id":723402,"field1":"26.94","field2":"49.34","field3":"1007.77"},{"created_at":"2023-12-12T14:49:10Z","entry_id":723403,"field1":"26.94","field2":"49.35","field3":"1007.78"},{"created_at":"2023-12-12T14:49:25Z","entry_id":723404,"field1":"26.94","field2":"49.37","field3":"1007.78"},{"created_at":"2023-12-12T14:49:31Z","entry_id":723405,"field1":"26.94","field2":"49.37","field3":"1007.76"},{"created_at":"2023-12-12T14:50:51Z","entry_id":723406,"field1":"26.95","field2":"49.39","field3":"1007.82"},{"created_at":"2023-12-12T14:50:57Z","entry_id":723407,"field1":"26.95","field2":"49.38","field3":"1007.83"},{"created_at":"2023-12-12T14:51:19Z","entry_id":723408,"field1":"26.95","field2":"49.40","field3":"1007.79"},{"created_at":"2023-12-12T14:54:31Z","entry_id":723409,"field1":"26.97","field2":"49.37","field3":"1007.79"},{"created_at":"2023-12-12T14:55:13Z","entry_id":723410,"field1":"26.97","field2":"49.42","field3":"1007.82"},{"created_at":"2023-12-12T14:58:48Z","entry_id":723411,"field1":"27.00","field2":"49.38","field3":"1007.83"},{"created_at":"2023-12-12T14:59:00Z","entry_id":723412,"field1":"27.00","field2":"49.27","field3":"1007.82"},{"created_at":"2023-12-12T15:01:08Z","entry_id":723413,"field1":"27.01","field2":"49.37","field3":"1007.83"},{"created_at":"2023-12-12T15:01:21Z","entry_id":723414,"field1":"27.01","field2":"49.36","field3":"1007.82"},{"created_at":"2023-12-12T15:01:58Z","entry_id":723415,"field1":"27.01","field2":"49.37","field3":"1007.87"},{"created_at":"2023-12-12T15:02:29Z","entry_id":723416,"field1":"27.02","field2":"49.30","field3":"1007.84"},{"created_at":"2023-12-12T15:02:40Z","entry_id":723417,"field1":"27.02","field2":"49.33","field3":"1007.83"},{"created_at":"2023-12-12T15:03:16Z","entry_id":723418,"field1":"27.03","field2":"49.31","field3":"1007.84"},{"created_at":"2023-12-12T15:18:25Z","entry_id":723419,"field1":"27.07","field2":"49.39","field3":"1007.88"},{"created_at":"2023-12-12T15:19:16Z","entry_id":723420,"field1":"27.09","field2":"49.38","field3":"1007.92"},{"created_at":"2023-12-12T15:19:57Z","entry_id":723421,"field1":"27.08","field2":"49.38","field3":"1007.90"},{"created_at":"2023-12-12T15:20:41Z","entry_id":723422,"field1":"27.09","field2":"49.44","field3":"1007.91"},{"created_at":"2023-12-12T15:20:53Z","entry_id":723423,"field1":"27.09","field2":"49.45","field3":"1007.93"},{"created_at":"2023-12-12T15:25:35Z","entry_id":723424,"field1":"27.11","field2":"49.36","field3":"1007.96"},{"created_at":"2023-12-12T15:26:20Z","entry_id":723425,"field1":"27.11","field2":"49.37","field3":"1007.98"},{"created_at":"2023-12-12T15:27:21Z","entry_id":723426,"field1":"27.12","field2":"49.36","field3":"1007.99"},{"created_at":"2023-12-12T15:27:33Z","entry_id":723427,"field1":"27.11","field2":"49.38","field3":"1007.94"},{"created_at":"2023-12-12T15:29:53Z","entry_id":723428,"field1":"27.12","field2":"49.44","field3":"1007.98"},{"created_at":"2023-12-12T15:30:36Z","entry_id":723429,"field1":"27.12","field2":"49.35","field3":"1008.03"},{"created_at":"2023-12-12T15:30:57Z","entry_id":723430,"field1":"27.12","field2":"49.42","field3":"1007.99"},{"created_at":"2023-12-12T15:31:37Z","entry_id":723431,"field1":"27.13","field2":"49.41","field3":"1007.99"},{"created_at":"2023-12-12T15:31:43Z","entry_id":723432,"field1":"27.13","field2":"49.39","field3":"1008.01"},{"created_at":"2023-12-12T15:32:09Z","entry_id":723433,"field1":"27.13","field2":"49.44","field3":"1008.01"},{"created_at":"2023-12-12T15:32:38Z","entry_id":723434,"field1":"27.13","field2":"49.39","field3":"1008.00"},{"created_at":"2023-12-12T15:33:34Z","entry_id":723435,"field1":"27.12","field2":"49.40","field3":"1008.01"},{"created_at":"2023-12-12T15:34:17Z","entry_id":723436,"field1":"27.13","field2":"49.42","field3":"1007.98"},{"created_at":"2023-12-12T15:35:17Z","entry_id":723437,"field1":"27.13","field2":"49.40","field3":"1008.02"},{"created_at":"2023-12-12T15:50:23Z","entry_id":723438,"field1":"27.04","field2":"49.55","field3":"1007.96"},{"created_at":"2023-12-12T15:50:29Z","entry_id":723439,"field1":"27.04","field2":"49.61","field3":"1007.94"},{"created_at":"2023-12-12T15:51:14Z","entry_id":723440,"field1":"27.04","field2":"49.62","field3":"1007.95"},{"created_at":"2023-12-12T15:51:26Z","entry_id":723441,"field1":"27.04","field2":"49.65","field3":"1007.96"},{"created_at":"2023-12-12T15:51:43Z","entry_id":723442,"field1":"27.04","field2":"49.58","field3":"1007.94"},{"created_at":"2023-12-12T15:52:42Z","entry_id":723443,"field1":"27.04","field2":"49.65","field3":"1007.96"},{"created_at":"2023-12-12T15:52:59Z","entry_id":723444,"field1":"27.03","field2":"49.65","field3":"1007.98"},{"created_at":"2023-12-12T15:54:42Z","entry_id":723445,"field1":"27.03","field2":"49.64","field3":"1007.94"},{"created_at":"2023-12-12T15:54:47Z","entry_id":723446,"field1":"27.04","field2":"49.64","field3":"1007.94"},{"created_at":"2023-12-12T15:55:22Z","entry_id":723447,"field1":"27.04","field2":"49.65","field3":"1007.93"},{"created_at":"2023-12-12T15:56:21Z","entry_id":723448,"field1":"27.04","field2":"49.66","field3":"1007.95"},{"created_at":"2023-12-12T15:56:32Z","entry_id":723449,"field1":"27.05","field2":"49.66","field3":"1007.96"},{"created_at":"2023-12-12T15:56:49Z","entry_id":723450,"field1":"27.05","field2":"49.69","field3":"1007.98"},{"created_at":"2023-12-12T15:57:49Z","entry_id":723451,"field1":"27.06","field2":"49.70","field3":"1007.97"},{"created_at":"2023-12-12T15:58:48Z","entry_id":723452,"field1":"27.06","field2":"49.69","field3":"1007.99"},{"created_at":"2023-12-12T16:00:47Z","entry_id":723453,"field1":"27.07","field2":"49.74","field3":"1008.01"},{"created_at":"2023-12-12T16:03:30Z","entry_id":723454,"field1":"27.09","field2":"49.70","field3":"1008.01"},{"created_at":"2023-12-12T16:04:33Z","entry_id":723455,"field1":"27.10","field2":"49.70","field3":"1008.00"},{"created_at":"2023-12-12T16:08:40Z","entry_id":723456,"field1":"27.12","field2":"49.66","field3":"1007.99"},{"created_at":"2023-12-12T16:09:10Z","entry_id":723457,"field1":"27.12","field2":"49.68","field3":"1008.02"},{"created_at":"2023-12-12T16:09:22Z","entry_id":723458,"field1":"27.12","field2":"49.63","field3":"1008.00"},{"created_at":"2023-12-12T16:10:27Z","entry_id":723459,"field1":"27.13","field2":"49.58","field3":"1008.01"},{"created_at":"2023-12-12T16:10:46Z","entry_id":723460,"field1":"27.13","field2":"49.65","field3":"1007.99"},{"created_at":"2023-12-12T16:11:15Z","entry_id":723461,"field1":"27.14","field2":"49.64","field3":"1007.98"},{"created_at":"2023-12-12T16:11:41Z","entry_id":723462,"field1":"27.13","field2":"49.64","field3":"1008.03"},{"created_at":"2023-12-12T16:12:46Z","entry_id":723463,"field1":"27.14","field2":"49.65","field3":"1007.97"},{"created_at":"2023-12-12T16:13:21Z","entry_id":723464,"field1":"27.14","field2":"49.68","field3":"1007.97"},{"created_at":"2023-12-12T16:13:41Z","entry_id":723465,"field1":"27.14","field2":"49.63","field3":"1007.98"},{"created_at":"2023-12-12T16:14:26Z","entry_id":723466,"field1":"27.15","field2":"49.67","field3":"1007.98"},{"created_at":"2023-12-12T16:14:39Z","entry_id":723467,"field1":"27.15","field2":"49.65","field3":"1007.97"},{"created_at":"2023-12-12T16:15:11Z","entry_id":723468,"field1":"27.15","field2":"49.68","field3":"1007.99"},{"created_at":"2023-12-12T16:17:11Z","entry_id":723469,"field1":"27.15","field2":"49.67","field3":"1007.97"},{"created_at":"2023-12-12T16:17:19Z","entry_id":723470,"field1":"27.15","field2":"49.65","field3":"1007.94"},{"created_at":"2023-12-12T16:17:45Z","entry_id":723471,"field1":"27.15","field2":"49.64","field3":"1007.98"},{"created_at":"2023-12-12T16:27:03Z","entry_id":723472,"field1":"27.09","field2":"49.80","field3":"1007.89"},{"created_at":"2023-12-12T16:27:14Z","entry_id":723473,"field1":"27.10","field2":"49.77","field3":"1007.90"},{"created_at":"2023-12-12T16:27:56Z","entry_id":723474,"field1":"27.09","field2":"49.81","field3":"1007.86"},{"created_at":"2023-12-12T16:28:15Z","entry_id":723475,"field1":"27.08","field2":"49.81","field3":"1007.87"},{"created_at":"2023-12-12T16:28:58Z","entry_id":723476,"field1":"27.08","field2":"49.83","field3":"1007.85"},{"created_at":"2023-12-12T16:29:19Z","entry_id":723477,"field1":"27.08","field2":"49.88","field3":"1007.85"},{"created_at":"2023-12-12T16:30:23Z","entry_id":723478,"field1":"27.08","field2":"49.87","field3":"1007.86"},{"created_at":"2023-12-12T16:30:40Z","entry_id":723479,"field1":"27.07","field2":"49.87","field3":"1007.84"},{"created_at":"2023-12-12T16:31:18Z","entry_id":723480,"field1":"27.07","field2":"49.88","field3":"1007.81"},{"created_at":"2023-12-12T16:32:06Z","entry_id":723481,"field1":"27.06","field2":"49.83","field3":"1007.84"},{"created_at":"2023-12-12T16:32:38Z","entry_id":723482,"field1":"27.06","field2":"49.88","field3":"1007.84"},{"created_at":"2023-12-12T16:33:33Z","entry_id":723483,"field1":"27.06","field2":"49.90","field3":"1007.84"},{"created_at":"2023-12-12T16:34:12Z","entry_id":723484,"field1":"27.04","field2":"49.86","field3":"1007.78"},{"created_at":"2023-12-12T16:34:18Z","entry_id":723485,"field1":"27.05","field2":"49.85","field3":"1007.78"},{"created_at":"2023-12-12T16:34:24Z","entry_id":723486,"field1":"27.04","field2":"49.91","field3":"1007.80"},{"created_at":"2023-12-12T16:34:41Z","entry_id":723487,"field1":"27.04","field2":"49.87","field3":"1007.77"},{"created_at":"2023-12-12T16:35:27Z","entry_id":723488,"field1":"27.03","field2":"49.93","field3":"1007.75"},{"created_at":"2023-12-12T16:35:38Z","entry_id":723489,"field1":"27.03","field2":"49.95","field3":"1007.78"},{"created_at":"2023-12-12T16:37:02Z","entry_id":723490,"field1":"27.02","field2":"49.99","field3":"1007.78"},{"created_at":"2023-12-12T16:37:33Z","entry_id":723491,"field1":"27.01","field2":"49.96","field3":"1007.73"},{"created_at":"2023-12-12T16:37:44Z","entry_id":723492,"field1":"27.01","field2":"50.00","field3":"1007.74"},{"created_at":"2023-12-12T16:38:20Z","entry_id":723493,"field1":"27.01","field2":"50.06","field3":"1007.72"},{"created_at":"2023-12-12T16:38:49Z","entry_id":723494,"field1":"27.00","field2":"50.02","field3":"1007.71"},{"created_at":"2023-12-12T16:39:15Z","entry_id":723495,"field1":"26.99","field2":"50.03","field3":"1007.74"},{"created_at":"2023-12-12T16:46:44Z","entry_id":723496,"field1":"26.98","field2":"50.15","field3":"1007.60"},{"created_at":"2023-12-12T16:49:22Z","entry_id":723497,"field1":"26.97","field2":"50.20","field3":"1007.52"},{"created_at":"2023-12-12T16:49:43Z","entry_id":723498,"field1":"26.97","field2":"50.20","field3":"1007.52"},{"created_at":"2023-12-12T16:50:26Z","entry_id":723499,"field1":"26.97","field2":"50.21","field3":"1007.51"},{"created_at":"2023-12-12T17:09:02Z","entry_id":723500,"field1":"26.92","field2":"50.52","field3":"1007.33"},{"created_at":"2023-12-12T17:09:10Z","entry_id":723501,"field1":"26.91","field2":"50.52","field3":"1007.37"},{"created_at":"2023-12-12T17:09:24Z","entry_id":723502,"field1":"26.91","field2":"50.51","field3":"1007.36"},{"created_at":"2023-12-12T17:09:33Z","entry_id":723503,"field1":"26.91","field2":"50.52","field3":"1007.33"},{"created_at":"2023-12-12T17:09:41Z","entry_id":723504,"field1":"26.91","field2":"50.53","field3":"1007.32"},{"created_at":"2023-12-12T17:09:49Z","entry_id":723505,"field1":"26.91","field2":"50.51","field3":"1007.34"},{"created_at":"2023-12-12T17:09:57Z","entry_id":723506,"field1":"26.91","field2":"50.50","field3":"1007.32"},{"created_at":"2023-12-12T17:10:08Z","entry_id":723507,"field1":"26.91","field2":"50.51","field3":"1007.31"},{"created_at":"2023-12-12T17:10:19Z","entry_id":723508,"field1":"26.91","field2":"50.51","field3":"1007.32"},{"created_at":"2023-12-12T17:10:33Z","entry_id":723509,"field1":"26.91","field2":"50.54","field3":"1007.32"},{"created_at":"2023-12-12T17:15:22Z","entry_id":723510,"field1":"26.89","field2":"50.67","field3":"1007.24"},{"created_at":"2023-12-12T17:15:28Z","entry_id":723511,"field1":"26.89","field2":"50.67","field3":"1007.21"},{"created_at":"2023-12-12T17:17:10Z","entry_id":723512,"field1":"26.90","field2":"50.66","field3":"1007.21"},{"created_at":"2023-12-12T17:18:22Z","entry_id":723513,"field1":"26.91","field2":"50.66","field3":"1007.19"},{"created_at":"2023-12-12T17:18:28Z","entry_id":723514,"field1":"26.91","field2":"50.68","field3":"1007.22"},{"created_at":"2023-12-12T17:19:14Z","entry_id":723515,"field1":"26.92","field2":"50.70","field3":"1007.22"},{"created_at":"2023-12-12T17:19:48Z","entry_id":723516,"field1":"26.93","field2":"50.71","field3":"1007.24"},{"created_at":"2023-12-12T17:21:10Z","entry_id":723517,"field1":"26.94","field2":"50.66","field3":"1007.22"},{"created_at":"2023-12-12T17:21:56Z","entry_id":723518,"field1":"26.95","field2":"50.67","field3":"1007.26"},{"created_at":"2023-12-12T17:22:51Z","entry_id":723519,"field1":"26.96","field2":"50.67","field3":"1007.27"},{"created_at":"2023-12-12T17:24:07Z","entry_id":723520,"field1":"26.97","field2":"50.68","field3":"1007.25"},{"created_at":"2023-12-12T17:24:53Z","entry_id":723521,"field1":"26.98","field2":"50.63","field3":"1007.19"},{"created_at":"2023-12-12T17:25:09Z","entry_id":723522,"field1":"26.98","field2":"50.64","field3":"1007.22"},{"created_at":"2023-12-12T17:25:15Z","entry_id":723523,"field1":"26.98","field2":"50.63","field3":"1007.22"},{"created_at":"2023-12-12T17:27:42Z","entry_id":723524,"field1":"27.00","field2":"50.63","field3":"1007.11"},{"created_at":"2023-12-12T17:27:48Z","entry_id":723525,"field1":"27.00","field2":"50.60","field3":"1007.16"},{"created_at":"2023-12-12T17:29:01Z","entry_id":723526,"field1":"27.01","field2":"50.61","field3":"1007.10"},{"created_at":"2023-12-12T17:29:50Z","entry_id":723527,"field1":"27.02","field2":"50.61","field3":"1007.09"},{"created_at":"2023-12-12T17:30:13Z","entry_id":723528,"field1":"27.03","field2":"50.60","field3":"1007.07"},{"created_at":"2023-12-12T17:34:01Z","entry_id":723529,"field1":"27.05","field2":"50.56","field3":"1007.07"},{"created_at":"2023-12-12T17:34:54Z","entry_id":723530,"field1":"27.06","field2":"50.49","field3":"1007.05"},{"created_at":"2023-12-12T17:35:42Z","entry_id":723531,"field1":"27.07","field2":"50.54","field3":"1007.06"},{"created_at":"2023-12-12T17:36:22Z","entry_id":723532,"field1":"27.07","field2":"50.57","field3":"1007.07"},{"created_at":"2023-12-12T17:36:37Z","entry_id":723533,"field1":"27.08","field2":"50.56","field3":"1007.08"},{"created_at":"2023-12-12T17:37:28Z","entry_id":723534,"field1":"27.08","field2":"50.52","field3":"1007.07"},{"created_at":"2023-12-12T17:38:59Z","entry_id":723535,"field1":"27.09","field2":"50.42","field3":"1007.07"},{"created_at":"2023-12-12T17:42:33Z","entry_id":723536,"field1":"27.11","field2":"50.51","field3":"1007.11"},{"created_at":"2023-12-12T17:42:38Z","entry_id":723537,"field1":"27.10","field2":"50.52","field3":"1007.08"},{"created_at":"2023-12-12T17:43:49Z","entry_id":723538,"field1":"27.11","field2":"50.51","field3":"1007.06"},{"created_at":"2023-12-12T17:44:40Z","entry_id":723539,"field1":"27.11","field2":"50.40","field3":"1007.03"},{"created_at":"2023-12-12T17:45:37Z","entry_id":723540,"field1":"27.11","field2":"50.45","field3":"1007.03"},{"created_at":"2023-12-12T17:46:01Z","entry_id":723541,"field1":"27.11","field2":"50.45","field3":"1007.02"},{"created_at":"2023-12-12T17:46:52Z","entry_id":723542,"field1":"27.11","field2":"50.49","field3":"1007.01"},{"created_at":"2023-12-12T17:48:33Z","entry_id":723543,"field1":"27.11","field2":"50.52","field3":"1007.06"},{"created_at":"2023-12-12T17:49:25Z","entry_id":723544,"field1":"27.11","field2":"50.54","field3":"1007.01"},{"created_at":"2023-12-12T17:53:48Z","entry_id":723545,"field1":"27.11","field2":"50.53","field3":"1007.04"},{"created_at":"2023-12-12T17:58:11Z","entry_id":723546,"field1":"27.09","field2":"50.60","field3":"1006.99"},{"created_at":"2023-12-12T17:58:43Z","entry_id":723547,"field1":"27.10","field2":"50.57","field3":"1007.00"},{"created_at":"2023-12-12T18:01:15Z","entry_id":723548,"field1":"27.10","field2":"50.62","field3":"1007.02"},{"created_at":"2023-12-12T18:28:17Z","entry_id":723549,"field1":"27.19","field2":"50.55","field3":"1006.66"},{"created_at":"2023-12-12T18:32:18Z","entry_id":723550,"field1":"27.17","field2":"50.63","field3":"1006.62"},{"created_at":"2023-12-12T18:32:50Z","entry_id":723551,"field1":"27.16","field2":"50.64","field3":"1006.67"},{"created_at":"2023-12-12T18:35:16Z","entry_id":723552,"field1":"27.14","field2":"50.69","field3":"1006.66"},{"created_at":"2023-12-12T18:42:57Z","entry_id":723553,"field1":"27.12","field2":"50.90","field3":"1006.47"},{"created_at":"2023-12-12T19:10:16Z","entry_id":723554,"field1":"27.38","field2":"50.53","field3":"1006.21"},{"created_at":"2023-12-12T19:10:18Z","entry_id":723555,"field1":"27.38","field2":"50.53","field3":"1006.24"},{"created_at":"2023-12-12T19:10:41Z","entry_id":723556,"field1":"27.37","field2":"50.44","field3":"1006.20"},{"created_at":"2023-12-12T19:11:33Z","entry_id":723557,"field1":"27.38","field2":"50.46","field3":"1006.22"},{"created_at":"2023-12-12T19:12:14Z","entry_id":723558,"field1":"27.39","field2":"50.46","field3":"1006.19"},{"created_at":"2023-12-12T19:13:48Z","entry_id":723559,"field1":"27.39","field2":"50.40","field3":"1006.17"},{"created_at":"2023-12-12T19:14:32Z","entry_id":723560,"field1":"27.41","field2":"50.41","field3":"1006.18"},{"created_at":"2023-12-12T19:15:36Z","entry_id":723561,"field1":"27.41","field2":"50.36","field3":"1006.17"},{"created_at":"2023-12-12T19:16:54Z","entry_id":723562,"field1":"27.41","field2":"50.45","field3":"1006.16"},{"created_at":"2023-12-12T19:21:22Z","entry_id":723563,"field1":"27.42","field2":"50.40","field3":"1006.01"},{"created_at":"2023-12-12T19:25:05Z","entry_id":723564,"field1":"27.44","field2":"50.37","field3":"1005.98"},{"created_at":"2023-12-12T19:31:07Z","entry_id":723565,"field1":"27.44","field2":"50.34","field3":"1005.94"}]}