{"channel":{"id":2245282,"name":"Lokasi-5","latitude":"0.0","longitude":"0.0","field1":"temp","field2":"hum","field3":"pressure",{"created_at":"2023-12-12T00:07:17Z","entry_id":682140,"field1":"27.80","field2":"59.11","field3":"1007.88"},{"created_at":"2023-12-12T00:08:09Z","entry_id":682141,"field1":"27.82","field2":"59.07","field3":"1007.92"},{"created_at":"2023-12-12T00:08:51Z","entry_id":682142,"field1":"27.83","field2":"59.03","field3":"1007.93"},{"created_at":"2023-12-12T00:09:12Z","entry_id":682143,"field1":"27.75","field2":"59.01","field3":"1007.75"},{"created_at":"2023-12-12T00:09:37Z","entry_id":682144,"field1":"27.84","field2":"58.98","field3":"1007.92"},{"created_at":"2023-12-12T00:09:50Z","entry_id":682145,"field1":"27.85","field2":"58.98","field3":"1007.94"},{"created_at":"2023-12-12T00:10:22Z","entry_id":682146,"field1":"27.86","field2":"58.95","field3":"1007.94"},{"created_at":"2023-12-12T01:09:27Z","entry_id":682147,"field1":"26.10","field2":"54.46","field3":"1007.93"},{"created_at":"2023-12-12T01:10:30Z","entry_id":682148,"field1":"26.01","field2":"54.32","field3":"1007.90"},{"created_at":"2023-12-12T03:25:02Z","entry_id":682149,"field1":"23.53","field2":"50.80","field3":"1006.93"},{"created_at":"2023-12-12T09:00:23Z","entry_id":682150,"field1":"23.59","field2":"49.85","field3":"1004.25"},{"created_at":"2023-12-12T09:05:16Z","entry_id":682151,"field1":"24.09","field2":"49.97","field3":"1004.31"},{"created_at":"2023-12-12T09:06:54Z","entry_id":682152,"field1":"24.26","field2":"50.36","field3":"1004.32"},{"created_at":"2023-12-12T11:07:20Z","entry_id":682153,"field1":null,"field2":null,"field3":null},{"created_at":"2023-12-12T11:07:45Z","entry_id":682154,"field1":"25.63","field2":"50.28","field3":"1004.48"},{"created_at":"2023-12-12T11:08:21Z","entry_id":682155,"field1":"25.65","field2":"50.25","field3":"1004.52"},{"created_at":"2023-12-12T11:26:20Z","entry_id":682156,"field1":"25.51","field2":"50.52","field3":"1004.71"},{"created_at":"2023-12-12T11:26:30Z","entry_id":682157,"field1":"25.51","field2":"50.55","field3":"1004.73"},{"created_at":"2023-12-12T11:26:38Z","entry_id":682158,"field1":"25.51","field2":"50.54","field3":"1004.76"},{"created_at":"2023-12-12T11:26:49Z","entry_id":682159,"field1":"25.51","field2":"50.54","field3":"1004.76"},{"created_at":"2023-12-12T11:26:56Z","entry_id":682160,"field1":"25.50","field2":"50.57","field3":"1004.73"},{"created_at":"2023-12-12T11:27:03Z","entry_id":682161,"field1":"25.50","field2":"50.57","field3":"1004.73"},{"created_at":"2023-12-12T11:27:39Z","entry_id":682162,"field1":"25.50","field2":"50.58","field3":"1004.80"},{"created_at":"2023-12-12T11:27:47Z","entry_id":682163,"field1":"25.50","field2":"50.60","field3":"1004.78"},{"created_at":"2023-12-12T11:29:32Z","entry_id":682164,"field1":"25.50","field2":"50.69","field3":"1004.82"},{"created_at":"2023-12-12T11:29:49Z","entry_id":682165,"field1":"25.49","field2":"50.70","field3":"1004.83"},{"created_at":"2023-12-12T11:29:57Z","entry_id":682166,"field1":"25.48","field2":"50.70","field3":"1004.79"},{"created_at":"2023-12-12T11:30:05Z","entry_id":682167,"field1":"25.39","field2":"50.70","field3":"1004.65"},{"created_at":"2023-12-12T11:30:16Z","entry_id":682168,"field1":"25.49","field2":"50.73","field3":"1004.84"},{"created_at":"2023-12-12T11:30:23Z","entry_id":682169,"field1":"25.49","field2":"50.71","field3":"1004.85"},{"created_at":"2023-12-12T11:30:33Z","entry_id":682170,"field1":"25.49","field2":"50.75","field3":"1004.83"},{"created_at":"2023-12-12T11:30:57Z","entry_id":682171,"field1":"25.49","field2":"50.71","field3":"1004.79"},{"created_at":"2023-12-12T11:31:19Z","entry_id":682172,"field1":"25.49","field2":"50.74","field3":"1004.87"},{"created_at":"2023-12-12T11:31:31Z","entry_id":682173,"field1":"25.49","field2":"50.75","field3":"1004.83"},{"created_at":"2023-12-12T11:31:36Z","entry_id":682174,"field1":"25.49","field2":"50.74","field3":"1004.84"},{"created_at":"2023-12-12T11:31:48Z","entry_id":682175,"field1":"25.49","field2":"50.75","field3":"1004.81"},{"created_at":"2023-12-12T11:32:00Z","entry_id":682176,"field1":"25.47","field2":"50.77","field3":"1004.78"},{"created_at":"2023-12-12T11:32:17Z","entry_id":682177,"field1":"25.49","field2":"50.76","field3":"1004.81"},{"created_at":"2023-12-12T11:33:11Z","entry_id":682178,"field1":"25.49","field2":"50.74","field3":"1004.82"},{"created_at":"2023-12-12T11:33:18Z","entry_id":682179,"field1":"25.49","field2":"50.74","field3":"1004.83"},{"created_at":"2023-12-12T11:33:24Z","entry_id":682180,"field1":"25.50","field2":"50.74","field3":"1004.83"},{"created_at":"2023-12-12T11:33:30Z","entry_id":682181,"field1":"25.50","field2":"50.77","field3":"1004.82"},{"created_at":"2023-12-12T11:33:51Z","entry_id":682182,"field1":"25.49","field2":"50.77","field3":"1004.83"},{"created_at":"2023-12-12T11:34:03Z","entry_id":682183,"field1":"25.49","field2":"50.78","field3":"1004.82"},{"created_at":"2023-12-12T11:34:26Z","entry_id":682184,"field1":"25.49","field2":"50.77","field3":"1004.81"},{"created_at":"2023-12-12T11:34:32Z","entry_id":682185,"field1":"25.50","field2":"50.79","field3":"1004.81"},{"created_at":"2023-12-12T11:34:43Z","entry_id":682186,"field1":"25.50","field2":"50.79","field3":"1004.83"},{"created_at":"2023-12-12T11:34:49Z","entry_id":682187,"field1":"25.50","field2":"50.79","field3":"1004.83"},{"created_at":"2023-12-12T11:35:06Z","entry_id":682188,"field1":"25.50","field2":"50.79","field3":"1004.83"},{"created_at":"2023-12-12T11:35:15Z","entry_id":682189,"field1":"25.50","field2":"50.80","field3":"1004.84"},{"created_at":"2023-12-12T11:35:26Z","entry_id":682190,"field1":"25.49","field2":"50.79","field3":"1004.82"},{"created_at":"2023-12-12T11:35:32Z","entry_id":682191,"field1":"25.51","field2":"50.80","field3":"1004.87"},{"created_at":"2023-12-12T11:35:44Z","entry_id":682192,"field1":"25.50","field2":"50.81","field3":"1004.84"},{"created_at":"2023-12-12T11:35:50Z","entry_id":682193,"field1":"25.47","field2":"50.81","field3":"1004.80"},{"created_at":"2023-12-12T11:35:55Z","entry_id":682194,"field1":"25.50","field2":"50.80","field3":"1004.85"},{"created_at":"2023-12-12T11:36:01Z","entry_id":682195,"field1":"25.51","field2":"50.80","field3":"1004.87"},{"created_at":"2023-12-12T11:36:07Z","entry_id":682196,"field1":"25.51","field2":"50.81","field3":"1004.83"},{"created_at":"2023-12-12T11:37:16Z","entry_id":682197,"field1":"25.51","field2":"50.82","field3":"1004.89"},{"created_at":"2023-12-12T11:37:27Z","entry_id":682198,"field1":"25.51","field2":"50.81","field3":"1004.90"},{"created_at":"2023-12-12T11:37:36Z","entry_id":682199,"field1":"25.51","field2":"50.83","field3":"1004.89"},{"created_at":"2023-12-12T11:37:56Z","entry_id":682200,"field1":"25.50","field2":"50.79","field3":"1004.92"},{"created_at":"2023-12-12T11:38:02Z","entry_id":682201,"field1":"25.50","field2":"50.81","field3":"1004.89"},{"created_at":"2023-12-12T11:38:16Z","entry_id":682202,"field1":"25.51","field2":"50.83","field3":"1004.92"},{"created_at":"2023-12-12T11:38:30Z","entry_id":682203,"field1":"25.51","field2":"50.80","field3":"1004.93"},{"created_at":"2023-12-12T11:38:47Z","entry_id":682204,"field1":"25.52","field2":"50.81","field3":"1004.91"},{"created_at":"2023-12-12T11:38:53Z","entry_id":682205,"field1":"25.51","field2":"50.80","field3":"1004.91"},{"created_at":"2023-12-12T11:38:59Z","entry_id":682206,"field1":"25.51","field2":"50.80","field3":"1004.93"},{"created_at":"2023-12-12T11:39:10Z","entry_id":682207,"field1":"25.52","field2":"50.78","field3":"1004.95"},{"created_at":"2023-12-12T11:39:44Z","entry_id":682208,"field1":"25.51","field2":"50.82","field3":"1004.95"},{"created_at":"2023-12-12T11:39:50Z","entry_id":682209,"field1":"25.51","field2":"50.83","field3":"1004.96"},{"created_at":"2023-12-12T11:39:55Z","entry_id":682210,"field1":"25.51","field2":"50.85","field3":"1004.99"},{"created_at":"2023-12-12T11:40:24Z","entry_id":682211,"field1":"25.52","field2":"50.83","field3":"1005.02"},{"created_at":"2023-12-12T11:40:30Z","entry_id":682212,"field1":"25.52","field2":"50.84","field3":"1005.02"},{"created_at":"2023-12-12T11:40:35Z","entry_id":682213,"field1":"25.52","field2":"50.85","field3":"1005.02"},{"created_at":"2023-12-12T11:40:47Z","entry_id":682214,"field1":"25.52","field2":"50.83","field3":"1005.03"},{"created_at":"2023-12-12T11:40:53Z","entry_id":682215,"field1":"25.52","field2":"50.85","field3":"1005.00"},{"created_at":"2023-12-12T11:41:04Z","entry_id":682216,"field1":"25.52","field2":"50.87","field3":"1005.01"},{"created_at":"2023-12-12T11:41:19Z","entry_id":682217,"field1":"25.52","field2":"50.85","field3":"1005.03"},{"created_at":"2023-12-12T11:41:35Z","entry_id":682218,"field1":"25.53","field2":"50.86","field3":"1005.04"},{"created_at":"2023-12-12T11:41:58Z","entry_id":682219,"field1":"25.53","field2":"50.88","field3":"1005.09"},{"created_at":"2023-12-12T11:42:38Z","entry_id":682220,"field1":"25.53","field2":"50.88","field3":"1005.05"},{"created_at":"2023-12-12T11:42:44Z","entry_id":682221,"field1":"25.54","field2":"50.84","field3":"1005.09"},{"created_at":"2023-12-12T11:42:50Z","entry_id":682222,"field1":"25.54","field2":"50.83","field3":"1005.08"},{"created_at":"2023-12-12T11:43:01Z","entry_id":682223,"field1":"25.55","field2":"50.85","field3":"1005.09"},{"created_at":"2023-12-12T11:43:07Z","entry_id":682224,"field1":"25.54","field2":"50.84","field3":"1005.08"},{"created_at":"2023-12-12T11:43:12Z","entry_id":682225,"field1":"25.55","field2":"50.84","field3":"1005.10"},{"created_at":"2023-12-12T11:43:21Z","entry_id":682226,"field1":"25.54","field2":"50.85","field3":"1005.09"},{"created_at":"2023-12-12T11:44:24Z","entry_id":682227,"field1":"25.55","field2":"50.86","field3":"1005.06"},{"created_at":"2023-12-12T11:44:47Z","entry_id":682228,"field1":"25.56","field2":"50.89","field3":"1005.08"},{"created_at":"2023-12-12T11:44:53Z","entry_id":682229,"field1":"25.56","field2":"50.87","field3":"1005.09"},{"created_at":"2023-12-12T11:44:58Z","entry_id":682230,"field1":"25.56","field2":"50.87","field3":"1005.05"},{"created_at":"2023-12-12T11:45:04Z","entry_id":682231,"field1":"25.56","field2":"50.87","field3":"1005.09"},{"created_at":"2023-12-12T11:45:10Z","entry_id":682232,"field1":"25.56","field2":"50.86","field3":"1005.10"},{"created_at":"2023-12-12T11:45:16Z","entry_id":682233,"field1":"25.56","field2":"50.87","field3":"1005.10"},{"created_at":"2023-12-12T11:45:27Z","entry_id":682234,"field1":"25.56","field2":"50.89","field3":"1005.08"},{"created_at":"2023-12-12T11:45:45Z","entry_id":682235,"field1":"25.56","field2":"50.85","field3":"1005.09"},{"created_at":"2023-12-12T11:46:02Z","entry_id":682236,"field1":"25.57","field2":"50.89","field3":"1005.12"},{"created_at":"2023-12-12T11:46:11Z","entry_id":682237,"field1":"25.57","field2":"50.87","field3":"1005.12"},{"created_at":"2023-12-12T11:46:27Z","entry_id":682238,"field1":"25.56","field2":"50.87","field3":"1005.11"},{"created_at":"2023-12-12T11:46:33Z","entry_id":682239,"field1":"25.56","field2":"50.89","field3":"1005.08"},{"created_at":"2023-12-12T11:46:39Z","entry_id":682240,"field1":"25.57","field2":"50.89","field3":"1005.10"},{"created_at":"2023-12-12T11:46:45Z","entry_id":682241,"field1":"25.57","field2":"50.91","field3":"1005.10"},{"created_at":"2023-12-12T11:46:51Z","entry_id":682242,"field1":"25.55","field2":"50.91","field3":"1005.07"},{"created_at":"2023-12-12T11:46:56Z","entry_id":682243,"field1":"25.57","field2":"50.90","field3":"1005.07"},{"created_at":"2023-12-12T11:47:02Z","entry_id":682244,"field1":"25.56","field2":"50.90","field3":"1005.10"},{"created_at":"2023-12-12T11:47:25Z","entry_id":682245,"field1":"25.57","field2":"50.88","field3":"1005.10"},{"created_at":"2023-12-12T11:48:10Z","entry_id":682246,"field1":"25.57","field2":"50.91","field3":"1005.12"},{"created_at":"2023-12-12T11:48:16Z","entry_id":682247,"field1":"25.56","field2":"50.91","field3":"1005.08"},{"created_at":"2023-12-12T11:48:33Z","entry_id":682248,"field1":"25.58","field2":"50.90","field3":"1005.13"},{"created_at":"2023-12-12T11:48:48Z","entry_id":682249,"field1":"25.56","field2":"50.92","field3":"1005.11"},{"created_at":"2023-12-12T11:49:05Z","entry_id":682250,"field1":"25.58","field2":"50.92","field3":"1005.14"},{"created_at":"2023-12-12T11:49:22Z","entry_id":682251,"field1":"25.56","field2":"50.94","field3":"1005.09"},{"created_at":"2023-12-12T11:49:34Z","entry_id":682252,"field1":"25.58","field2":"50.89","field3":"1005.14"},{"created_at":"2023-12-12T11:49:39Z","entry_id":682253,"field1":"25.58","field2":"50.91","field3":"1005.15"},{"created_at":"2023-12-12T11:49:51Z","entry_id":682254,"field1":"25.58","field2":"50.90","field3":"1005.18"},{"created_at":"2023-12-12T11:50:00Z","entry_id":682255,"field1":"25.59","field2":"50.91","field3":"1005.16"},{"created_at":"2023-12-12T11:50:12Z","entry_id":682256,"field1":"25.58","field2":"50.89","field3":"1005.16"},{"created_at":"2023-12-12T11:51:40Z","entry_id":682257,"field1":"25.60","field2":"50.96","field3":"1005.17"},{"created_at":"2023-12-12T11:51:46Z","entry_id":682258,"field1":"25.60","field2":"50.95","field3":"1005.17"},{"created_at":"2023-12-12T11:51:52Z","entry_id":682259,"field1":"25.60","field2":"50.97","field3":"1005.18"},{"created_at":"2023-12-12T11:51:58Z","entry_id":682260,"field1":"25.60","field2":"50.97","field3":"1005.18"},{"created_at":"2023-12-12T11:52:34Z","entry_id":682261,"field1":"25.60","field2":"50.95","field3":"1005.19"},{"created_at":"2023-12-12T11:52:40Z","entry_id":682262,"field1":"25.60","field2":"50.97","field3":"1005.16"},{"created_at":"2023-12-12T11:52:46Z","entry_id":682263,"field1":"25.61","field2":"50.96","field3":"1005.19"},{"created_at":"2023-12-12T11:52:51Z","entry_id":682264,"field1":"25.61","field2":"50.97","field3":"1005.18"},{"created_at":"2023-12-12T11:53:09Z","entry_id":682265,"field1":"25.61","field2":"50.97","field3":"1005.20"},{"created_at":"2023-12-12T11:53:15Z","entry_id":682266,"field1":"25.61","field2":"50.98","field3":"1005.21"},{"created_at":"2023-12-12T11:53:21Z","entry_id":682267,"field1":"25.61","field2":"50.98","field3":"1005.19"},{"created_at":"2023-12-12T11:54:12Z","entry_id":682268,"field1":"25.57","field2":"50.97","field3":"1005.12"},{"created_at":"2023-12-12T11:54:27Z","entry_id":682269,"field1":"25.62","field2":"50.93","field3":"1005.19"},{"created_at":"2023-12-12T11:54:49Z","entry_id":682270,"field1":"25.63","field2":"50.95","field3":"1005.19"},{"created_at":"2023-12-12T11:54:58Z","entry_id":682271,"field1":"25.62","field2":"50.94","field3":"1005.20"},{"created_at":"2023-12-12T11:55:04Z","entry_id":682272,"field1":"25.63","field2":"50.93","field3":"1005.21"},{"created_at":"2023-12-12T12:04:48Z","entry_id":682273,"field1":"25.79","field2":"50.86","field3":"1005.36"},{"created_at":"2023-12-12T12:04:54Z","entry_id":682274,"field1":"25.80","field2":"50.89","field3":"1005.38"},{"created_at":"2023-12-12T12:05:28Z","entry_id":682275,"field1":"25.81","field2":"50.87","field3":"1005.38"},{"created_at":"2023-12-12T12:06:21Z","entry_id":682276,"field1":"25.82","field2":"50.85","field3":"1005.38"},{"created_at":"2023-12-12T12:07:11Z","entry_id":682277,"field1":"25.82","field2":"50.86","field3":"1005.38"},{"created_at":"2023-12-12T12:07:15Z","entry_id":682278,"field1":"25.83","field2":"50.87","field3":"1005.44"},{"created_at":"2023-12-12T12:07:33Z","entry_id":682279,"field1":"25.84","field2":"50.87","field3":"1005.42"},{"created_at":"2023-12-12T12:07:42Z","entry_id":682280,"field1":"25.84","field2":"50.86","field3":"1005.44"},{"created_at":"2023-12-12T12:07:53Z","entry_id":682281,"field1":"25.84","field2":"50.85","field3":"1005.43"},{"created_at":"2023-12-12T12:08:45Z","entry_id":682282,"field1":"25.86","field2":"50.87","field3":"1005.45"},{"created_at":"2023-12-12T12:09:25Z","entry_id":682283,"field1":"25.71","field2":"50.80","field3":"1005.18"},{"created_at":"2023-12-12T12:09:42Z","entry_id":682284,"field1":"25.88","field2":"50.81","field3":"1005.46"},{"created_at":"2023-12-12T12:10:28Z","entry_id":682285,"field1":"25.88","field2":"50.75","field3":"1005.43"},{"created_at":"2023-12-12T12:10:47Z","entry_id":682286,"field1":"25.89","field2":"50.73","field3":"1005.48"},{"created_at":"2023-12-12T12:10:53Z","entry_id":682287,"field1":"25.89","field2":"50.72","field3":"1005.47"},{"created_at":"2023-12-12T12:10:59Z","entry_id":682288,"field1":"25.89","field2":"50.72","field3":"1005.46"},{"created_at":"2023-12-12T12:12:08Z","entry_id":682289,"field1":"25.90","field2":"50.73","field3":"1005.47"},{"created_at":"2023-12-12T12:12:57Z","entry_id":682290,"field1":"25.90","field2":"50.67","field3":"1005.52"},{"created_at":"2023-12-12T12:13:22Z","entry_id":682291,"field1":"25.90","field2":"50.68","field3":"1005.55"},{"created_at":"2023-12-12T12:14:13Z","entry_id":682292,"field1":"25.89","field2":"50.69","field3":"1005.56"},{"created_at":"2023-12-12T12:14:25Z","entry_id":682293,"field1":"25.90","field2":"50.73","field3":"1005.55"},{"created_at":"2023-12-12T12:14:36Z","entry_id":682294,"field1":"25.90","field2":"50.72","field3":"1005.57"},{"created_at":"2023-12-12T12:14:48Z","entry_id":682295,"field1":"25.90","field2":"50.73","field3":"1005.57"},{"created_at":"2023-12-12T12:15:10Z","entry_id":682296,"field1":"25.89","field2":"50.69","field3":"1005.58"},{"created_at":"2023-12-12T12:15:33Z","entry_id":682297,"field1":"25.89","field2":"50.72","field3":"1005.64"},{"created_at":"2023-12-12T12:15:51Z","entry_id":682298,"field1":"25.90","field2":"50.74","field3":"1005.64"},{"created_at":"2023-12-12T12:16:14Z","entry_id":682299,"field1":"25.89","field2":"50.74","field3":"1005.67"},{"created_at":"2023-12-12T12:16:23Z","entry_id":682300,"field1":"25.89","field2":"50.74","field3":"1005.70"},{"created_at":"2023-12-12T12:16:42Z","entry_id":682301,"field1":"25.88","field2":"50.74","field3":"1005.64"},{"created_at":"2023-12-12T12:16:48Z","entry_id":682302,"field1":"25.89","field2":"50.76","field3":"1005.67"},{"created_at":"2023-12-12T12:16:54Z","entry_id":682303,"field1":"25.88","field2":"50.78","field3":"1005.65"},{"created_at":"2023-12-12T12:17:00Z","entry_id":682304,"field1":"25.89","field2":"50.76","field3":"1005.69"},{"created_at":"2023-12-12T12:17:06Z","entry_id":682305,"field1":"25.88","field2":"50.76","field3":"1005.69"},{"created_at":"2023-12-12T12:17:23Z","entry_id":682306,"field1":"25.88","field2":"50.75","field3":"1005.67"},{"created_at":"2023-12-12T12:17:46Z","entry_id":682307,"field1":"25.87","field2":"50.73","field3":"1005.71"},{"created_at":"2023-12-12T12:17:51Z","entry_id":682308,"field1":"25.88","field2":"50.76","field3":"1005.75"},{"created_at":"2023-12-12T12:17:57Z","entry_id":682309,"field1":"25.88","field2":"50.75","field3":"1005.72"},{"created_at":"2023-12-12T12:18:03Z","entry_id":682310,"field1":"25.88","field2":"50.75","field3":"1005.73"},{"created_at":"2023-12-12T12:18:09Z","entry_id":682311,"field1":"25.88","field2":"50.76","field3":"1005.76"},{"created_at":"2023-12-12T12:18:42Z","entry_id":682312,"field1":"25.87","field2":"50.77","field3":"1005.77"},{"created_at":"2023-12-12T12:19:31Z","entry_id":682313,"field1":"25.87","field2":"50.83","field3":"1005.79"},{"created_at":"2023-12-12T12:19:37Z","entry_id":682314,"field1":"25.87","field2":"50.80","field3":"1005.81"},{"created_at":"2023-12-12T12:20:25Z","entry_id":682315,"field1":"25.82","field2":"50.88","field3":"1005.84"},{"created_at":"2023-12-12T12:20:47Z","entry_id":682316,"field1":"25.87","field2":"50.90","field3":"1005.86"},{"created_at":"2023-12-12T12:20:58Z","entry_id":682317,"field1":"25.87","field2":"50.88","field3":"1005.85"},{"created_at":"2023-12-12T12:22:28Z","entry_id":682318,"field1":"25.87","field2":"50.91","field3":"1005.86"},{"created_at":"2023-12-12T12:22:34Z","entry_id":682319,"field1":"25.86","field2":"50.90","field3":"1005.84"},{"created_at":"2023-12-12T12:22:51Z","entry_id":682320,"field1":"25.86","field2":"50.92","field3":"1005.84"},{"created_at":"2023-12-12T12:23:36Z","entry_id":682321,"field1":"25.86","field2":"50.92","field3":"1005.81"},{"created_at":"2023-12-12T12:25:13Z","entry_id":682322,"field1":"25.86","field2":"50.93","field3":"1005.81"},{"created_at":"2023-12-12T12:25:24Z","entry_id":682323,"field1":"25.86","field2":"50.98","field3":"1005.81"},{"created_at":"2023-12-12T12:25:39Z","entry_id":682324,"field1":"25.85","field2":"51.00","field3":"1005.82"},{"created_at":"2023-12-12T12:25:45Z","entry_id":682325,"field1":"25.86","field2":"50.99","field3":"1005.80"},{"created_at":"2023-12-12T12:27:10Z","entry_id":682326,"field1":"25.86","field2":"50.97","field3":"1005.89"},{"created_at":"2023-12-12T12:27:38Z","entry_id":682327,"field1":"25.87","field2":"51.00","field3":"1005.83"},{"created_at":"2023-12-12T12:28:32Z","entry_id":682328,"field1":"25.88","field2":"50.98","field3":"1005.90"},{"created_at":"2023-12-12T12:28:38Z","entry_id":682329,"field1":"25.88","field2":"51.00","field3":"1005.93"},{"created_at":"2023-12-12T12:28:55Z","entry_id":682330,"field1":"25.87","field2":"50.97","field3":"1005.92"},{"created_at":"2023-12-12T12:29:13Z","entry_id":682331,"field1":"25.88","field2":"51.00","field3":"1005.89"},{"created_at":"2023-12-12T12:31:10Z","entry_id":682332,"field1":"25.83","field2":"51.02","field3":"1005.90"},{"created_at":"2023-12-12T12:31:28Z","entry_id":682333,"field1":"25.89","field2":"51.05","field3":"1006.01"},{"created_at":"2023-12-12T12:31:45Z","entry_id":682334,"field1":"25.88","field2":"51.05","field3":"1006.01"},{"created_at":"2023-12-12T12:31:57Z","entry_id":682335,"field1":"25.88","field2":"51.04","field3":"1005.99"},{"created_at":"2023-12-12T12:33:41Z","entry_id":682336,"field1":"25.89","field2":"51.07","field3":"1006.02"},{"created_at":"2023-12-12T12:34:27Z","entry_id":682337,"field1":"25.90","field2":"51.05","field3":"1006.00"},{"created_at":"2023-12-12T12:34:50Z","entry_id":682338,"field1":"25.89","field2":"51.07","field3":"1006.00"},{"created_at":"2023-12-12T13:13:00Z","entry_id":682339,"field1":"26.30","field2":"50.79","field3":"1006.60"},{"created_at":"2023-12-12T13:13:18Z","entry_id":682340,"field1":"26.29","field2":"50.75","field3":"1006.56"},{"created_at":"2023-12-12T13:13:26Z","entry_id":682341,"field1":"26.29","field2":"50.80","field3":"1006.55"},{"created_at":"2023-12-12T13:14:12Z","entry_id":682342,"field1":"26.27","field2":"50.81","field3":"1006.55"},{"created_at":"2023-12-12T13:14:39Z","entry_id":682343,"field1":"26.27","field2":"50.86","field3":"1006.62"},{"created_at":"2023-12-12T13:14:59Z","entry_id":682344,"field1":"26.26","field2":"50.89","field3":"1006.57"},{"created_at":"2023-12-12T13:16:08Z","entry_id":682345,"field1":"26.25","field2":"50.92","field3":"1006.60"},{"created_at":"2023-12-12T13:16:17Z","entry_id":682346,"field1":"26.24","field2":"50.89","field3":"1006.60"},{"created_at":"2023-12-12T13:16:42Z","entry_id":682347,"field1":"26.24","field2":"50.95","field3":"1006.64"},{"created_at":"2023-12-12T13:17:11Z","entry_id":682348,"field1":"26.23","field2":"50.97","field3":"1006.62"},{"created_at":"2023-12-12T13:19:41Z","entry_id":682349,"field1":"26.21","field2":"51.07","field3":"1006.71"},{"created_at":"2023-12-12T13:21:38Z","entry_id":682350,"field1":"26.17","field2":"51.11","field3":"1006.70"},{"created_at":"2023-12-12T13:22:01Z","entry_id":682351,"field1":"26.19","field2":"51.14","field3":"1006.68"},{"created_at":"2023-12-12T13:22:19Z","entry_id":682352,"field1":"26.18","field2":"51.17","field3":"1006.72"},{"created_at":"2023-12-12T13:22:55Z","entry_id":682353,"field1":"26.18","field2":"51.19","field3":"1006.72"},{"created_at":"2023-12-12T13:25:00Z","entry_id":682354,"field1":"26.18","field2":"51.27","field3":"1006.72"},{"created_at":"2023-12-12T13:25:21Z","entry_id":682355,"field1":"26.18","field2":"51.25","field3":"1006.75"},{"created_at":"2023-12-12T13:25:26Z","entry_id":682356,"field1":"26.18","field2":"51.26","field3":"1006.78"},{"created_at":"2023-12-12T13:26:09Z","entry_id":682357,"field1":"26.17","field2":"51.27","field3":"1006.76"},{"created_at":"2023-12-12T13:26:18Z","entry_id":682358,"field1":"26.16","field2":"51.28","field3":"1006.75"},{"created_at":"2023-12-12T13:26:32Z","entry_id":682359,"field1":"26.18","field2":"51.28","field3":"1006.77"},{"created_at":"2023-12-12T13:26:57Z","entry_id":682360,"field1":"26.19","field2":"51.30","field3":"1006.81"},{"created_at":"2023-12-12T13:27:33Z","entry_id":682361,"field1":"26.19","field2":"51.31","field3":"1006.80"},{"created_at":"2023-12-12T13:30:58Z","entry_id":682362,"field1":"26.19","field2":"51.36","field3":"1006.81"},{"created_at":"2023-12-12T13:32:49Z","entry_id":682363,"field1":"26.19","field2":"51.41","field3":"1006.84"},{"created_at":"2023-12-12T13:34:34Z","entry_id":682364,"field1":"26.20","field2":"51.43","field3":"1006.83"},{"created_at":"2023-12-12T13:34:38Z","entry_id":682365,"field1":"26.15","field2":"51.42","field3":"1006.73"},{"created_at":"2023-12-12T13:37:07Z","entry_id":682366,"field1":"26.19","field2":"51.44","field3":"1006.84"},{"created_at":"2023-12-12T13:37:16Z","entry_id":682367,"field1":"26.17","field2":"51.46","field3":"1006.84"},{"created_at":"2023-12-12T13:41:57Z","entry_id":682368,"field1":"26.20","field2":"51.52","field3":"1006.89"},{"created_at":"2023-12-12T13:42:38Z","entry_id":682369,"field1":"26.21","field2":"51.51","field3":"1006.89"},{"created_at":"2023-12-12T13:42:44Z","entry_id":682370,"field1":"26.21","field2":"51.55","field3":"1006.89"},{"created_at":"2023-12-12T13:43:12Z","entry_id":682371,"field1":"26.22","field2":"51.53","field3":"1006.92"},{"created_at":"2023-12-12T13:45:35Z","entry_id":682372,"field1":"26.22","field2":"51.59","field3":"1006.93"},{"created_at":"2023-12-12T13:45:42Z","entry_id":682373,"field1":"26.22","field2":"51.59","field3":"1006.91"},{"created_at":"2023-12-12T13:46:14Z","entry_id":682374,"field1":"26.22","field2":"51.58","field3":"1006.90"},{"created_at":"2023-12-12T13:47:04Z","entry_id":682375,"field1":"26.23","field2":"51.64","field3":"1006.93"},{"created_at":"2023-12-12T13:47:41Z","entry_id":682376,"field1":"26.23","field2":"51.61","field3":"1006.94"},{"created_at":"2023-12-12T13:47:56Z","entry_id":682377,"field1":"26.22","field2":"51.61","field3":"1006.95"},{"created_at":"2023-12-12T13:48:24Z","entry_id":682378,"field1":"26.23","field2":"51.58","field3":"1006.95"},{"created_at":"2023-12-12T13:49:42Z","entry_id":682379,"field1":"26.24","field2":"51.58","field3":"1006.98"},{"created_at":"2023-12-12T13:49:48Z","entry_id":682380,"field1":"26.23","field2":"51.59","field3":"1006.93"},{"created_at":"2023-12-12T13:49:53Z","entry_id":682381,"field1":"26.24","field2":"51.62","field3":"1006.92"},{"created_at":"2023-12-12T13:49:59Z","entry_id":682382,"field1":"26.24","field2":"51.62","field3":"1006.95"},{"created_at":"2023-12-12T13:50:05Z","entry_id":682383,"field1":"26.24","field2":"51.62","field3":"1006.98"},{"created_at":"2023-12-12T13:50:51Z","entry_id":682384,"field1":"26.24","field2":"51.63","field3":"1006.93"},{"created_at":"2023-12-12T13:51:39Z","entry_id":682385,"field1":"26.25","field2":"51.61","field3":"1006.94"},{"created_at":"2023-12-12T13:52:01Z","entry_id":682386,"field1":"26.25","field2":"51.65","field3":"1006.99"},{"created_at":"2023-12-12T13:52:09Z","entry_id":682387,"field1":"26.24","field2":"51.65","field3":"1006.96"},{"created_at":"2023-12-12T13:55:19Z","entry_id":682388,"field1":"26.24","field2":"51.68","field3":"1006.96"},{"created_at":"2023-12-12T13:55:22Z","entry_id":682389,"field1":"26.24","field2":"51.68","field3":"1006.97"},{"created_at":"2023-12-12T13:55:28Z","entry_id":682390,"field1":"26.24","field2":"51.69","field3":"1006.96"},{"created_at":"2023-12-12T13:55:50Z","entry_id":682391,"field1":"26.24","field2":"51.71","field3":"1007.00"},{"created_at":"2023-12-12T13:56:13Z","entry_id":682392,"field1":"26.24","field2":"51.71","field3":"1007.00"},{"created_at":"2023-12-12T13:57:39Z","entry_id":682393,"field1":"26.25","field2":"51.74","field3":"1007.03"},{"created_at":"2023-12-12T13:58:16Z","entry_id":682394,"field1":"26.24","field2":"51.74","field3":"1006.99"},{"created_at":"2023-12-12T13:58:28Z","entry_id":682395,"field1":"26.25","field2":"51.72","field3":"1007.05"},{"created_at":"2023-12-12T14:02:12Z","entry_id":682396,"field1":"26.29","field2":"51.78","field3":"1007.07"},{"created_at":"2023-12-12T14:02:34Z","entry_id":682397,"field1":"26.29","field2":"51.78","field3":"1007.07"},{"created_at":"2023-12-12T14:02:40Z","entry_id":682398,"field1":"26.30","field2":"51.77","field3":"1007.09"},{"created_at":"2023-12-12T14:03:08Z","entry_id":682399,"field1":"26.30","field2":"51.75","field3":"1007.12"},{"created_at":"2023-12-12T14:03:48Z","entry_id":682400,"field1":"26.32","field2":"51.76","field3":"1007.12"},{"created_at":"2023-12-12T14:03:54Z","entry_id":682401,"field1":"26.31","field2":"51.76","field3":"1007.11"},{"created_at":"2023-12-12T14:03:59Z","entry_id":682402,"field1":"26.32","field2":"51.74","field3":"1007.08"},{"created_at":"2023-12-12T14:04:53Z","entry_id":682403,"field1":"26.34","field2":"51.75","field3":"1007.15"},{"created_at":"2023-12-12T14:06:48Z","entry_id":682404,"field1":"26.38","field2":"51.68","field3":"1007.18"},{"created_at":"2023-12-12T14:06:59Z","entry_id":682405,"field1":"26.39","field2":"51.71","field3":"1007.18"},{"created_at":"2023-12-12T14:07:07Z","entry_id":682406,"field1":"26.39","field2":"51.69","field3":"1007.20"},{"created_at":"2023-12-12T14:07:43Z","entry_id":682407,"field1":"26.40","field2":"51.68","field3":"1007.19"},{"created_at":"2023-12-12T14:08:19Z","entry_id":682408,"field1":"26.42","field2":"51.65","field3":"1007.19"},{"created_at":"2023-12-12T14:10:02Z","entry_id":682409,"field1":"26.39","field2":"51.61","field3":"1007.15"},{"created_at":"2023-12-12T14:11:12Z","entry_id":682410,"field1":"26.47","field2":"51.60","field3":"1007.24"},{"created_at":"2023-12-12T14:11:57Z","entry_id":682411,"field1":"26.48","field2":"51.58","field3":"1007.21"},{"created_at":"2023-12-12T14:12:14Z","entry_id":682412,"field1":"26.49","field2":"51.53","field3":"1007.24"},{"created_at":"2023-12-12T14:13:05Z","entry_id":682413,"field1":"26.35","field2":"51.54","field3":"1006.99"},{"created_at":"2023-12-12T14:13:22Z","entry_id":682414,"field1":"26.51","field2":"51.55","field3":"1007.26"},{"created_at":"2023-12-12T14:13:34Z","entry_id":682415,"field1":"26.51","field2":"51.54","field3":"1007.27"},{"created_at":"2023-12-12T14:14:24Z","entry_id":682416,"field1":"26.52","field2":"51.50","field3":"1007.26"},{"created_at":"2023-12-12T14:15:21Z","entry_id":682417,"field1":"26.53","field2":"51.49","field3":"1007.28"},{"created_at":"2023-12-12T14:15:27Z","entry_id":682418,"field1":"26.54","field2":"51.47","field3":"1007.30"},{"created_at":"2023-12-12T14:15:42Z","entry_id":682419,"field1":"26.54","field2":"51.50","field3":"1007.26"},{"created_at":"2023-12-12T14:18:21Z","entry_id":682420,"field1":"26.58","field2":"51.46","field3":"1007.34"},{"created_at":"2023-12-12T14:24:20Z","entry_id":682421,"field1":"26.62","field2":"51.37","field3":"1007.35"},{"created_at":"2023-12-12T14:24:43Z","entry_id":682422,"field1":"26.62","field2":"51.37","field3":"1007.38"},{"created_at":"2023-12-12T14:24:59Z","entry_id":682423,"field1":"26.62","field2":"51.39","field3":"1007.37"},{"created_at":"2023-12-12T14:26:14Z","entry_id":682424,"field1":"26.62","field2":"51.39","field3":"1007.40"},{"created_at":"2023-12-12T14:26:23Z","entry_id":682425,"field1":"26.62","field2":"51.38","field3":"1007.39"},{"created_at":"2023-12-12T14:26:31Z","entry_id":682426,"field1":"26.57","field2":"51.37","field3":"1007.30"},{"created_at":"2023-12-12T14:29:13Z","entry_id":682427,"field1":"26.62","field2":"51.38","field3":"1007.42"},{"created_at":"2023-12-12T14:31:12Z","entry_id":682428,"field1":"26.62","field2":"51.40","field3":"1007.45"},{"created_at":"2023-12-12T14:32:04Z","entry_id":682429,"field1":"26.62","field2":"51.41","field3":"1007.44"},{"created_at":"2023-12-12T14:33:24Z","entry_id":682430,"field1":"26.62","field2":"51.46","field3":"1007.49"},{"created_at":"2023-12-12T14:37:34Z","entry_id":682431,"field1":"26.62","field2":"51.48","field3":"1007.53"},{"created_at":"2023-12-12T14:39:20Z","entry_id":682432,"field1":"26.62","field2":"51.46","field3":"1007.55"},{"created_at":"2023-12-12T14:39:37Z","entry_id":682433,"field1":"26.61","field2":"51.48","field3":"1007.57"},{"created_at":"2023-12-12T14:39:43Z","entry_id":682434,"field1":"26.62","field2":"51.48","field3":"1007.56"},{"created_at":"2023-12-12T14:40:40Z","entry_id":682435,"field1":"26.61","field2":"51.51","field3":"1007.57"},{"created_at":"2023-12-12T14:41:02Z","entry_id":682436,"field1":"26.61","field2":"51.54","field3":"1007.56"},{"created_at":"2023-12-12T14:41:14Z","entry_id":682437,"field1":"26.61","field2":"51.49","field3":"1007.58"},{"created_at":"2023-12-12T14:42:00Z","entry_id":682438,"field1":"26.50","field2":"51.51","field3":"1007.39"},{"created_at":"2023-12-12T14:42:56Z","entry_id":682439,"field1":"26.60","field2":"51.56","field3":"1007.58"},{"created_at":"2023-12-12T14:43:07Z","entry_id":682440,"field1":"26.61","field2":"51.55","field3":"1007.61"},{"created_at":"2023-12-12T14:43:27Z","entry_id":682441,"field1":"26.61","field2":"51.57","field3":"1007.62"},{"created_at":"2023-12-12T14:43:39Z","entry_id":682442,"field1":"26.59","field2":"51.56","field3":"1007.61"},{"created_at":"2023-12-12T14:44:05Z","entry_id":682443,"field1":"26.60","field2":"51.57","field3":"1007.65"},{"created_at":"2023-12-12T14:44:17Z","entry_id":682444,"field1":"26.60","field2":"51.57","field3":"1007.65"},{"created_at":"2023-12-12T14:44:40Z","entry_id":682445,"field1":"26.59","field2":"51.57","field3":"1007.63"},{"created_at":"2023-12-12T14:46:31Z","entry_id":682446,"field1":"26.58","field2":"51.66","field3":"1007.67"},{"created_at":"2023-12-12T14:46:43Z","entry_id":682447,"field1":"26.59","field2":"51.66","field3":"1007.67"},{"created_at":"2023-12-12T14:46:49Z","entry_id":682448,"field1":"26.60","field2":"51.64","field3":"1007.71"},{"created_at":"2023-12-12T14:47:04Z","entry_id":682449,"field1":"26.58","field2":"51.65","field3":"1007.66"},{"created_at":"2023-12-12T14:47:10Z","entry_id":682450,"field1":"26.59","field2":"51.64","field3":"1007.69"},{"created_at":"2023-12-12T14:47:20Z","entry_id":682451,"field1":"26.59","field2":"51.65","field3":"1007.68"},{"created_at":"2023-12-12T14:47:22Z","entry_id":682452,"field1":"26.60","field2":"51.64","field3":"1007.70"},{"created_at":"2023-12-12T14:47:51Z","entry_id":682453,"field1":"26.59","field2":"51.64","field3":"1007.70"},{"created_at":"2023-12-12T14:48:27Z","entry_id":682454,"field1":"26.59","field2":"51.66","field3":"1007.67"},{"created_at":"2023-12-12T14:48:39Z","entry_id":682455,"field1":"26.59","field2":"51.69","field3":"1007.67"},{"created_at":"2023-12-12T14:50:14Z","entry_id":682456,"field1":"26.59","field2":"51.68","field3":"1007.70"},{"created_at":"2023-12-12T14:50:23Z","entry_id":682457,"field1":"26.55","field2":"51.70","field3":"1007.64"},{"created_at":"2023-12-12T14:50:29Z","entry_id":682458,"field1":"26.60","field2":"51.72","field3":"1007.70"},{"created_at":"2023-12-12T14:50:38Z","entry_id":682459,"field1":"26.60","field2":"51.68","field3":"1007.73"},{"created_at":"2023-12-12T14:51:07Z","entry_id":682460,"field1":"26.59","field2":"51.68","field3":"1007.72"},{"created_at":"2023-12-12T14:51:12Z","entry_id":682461,"field1":"26.59","field2":"51.69","field3":"1007.69"},{"created_at":"2023-12-12T14:51:18Z","entry_id":682462,"field1":"26.59","field2":"51.70","field3":"1007.72"},{"created_at":"2023-12-12T14:51:52Z","entry_id":682463,"field1":"26.61","field2":"51.71","field3":"1007.74"},{"created_at":"2023-12-12T14:51:58Z","entry_id":682464,"field1":"26.60","field2":"51.71","field3":"1007.70"},{"created_at":"2023-12-12T14:52:28Z","entry_id":682465,"field1":"26.61","field2":"51.74","field3":"1007.71"},{"created_at":"2023-12-12T14:53:28Z","entry_id":682466,"field1":"26.61","field2":"51.72","field3":"1007.69"},{"created_at":"2023-12-12T14:55:03Z","entry_id":682467,"field1":"26.64","field2":"51.69","field3":"1007.73"},{"created_at":"2023-12-12T14:55:09Z","entry_id":682468,"field1":"26.64","field2":"51.71","field3":"1007.73"},{"created_at":"2023-12-12T14:57:30Z","entry_id":682469,"field1":"26.66","field2":"51.68","field3":"1007.75"},{"created_at":"2023-12-12T14:57:58Z","entry_id":682470,"field1":"26.66","field2":"51.64","field3":"1007.72"},{"created_at":"2023-12-12T14:58:18Z","entry_id":682471,"field1":"26.67","field2":"51.66","field3":"1007.71"},{"created_at":"2023-12-12T14:58:27Z","entry_id":682472,"field1":"26.66","field2":"51.71","field3":"1007.69"},{"created_at":"2023-12-12T14:59:10Z","entry_id":682473,"field1":"26.67","field2":"51.66","field3":"1007.72"},{"created_at":"2023-12-12T14:59:24Z","entry_id":682474,"field1":"26.67","field2":"51.63","field3":"1007.72"},{"created_at":"2023-12-12T15:01:31Z","entry_id":682475,"field1":"26.70","field2":"51.66","field3":"1007.75"},{"created_at":"2023-12-12T15:01:39Z","entry_id":682476,"field1":"26.70","field2":"51.64","field3":"1007.77"},{"created_at":"2023-12-12T15:01:48Z","entry_id":682477,"field1":"26.69","field2":"51.61","field3":"1007.72"},{"created_at":"2023-12-12T15:02:14Z","entry_id":682478,"field1":"26.70","field2":"51.65","field3":"1007.74"},{"created_at":"2023-12-12T15:03:22Z","entry_id":682479,"field1":"26.71","field2":"51.62","field3":"1007.75"},{"created_at":"2023-12-12T15:03:33Z","entry_id":682480,"field1":"26.71","field2":"51.63","field3":"1007.77"},{"created_at":"2023-12-12T15:04:01Z","entry_id":682481,"field1":"26.73","field2":"51.62","field3":"1007.80"},{"created_at":"2023-12-12T15:05:37Z","entry_id":682482,"field1":"26.74","field2":"51.58","field3":"1007.84"},{"created_at":"2023-12-12T15:06:15Z","entry_id":682483,"field1":"26.75","field2":"51.62","field3":"1007.85"},{"created_at":"2023-12-12T15:07:25Z","entry_id":682484,"field1":"26.76","field2":"51.58","field3":"1007.87"},{"created_at":"2023-12-12T15:08:11Z","entry_id":682485,"field1":"26.71","field2":"51.58","field3":"1007.78"},{"created_at":"2023-12-12T15:13:20Z","entry_id":682486,"field1":"26.79","field2":"51.58","field3":"1007.88"},{"created_at":"2023-12-12T15:13:44Z","entry_id":682487,"field1":"26.79","field2":"51.58","field3":"1007.89"},{"created_at":"2023-12-12T15:14:10Z","entry_id":682488,"field1":"26.79","field2":"51.53","field3":"1007.87"},{"created_at":"2023-12-12T15:16:12Z","entry_id":682489,"field1":"26.81","field2":"51.57","field3":"1007.82"},{"created_at":"2023-12-12T15:16:35Z","entry_id":682490,"field1":"26.81","field2":"51.52","field3":"1007.86"},{"created_at":"2023-12-12T15:16:52Z","entry_id":682491,"field1":"26.80","field2":"51.55","field3":"1007.85"},{"created_at":"2023-12-12T15:17:35Z","entry_id":682492,"field1":"26.81","field2":"51.56","field3":"1007.83"},{"created_at":"2023-12-12T15:18:22Z","entry_id":682493,"field1":"26.81","field2":"51.58","field3":"1007.84"},{"created_at":"2023-12-12T15:18:28Z","entry_id":682494,"field1":"26.82","field2":"51.55","field3":"1007.86"},{"created_at":"2023-12-12T15:19:43Z","entry_id":682495,"field1":"26.80","field2":"51.50","field3":"1007.81"},{"created_at":"2023-12-12T15:21:36Z","entry_id":682496,"field1":"26.73","field2":"51.52","field3":"1007.68"},{"created_at":"2023-12-12T15:21:59Z","entry_id":682497,"field1":"26.82","field2":"51.55","field3":"1007.86"},{"created_at":"2023-12-12T15:22:24Z","entry_id":682498,"field1":"26.82","field2":"51.56","field3":"1007.85"},{"created_at":"2023-12-12T15:23:21Z","entry_id":682499,"field1":"26.83","field2":"51.54","field3":"1007.89"},{"created_at":"2023-12-12T15:40:19Z","entry_id":682500,"field1":"26.83","field2":"51.65","field3":"1007.95"},{"created_at":"2023-12-12T15:41:01Z","entry_id":682501,"field1":"26.82","field2":"51.70","field3":"1007.91"},{"created_at":"2023-12-12T15:42:01Z","entry_id":682502,"field1":"26.82","field2":"51.72","field3":"1007.90"},{"created_at":"2023-12-12T15:42:24Z","entry_id":682503,"field1":"26.82","field2":"51.71","field3":"1007.92"},{"created_at":"2023-12-12T15:42:47Z","entry_id":682504,"field1":"26.82","field2":"51.72","field3":"1007.91"},{"created_at":"2023-12-12T15:42:53Z","entry_id":682505,"field1":"26.82","field2":"51.73","field3":"1007.91"},{"created_at":"2023-12-12T15:43:01Z","entry_id":682506,"field1":"26.81","field2":"51.74","field3":"1007.88"},{"created_at":"2023-12-12T15:43:10Z","entry_id":682507,"field1":"26.82","field2":"51.74","field3":"1007.91"},{"created_at":"2023-12-12T15:43:28Z","entry_id":682508,"field1":"26.82","field2":"51.73","field3":"1007.91"},{"created_at":"2023-12-12T15:44:22Z","entry_id":682509,"field1":"26.81","field2":"51.74","field3":"1007.89"},{"created_at":"2023-12-12T15:44:27Z","entry_id":682510,"field1":"26.81","field2":"51.74","field3":"1007.88"},{"created_at":"2023-12-12T15:44:33Z","entry_id":682511,"field1":"26.81","field2":"51.75","field3":"1007.90"},{"created_at":"2023-12-12T15:46:08Z","entry_id":682512,"field1":"26.80","field2":"51.81","field3":"1007.88"},{"created_at":"2023-12-12T15:46:27Z","entry_id":682513,"field1":"26.82","field2":"51.79","field3":"1007.88"},{"created_at":"2023-12-12T15:46:50Z","entry_id":682514,"field1":"26.81","field2":"51.83","field3":"1007.89"},{"created_at":"2023-12-12T15:46:59Z","entry_id":682515,"field1":"26.81","field2":"51.82","field3":"1007.89"},{"created_at":"2023-12-12T15:48:34Z","entry_id":682516,"field1":"26.82","field2":"51.80","field3":"1007.89"},{"created_at":"2023-12-12T15:48:45Z","entry_id":682517,"field1":"26.81","field2":"51.81","field3":"1007.88"},{"created_at":"2023-12-12T15:50:26Z","entry_id":682518,"field1":"26.82","field2":"51.84","field3":"1007.87"},{"created_at":"2023-12-12T15:51:09Z","entry_id":682519,"field1":"26.82","field2":"51.80","field3":"1007.90"},{"created_at":"2023-12-12T15:51:30Z","entry_id":682520,"field1":"26.83","field2":"51.81","field3":"1007.92"},{"created_at":"2023-12-12T15:52:58Z","entry_id":682521,"field1":"26.83","field2":"51.81","field3":"1007.91"},{"created_at":"2023-12-12T15:53:15Z","entry_id":682522,"field1":"26.83","field2":"51.82","field3":"1007.91"},{"created_at":"2023-12-12T15:53:24Z","entry_id":682523,"field1":"26.83","field2":"51.84","field3":"1007.93"},{"created_at":"2023-12-12T15:53:51Z","entry_id":682524,"field1":"26.82","field2":"51.84","field3":"1007.90"},{"created_at":"2023-12-12T15:54:00Z","entry_id":682525,"field1":"26.83","field2":"51.86","field3":"1007.91"},{"created_at":"2023-12-12T15:55:15Z","entry_id":682526,"field1":"26.83","field2":"51.88","field3":"1007.91"},{"created_at":"2023-12-12T15:55:27Z","entry_id":682527,"field1":"26.83","field2":"51.86","field3":"1007.88"},{"created_at":"2023-12-12T15:55:33Z","entry_id":682528,"field1":"26.83","field2":"51.85","field3":"1007.91"},{"created_at":"2023-12-12T15:55:56Z","entry_id":682529,"field1":"26.83","field2":"51.84","field3":"1007.91"},{"created_at":"2023-12-12T15:56:14Z","entry_id":682530,"field1":"26.82","field2":"51.86","field3":"1007.90"},{"created_at":"2023-12-12T15:56:55Z","entry_id":682531,"field1":"26.83","field2":"51.86","field3":"1007.90"},{"created_at":"2023-12-12T15:57:47Z","entry_id":682532,"field1":"26.83","field2":"51.87","field3":"1007.91"},{"created_at":"2023-12-12T16:00:44Z","entry_id":682533,"field1":"26.85","field2":"51.88","field3":"1007.95"},{"created_at":"2023-12-12T16:01:22Z","entry_id":682534,"field1":"26.85","field2":"51.90","field3":"1007.94"},{"created_at":"2023-12-12T16:01:40Z","entry_id":682535,"field1":"26.85","field2":"51.88","field3":"1007.99"},{"created_at":"2023-12-12T16:02:29Z","entry_id":682536,"field1":"26.85","field2":"51.90","field3":"1007.96"},{"created_at":"2023-12-12T16:43:55Z","entry_id":682537,"field1":"26.52","field2":"52.80","field3":"1007.61"},{"created_at":"2023-12-12T16:44:01Z","entry_id":682538,"field1":"26.57","field2":"52.82","field3":"1007.62"},{"created_at":"2023-12-12T16:44:43Z","entry_id":682539,"field1":"26.57","field2":"52.86","field3":"1007.62"},{"created_at":"2023-12-12T16:45:10Z","entry_id":682540,"field1":"26.57","field2":"52.85","field3":"1007.58"},{"created_at":"2023-12-12T16:45:56Z","entry_id":682541,"field1":"26.57","field2":"52.87","field3":"1007.63"},{"created_at":"2023-12-12T16:46:08Z","entry_id":682542,"field1":"26.57","field2":"52.91","field3":"1007.56"},{"created_at":"2023-12-12T16:46:40Z","entry_id":682543,"field1":"26.57","field2":"52.90","field3":"1007.53"},{"created_at":"2023-12-12T16:47:00Z","entry_id":682544,"field1":"26.58","field2":"52.93","field3":"1007.54"},{"created_at":"2023-12-12T16:47:44Z","entry_id":682545,"field1":"26.58","field2":"52.90","field3":"1007.55"},{"created_at":"2023-12-12T16:48:35Z","entry_id":682546,"field1":"26.58","field2":"52.94","field3":"1007.48"},{"created_at":"2023-12-12T16:49:32Z","entry_id":682547,"field1":"26.59","field2":"52.93","field3":"1007.48"},{"created_at":"2023-12-12T16:49:44Z","entry_id":682548,"field1":"26.59","field2":"52.92","field3":"1007.49"},{"created_at":"2023-12-12T16:49:50Z","entry_id":682549,"field1":"26.59","field2":"52.90","field3":"1007.49"},{"created_at":"2023-12-12T16:50:22Z","entry_id":682550,"field1":"26.61","field2":"52.94","field3":"1007.51"},{"created_at":"2023-12-12T16:50:28Z","entry_id":682551,"field1":"26.59","field2":"52.93","field3":"1007.47"},{"created_at":"2023-12-12T16:50:40Z","entry_id":682552,"field1":"26.60","field2":"52.94","field3":"1007.46"},{"created_at":"2023-12-12T16:50:51Z","entry_id":682553,"field1":"26.59","field2":"52.94","field3":"1007.49"},{"created_at":"2023-12-12T16:51:18Z","entry_id":682554,"field1":"26.61","field2":"52.93","field3":"1007.49"},{"created_at":"2023-12-12T16:51:53Z","entry_id":682555,"field1":"26.62","field2":"52.90","field3":"1007.47"},{"created_at":"2023-12-12T16:52:04Z","entry_id":682556,"field1":"26.61","field2":"52.92","field3":"1007.47"},{"created_at":"2023-12-12T16:52:44Z","entry_id":682557,"field1":"26.62","field2":"52.93","field3":"1007.46"},{"created_at":"2023-12-12T16:52:50Z","entry_id":682558,"field1":"26.59","field2":"52.90","field3":"1007.43"},{"created_at":"2023-12-12T16:53:01Z","entry_id":682559,"field1":"26.59","field2":"52.89","field3":"1007.41"},{"created_at":"2023-12-12T16:53:16Z","entry_id":682560,"field1":"26.61","field2":"52.88","field3":"1007.44"},{"created_at":"2023-12-12T16:53:44Z","entry_id":682561,"field1":"26.62","field2":"52.89","field3":"1007.46"},{"created_at":"2023-12-12T16:54:27Z","entry_id":682562,"field1":"26.62","field2":"52.91","field3":"1007.45"},{"created_at":"2023-12-12T16:54:32Z","entry_id":682563,"field1":"26.62","field2":"52.91","field3":"1007.41"},{"created_at":"2023-12-12T16:54:55Z","entry_id":682564,"field1":"26.63","field2":"52.89","field3":"1007.44"},{"created_at":"2023-12-12T16:55:12Z","entry_id":682565,"field1":"26.63","field2":"52.87","field3":"1007.43"},{"created_at":"2023-12-12T16:55:35Z","entry_id":682566,"field1":"26.64","field2":"52.87","field3":"1007.39"},{"created_at":"2023-12-12T16:55:41Z","entry_id":682567,"field1":"26.63","field2":"52.88","field3":"1007.40"},{"created_at":"2023-12-12T16:55:47Z","entry_id":682568,"field1":"26.63","field2":"52.84","field3":"1007.43"},{"created_at":"2023-12-12T16:55:53Z","entry_id":682569,"field1":"26.63","field2":"52.84","field3":"1007.43"},{"created_at":"2023-12-12T16:56:10Z","entry_id":682570,"field1":"26.64","field2":"52.87","field3":"1007.44"},{"created_at":"2023-12-12T16:56:22Z","entry_id":682571,"field1":"26.63","field2":"52.83","field3":"1007.40"},{"created_at":"2023-12-12T16:56:28Z","entry_id":682572,"field1":"26.64","field2":"52.83","field3":"1007.42"},{"created_at":"2023-12-12T16:56:40Z","entry_id":682573,"field1":"26.64","field2":"52.87","field3":"1007.41"},{"created_at":"2023-12-12T16:57:20Z","entry_id":682574,"field1":"26.63","field2":"52.89","field3":"1007.42"},{"created_at":"2023-12-12T16:57:54Z","entry_id":682575,"field1":"26.64","field2":"52.88","field3":"1007.43"},{"created_at":"2023-12-12T16:58:45Z","entry_id":682576,"field1":"26.62","field2":"52.90","field3":"1007.38"},{"created_at":"2023-12-12T16:58:57Z","entry_id":682577,"field1":"26.65","field2":"52.90","field3":"1007.41"},{"created_at":"2023-12-12T16:59:08Z","entry_id":682578,"field1":"26.65","field2":"52.90","field3":"1007.40"},{"created_at":"2023-12-12T16:59:28Z","entry_id":682579,"field1":"26.65","field2":"52.87","field3":"1007.37"},{"created_at":"2023-12-12T16:59:40Z","entry_id":682580,"field1":"26.65","field2":"52.88","field3":"1007.41"},{"created_at":"2023-12-12T16:59:46Z","entry_id":682581,"field1":"26.66","field2":"52.89","field3":"1007.41"},{"created_at":"2023-12-12T16:59:51Z","entry_id":682582,"field1":"26.65","field2":"52.88","field3":"1007.36"},{"created_at":"2023-12-12T16:59:57Z","entry_id":682583,"field1":"26.66","field2":"52.88","field3":"1007.38"},{"created_at":"2023-12-12T17:00:03Z","entry_id":682584,"field1":"26.65","field2":"52.88","field3":"1007.38"},{"created_at":"2023-12-12T17:00:35Z","entry_id":682585,"field1":"26.66","field2":"52.91","field3":"1007.39"},{"created_at":"2023-12-12T17:01:11Z","entry_id":682586,"field1":"26.67","field2":"52.88","field3":"1007.40"},{"created_at":"2023-12-12T17:01:34Z","entry_id":682587,"field1":"26.61","field2":"52.90","field3":"1007.29"},{"created_at":"2023-12-12T17:01:46Z","entry_id":682588,"field1":"26.67","field2":"52.87","field3":"1007.38"},{"created_at":"2023-12-12T17:01:52Z","entry_id":682589,"field1":"26.68","field2":"52.88","field3":"1007.38"},{"created_at":"2023-12-12T17:01:57Z","entry_id":682590,"field1":"26.57","field2":"52.91","field3":"1007.21"},{"created_at":"2023-12-12T17:02:26Z","entry_id":682591,"field1":"26.69","field2":"52.87","field3":"1007.37"},{"created_at":"2023-12-12T17:02:32Z","entry_id":682592,"field1":"26.70","field2":"52.88","field3":"1007.39"},{"created_at":"2023-12-12T17:02:43Z","entry_id":682593,"field1":"26.70","field2":"52.90","field3":"1007.39"},{"created_at":"2023-12-12T17:02:49Z","entry_id":682594,"field1":"26.70","field2":"52.88","field3":"1007.39"},{"created_at":"2023-12-12T17:03:37Z","entry_id":682595,"field1":"26.71","field2":"52.90","field3":"1007.36"},{"created_at":"2023-12-12T17:04:17Z","entry_id":682596,"field1":"26.72","field2":"52.83","field3":"1007.38"},{"created_at":"2023-12-12T17:04:23Z","entry_id":682597,"field1":"26.73","field2":"52.84","field3":"1007.37"},{"created_at":"2023-12-12T17:04:34Z","entry_id":682598,"field1":"26.74","field2":"52.83","field3":"1007.34"},{"created_at":"2023-12-12T17:04:40Z","entry_id":682599,"field1":"26.73","field2":"52.82","field3":"1007.36"},{"created_at":"2023-12-12T17:04:46Z","entry_id":682600,"field1":"26.73","field2":"52.83","field3":"1007.34"},{"created_at":"2023-12-12T17:04:52Z","entry_id":682601,"field1":"26.74","field2":"52.84","field3":"1007.36"},{"created_at":"2023-12-12T17:04:58Z","entry_id":682602,"field1":"26.73","field2":"52.82","field3":"1007.33"},{"created_at":"2023-12-12T17:05:09Z","entry_id":682603,"field1":"26.74","field2":"52.81","field3":"1007.34"},{"created_at":"2023-12-12T17:05:27Z","entry_id":682604,"field1":"26.75","field2":"52.84","field3":"1007.27"},{"created_at":"2023-12-12T17:05:44Z","entry_id":682605,"field1":"26.75","field2":"52.80","field3":"1007.30"},{"created_at":"2023-12-12T17:05:50Z","entry_id":682606,"field1":"26.75","field2":"52.79","field3":"1007.30"},{"created_at":"2023-12-12T17:06:07Z","entry_id":682607,"field1":"26.77","field2":"52.82","field3":"1007.30"},{"created_at":"2023-12-12T17:06:24Z","entry_id":682608,"field1":"26.77","field2":"52.76","field3":"1007.29"},{"created_at":"2023-12-12T17:06:35Z","entry_id":682609,"field1":"26.77","field2":"52.78","field3":"1007.28"},{"created_at":"2023-12-12T17:06:41Z","entry_id":682610,"field1":"26.77","field2":"52.79","field3":"1007.30"},{"created_at":"2023-12-12T17:06:58Z","entry_id":682611,"field1":"26.78","field2":"52.75","field3":"1007.32"},{"created_at":"2023-12-12T17:07:04Z","entry_id":682612,"field1":"26.78","field2":"52.74","field3":"1007.29"},{"created_at":"2023-12-12T17:07:38Z","entry_id":682613,"field1":"26.79","field2":"52.74","field3":"1007.26"},{"created_at":"2023-12-12T17:08:06Z","entry_id":682614,"field1":"26.80","field2":"52.74","field3":"1007.28"},{"created_at":"2023-12-12T17:09:14Z","entry_id":682615,"field1":"26.82","field2":"52.65","field3":"1007.29"},{"created_at":"2023-12-12T17:09:20Z","entry_id":682616,"field1":"26.81","field2":"52.66","field3":"1007.26"},{"created_at":"2023-12-12T17:09:26Z","entry_id":682617,"field1":"26.81","field2":"52.66","field3":"1007.19"},{"created_at":"2023-12-12T17:09:54Z","entry_id":682618,"field1":"26.83","field2":"52.67","field3":"1007.23"},{"created_at":"2023-12-12T17:10:05Z","entry_id":682619,"field1":"26.83","field2":"52.65","field3":"1007.25"},{"created_at":"2023-12-12T17:10:59Z","entry_id":682620,"field1":"26.84","field2":"52.66","field3":"1007.23"},{"created_at":"2023-12-12T17:11:16Z","entry_id":682621,"field1":"26.85","field2":"52.61","field3":"1007.27"},{"created_at":"2023-12-12T17:11:28Z","entry_id":682622,"field1":"26.84","field2":"52.62","field3":"1007.21"},{"created_at":"2023-12-12T17:12:10Z","entry_id":682623,"field1":"26.85","field2":"52.62","field3":"1007.22"},{"created_at":"2023-12-12T17:12:38Z","entry_id":682624,"field1":"26.87","field2":"52.59","field3":"1007.21"},{"created_at":"2023-12-12T17:12:50Z","entry_id":682625,"field1":"26.86","field2":"52.57","field3":"1007.22"},{"created_at":"2023-12-12T17:13:07Z","entry_id":682626,"field1":"26.87","field2":"52.56","field3":"1007.21"},{"created_at":"2023-12-12T17:13:18Z","entry_id":682627,"field1":"26.87","field2":"52.58","field3":"1007.20"},{"created_at":"2023-12-12T17:13:27Z","entry_id":682628,"field1":"26.87","field2":"52.58","field3":"1007.20"},{"created_at":"2023-12-12T17:13:50Z","entry_id":682629,"field1":"26.88","field2":"52.55","field3":"1007.17"},{"created_at":"2023-12-12T17:14:05Z","entry_id":682630,"field1":"26.87","field2":"52.54","field3":"1007.19"},{"created_at":"2023-12-12T17:15:19Z","entry_id":682631,"field1":"26.89","field2":"52.51","field3":"1007.15"},{"created_at":"2023-12-12T17:15:47Z","entry_id":682632,"field1":"26.89","field2":"52.52","field3":"1007.17"},{"created_at":"2023-12-12T17:15:56Z","entry_id":682633,"field1":"26.90","field2":"52.51","field3":"1007.14"},{"created_at":"2023-12-12T17:16:18Z","entry_id":682634,"field1":"26.90","field2":"52.52","field3":"1007.14"},{"created_at":"2023-12-12T17:17:31Z","entry_id":682635,"field1":"26.91","field2":"52.48","field3":"1007.13"},{"created_at":"2023-12-12T17:17:42Z","entry_id":682636,"field1":"26.92","field2":"52.44","field3":"1007.15"},{"created_at":"2023-12-12T17:18:22Z","entry_id":682637,"field1":"26.92","field2":"52.45","field3":"1007.13"},{"created_at":"2023-12-12T17:18:28Z","entry_id":682638,"field1":"26.92","field2":"52.45","field3":"1007.13"},{"created_at":"2023-12-12T17:18:37Z","entry_id":682639,"field1":"26.92","field2":"52.47","field3":"1007.17"},{"created_at":"2023-12-12T17:18:43Z","entry_id":682640,"field1":"26.93","field2":"52.45","field3":"1007.14"},{"created_at":"2023-12-12T17:18:55Z","entry_id":682641,"field1":"26.93","field2":"52.45","field3":"1007.15"},{"created_at":"2023-12-12T17:19:06Z","entry_id":682642,"field1":"26.93","field2":"52.47","field3":"1007.14"},{"created_at":"2023-12-12T17:19:12Z","entry_id":682643,"field1":"26.93","field2":"52.47","field3":"1007.15"},{"created_at":"2023-12-12T17:19:18Z","entry_id":682644,"field1":"26.93","field2":"52.47","field3":"1007.16"},{"created_at":"2023-12-12T17:20:14Z","entry_id":682645,"field1":"26.93","field2":"52.40","field3":"1007.16"},{"created_at":"2023-12-12T17:21:01Z","entry_id":682646,"field1":"26.94","field2":"52.42","field3":"1007.14"},{"created_at":"2023-12-12T17:21:38Z","entry_id":682647,"field1":"26.95","field2":"52.41","field3":"1007.18"},{"created_at":"2023-12-12T17:22:01Z","entry_id":682648,"field1":"26.95","field2":"52.41","field3":"1007.19"},{"created_at":"2023-12-12T17:22:38Z","entry_id":682649,"field1":"26.92","field2":"52.39","field3":"1007.11"},{"created_at":"2023-12-12T17:22:55Z","entry_id":682650,"field1":"26.94","field2":"52.36","field3":"1007.12"},{"created_at":"2023-12-12T17:23:07Z","entry_id":682651,"field1":"26.95","field2":"52.39","field3":"1007.15"},{"created_at":"2023-12-12T17:23:18Z","entry_id":682652,"field1":"26.96","field2":"52.40","field3":"1007.18"},{"created_at":"2023-12-12T17:23:30Z","entry_id":682653,"field1":"26.97","field2":"52.38","field3":"1007.18"},{"created_at":"2023-12-12T17:23:58Z","entry_id":682654,"field1":"26.96","field2":"52.36","field3":"1007.17"},{"created_at":"2023-12-12T17:24:31Z","entry_id":682655,"field1":"26.97","field2":"52.36","field3":"1007.18"},{"created_at":"2023-12-12T17:24:51Z","entry_id":682656,"field1":"26.92","field2":"52.35","field3":"1007.08"},{"created_at":"2023-12-12T17:24:57Z","entry_id":682657,"field1":"26.97","field2":"52.34","field3":"1007.18"},{"created_at":"2023-12-12T17:25:09Z","entry_id":682658,"field1":"26.97","field2":"52.35","field3":"1007.18"},{"created_at":"2023-12-12T17:26:11Z","entry_id":682659,"field1":"26.98","field2":"52.35","field3":"1007.13"},{"created_at":"2023-12-12T17:27:05Z","entry_id":682660,"field1":"26.98","field2":"52.34","field3":"1007.11"},{"created_at":"2023-12-12T17:27:35Z","entry_id":682661,"field1":"26.99","field2":"52.34","field3":"1007.11"},{"created_at":"2023-12-12T17:29:20Z","entry_id":682662,"field1":"26.99","field2":"52.29","field3":"1007.06"},{"created_at":"2023-12-12T17:29:26Z","entry_id":682663,"field1":"27.00","field2":"52.31","field3":"1007.09"},{"created_at":"2023-12-12T17:30:26Z","entry_id":682664,"field1":"27.00","field2":"52.32","field3":"1007.06"},{"created_at":"2023-12-12T17:31:00Z","entry_id":682665,"field1":"27.00","field2":"52.28","field3":"1007.04"},{"created_at":"2023-12-12T17:31:17Z","entry_id":682666,"field1":"27.00","field2":"52.27","field3":"1007.03"},{"created_at":"2023-12-12T17:31:23Z","entry_id":682667,"field1":"27.00","field2":"52.25","field3":"1007.00"},{"created_at":"2023-12-12T17:31:35Z","entry_id":682668,"field1":"27.01","field2":"52.25","field3":"1007.08"},{"created_at":"2023-12-12T17:32:06Z","entry_id":682669,"field1":"27.02","field2":"52.26","field3":"1007.02"},{"created_at":"2023-12-12T17:32:25Z","entry_id":682670,"field1":"27.01","field2":"52.29","field3":"1007.02"},{"created_at":"2023-12-12T17:34:37Z","entry_id":682671,"field1":"27.03","field2":"52.25","field3":"1007.05"},{"created_at":"2023-12-12T17:35:11Z","entry_id":682672,"field1":"27.02","field2":"52.25","field3":"1007.00"},{"created_at":"2023-12-12T17:36:09Z","entry_id":682673,"field1":"27.03","field2":"52.21","field3":"1007.01"},{"created_at":"2023-12-12T17:36:15Z","entry_id":682674,"field1":"27.03","field2":"52.21","field3":"1007.01"},{"created_at":"2023-12-12T17:36:35Z","entry_id":682675,"field1":"27.04","field2":"52.23","field3":"1006.99"},{"created_at":"2023-12-12T17:36:46Z","entry_id":682676,"field1":"27.04","field2":"52.23","field3":"1007.00"},{"created_at":"2023-12-12T17:37:01Z","entry_id":682677,"field1":"27.04","field2":"52.23","field3":"1006.99"},{"created_at":"2023-12-12T17:38:15Z","entry_id":682678,"field1":"27.04","field2":"52.23","field3":"1007.02"},{"created_at":"2023-12-12T17:41:01Z","entry_id":682679,"field1":"27.06","field2":"52.21","field3":"1007.02"},{"created_at":"2023-12-12T17:41:36Z","entry_id":682680,"field1":"27.06","field2":"52.19","field3":"1007.00"},{"created_at":"2023-12-12T17:42:20Z","entry_id":682681,"field1":"27.02","field2":"52.22","field3":"1006.97"},{"created_at":"2023-12-12T17:42:43Z","entry_id":682682,"field1":"27.06","field2":"52.21","field3":"1007.02"},{"created_at":"2023-12-12T17:44:07Z","entry_id":682683,"field1":"27.07","field2":"52.18","field3":"1007.01"},{"created_at":"2023-12-12T17:44:16Z","entry_id":682684,"field1":"27.06","field2":"52.19","field3":"1007.01"},{"created_at":"2023-12-12T17:44:27Z","entry_id":682685,"field1":"27.07","field2":"52.17","field3":"1007.00"},{"created_at":"2023-12-12T17:44:50Z","entry_id":682686,"field1":"27.07","field2":"52.21","field3":"1006.99"},{"created_at":"2023-12-12T17:46:06Z","entry_id":682687,"field1":"27.08","field2":"52.20","field3":"1006.99"},{"created_at":"2023-12-12T17:46:37Z","entry_id":682688,"field1":"27.08","field2":"52.16","field3":"1006.98"},{"created_at":"2023-12-12T17:50:14Z","entry_id":682689,"field1":"27.05","field2":"52.13","field3":"1006.93"},{"created_at":"2023-12-12T17:51:16Z","entry_id":682690,"field1":"27.07","field2":"52.12","field3":"1006.98"},{"created_at":"2023-12-12T17:52:25Z","entry_id":682691,"field1":"27.09","field2":"52.13","field3":"1006.99"},{"created_at":"2023-12-12T17:53:09Z","entry_id":682692,"field1":"27.10","field2":"52.14","field3":"1007.01"},{"created_at":"2023-12-12T17:53:34Z","entry_id":682693,"field1":"27.09","field2":"52.15","field3":"1006.99"},{"created_at":"2023-12-12T17:55:11Z","entry_id":682694,"field1":"27.04","field2":"52.15","field3":"1006.89"},{"created_at":"2023-12-12T17:55:39Z","entry_id":682695,"field1":"27.09","field2":"52.14","field3":"1006.96"},{"created_at":"2023-12-12T17:57:28Z","entry_id":682696,"field1":"27.10","field2":"52.16","field3":"1006.91"},{"created_at":"2023-12-12T17:57:39Z","entry_id":682697,"field1":"27.11","field2":"52.15","field3":"1006.94"},{"created_at":"2023-12-12T17:57:59Z","entry_id":682698,"field1":"27.11","field2":"52.15","field3":"1006.96"},{"created_at":"2023-12-12T17:59:04Z","entry_id":682699,"field1":"27.11","field2":"52.16","field3":"1006.92"},{"created_at":"2023-12-12T17:59:32Z","entry_id":682700,"field1":"27.11","field2":"52.14","field3":"1006.91"},{"created_at":"2023-12-12T17:59:43Z","entry_id":682701,"field1":"27.11","field2":"52.13","field3":"1006.94"},{"created_at":"2023-12-12T17:59:49Z","entry_id":682702,"field1":"27.10","field2":"52.11","field3":"1006.94"},{"created_at":"2023-12-12T17:59:55Z","entry_id":682703,"field1":"27.12","field2":"52.14","field3":"1006.95"},{"created_at":"2023-12-12T18:00:01Z","entry_id":682704,"field1":"27.11","field2":"52.12","field3":"1006.92"},{"created_at":"2023-12-12T18:01:03Z","entry_id":682705,"field1":"27.11","field2":"52.14","field3":"1006.95"},{"created_at":"2023-12-12T18:01:15Z","entry_id":682706,"field1":"27.11","field2":"52.15","field3":"1006.92"},{"created_at":"2023-12-12T18:01:26Z","entry_id":682707,"field1":"27.12","field2":"52.12","field3":"1006.91"},{"created_at":"2023-12-12T18:01:57Z","entry_id":682708,"field1":"27.12","field2":"52.14","field3":"1006.95"},{"created_at":"2023-12-12T18:02:39Z","entry_id":682709,"field1":"27.11","field2":"52.11","field3":"1006.93"},{"created_at":"2023-12-12T18:16:54Z","entry_id":682710,"field1":"27.06","field2":"52.29","field3":"1006.80"},{"created_at":"2023-12-12T18:18:56Z","entry_id":682711,"field1":"27.06","field2":"52.32","field3":"1006.75"},{"created_at":"2023-12-12T18:19:08Z","entry_id":682712,"field1":"27.06","field2":"52.34","field3":"1006.73"},{"created_at":"2023-12-12T18:19:58Z","entry_id":682713,"field1":"27.00","field2":"52.34","field3":"1006.62"},{"created_at":"2023-12-12T18:21:00Z","entry_id":682714,"field1":"27.04","field2":"52.35","field3":"1006.67"},{"created_at":"2023-12-12T18:24:15Z","entry_id":682715,"field1":"27.05","field2":"52.35","field3":"1006.63"},{"created_at":"2023-12-12T18:25:20Z","entry_id":682716,"field1":"27.05","field2":"52.37","field3":"1006.60"},{"created_at":"2023-12-12T18:26:10Z","entry_id":682717,"field1":"27.05","field2":"52.39","field3":"1006.60"},{"created_at":"2023-12-12T18:26:42Z","entry_id":682718,"field1":"27.04","field2":"52.40","field3":"1006.58"},{"created_at":"2023-12-12T18:28:31Z","entry_id":682719,"field1":"27.04","field2":"52.40","field3":"1006.58"},{"created_at":"2023-12-12T18:28:34Z","entry_id":682720,"field1":"27.04","field2":"52.39","field3":"1006.57"},{"created_at":"2023-12-12T18:29:10Z","entry_id":682721,"field1":"27.03","field2":"52.43","field3":"1006.56"},{"created_at":"2023-12-12T18:30:43Z","entry_id":682722,"field1":"27.03","field2":"52.42","field3":"1006.54"},{"created_at":"2023-12-12T18:30:55Z","entry_id":682723,"field1":"27.04","field2":"52.42","field3":"1006.55"},{"created_at":"2023-12-12T18:32:20Z","entry_id":682724,"field1":"26.94","field2":"52.41","field3":"1006.40"},{"created_at":"2023-12-12T18:33:20Z","entry_id":682725,"field1":"27.02","field2":"52.43","field3":"1006.56"},{"created_at":"2023-12-12T18:34:17Z","entry_id":682726,"field1":"27.01","field2":"52.43","field3":"1006.55"},{"created_at":"2023-12-12T18:34:23Z","entry_id":682727,"field1":"27.01","field2":"52.43","field3":"1006.54"},{"created_at":"2023-12-12T18:36:19Z","entry_id":682728,"field1":"27.00","field2":"52.50","field3":"1006.53"},{"created_at":"2023-12-12T18:36:25Z","entry_id":682729,"field1":"26.99","field2":"52.51","field3":"1006.51"},{"created_at":"2023-12-12T18:36:56Z","entry_id":682730,"field1":"26.98","field2":"52.50","field3":"1006.53"},{"created_at":"2023-12-12T19:04:42Z","entry_id":682731,"field1":"26.88","field2":"53.17","field3":"1006.15"},{"created_at":"2023-12-12T19:04:47Z","entry_id":682732,"field1":"26.86","field2":"53.15","field3":"1006.14"},{"created_at":"2023-12-12T19:05:09Z","entry_id":682733,"field1":"26.88","field2":"53.15","field3":"1006.19"},{"created_at":"2023-12-12T19:05:45Z","entry_id":682734,"field1":"26.89","field2":"53.13","field3":"1006.16"},{"created_at":"2023-12-12T19:05:51Z","entry_id":682735,"field1":"26.90","field2":"53.13","field3":"1006.16"},{"created_at":"2023-12-12T19:06:10Z","entry_id":682736,"field1":"26.90","field2":"53.13","field3":"1006.13"},{"created_at":"2023-12-12T19:06:21Z","entry_id":682737,"field1":"26.90","field2":"53.13","field3":"1006.14"},{"created_at":"2023-12-12T19:06:27Z","entry_id":682738,"field1":"26.90","field2":"53.11","field3":"1006.15"},{"created_at":"2023-12-12T19:06:33Z","entry_id":682739,"field1":"26.90","field2":"53.10","field3":"1006.15"},{"created_at":"2023-12-12T19:06:42Z","entry_id":682740,"field1":"26.91","field2":"53.09","field3":"1006.16"},{"created_at":"2023-12-12T19:07:34Z","entry_id":682741,"field1":"26.92","field2":"53.06","field3":"1006.16"},{"created_at":"2023-12-12T19:07:58Z","entry_id":682742,"field1":null,"field2":null,"field3":null},{"created_at":"2023-12-12T19:08:08Z","entry_id":682743,"field1":"26.94","field2":"53.06","field3":"1006.20"},{"created_at":"2023-12-12T19:08:37Z","entry_id":682744,"field1":"26.90","field2":"53.04","field3":"1006.10"},{"created_at":"2023-12-12T19:08:53Z","entry_id":682745,"field1":"26.95","field2":"53.03","field3":"1006.15"},{"created_at":"2023-12-12T19:09:07Z","entry_id":682746,"field1":"26.92","field2":"53.03","field3":"1006.12"},{"created_at":"2023-12-12T19:09:20Z","entry_id":682747,"field1":"26.95","field2":"53.01","field3":"1006.14"},{"created_at":"2023-12-12T19:09:41Z","entry_id":682748,"field1":"26.96","field2":"53.00","field3":"1006.16"},{"created_at":"2023-12-12T19:09:52Z","entry_id":682749,"field1":"26.96","field2":"53.00","field3":"1006.14"},{"created_at":"2023-12-12T19:10:24Z","entry_id":682750,"field1":"26.98","field2":"52.97","field3":"1006.13"},{"created_at":"2023-12-12T19:10:36Z","entry_id":682751,"field1":"26.98","field2":"52.95","field3":"1006.12"},{"created_at":"2023-12-12T19:10:56Z","entry_id":682752,"field1":"26.98","field2":"52.95","field3":"1006.09"},{"created_at":"2023-12-12T19:11:01Z","entry_id":682753,"field1":"26.98","field2":"52.95","field3":"1006.11"},{"created_at":"2023-12-12T19:11:10Z","entry_id":682754,"field1":"26.98","field2":"52.94","field3":"1006.11"},{"created_at":"2023-12-12T19:11:16Z","entry_id":682755,"field1":"26.98","field2":"52.96","field3":"1006.11"},{"created_at":"2023-12-12T19:11:22Z","entry_id":682756,"field1":"26.99","field2":"52.95","field3":"1006.10"},{"created_at":"2023-12-12T19:11:28Z","entry_id":682757,"field1":"26.98","field2":"52.94","field3":"1006.05"},{"created_at":"2023-12-12T19:11:53Z","entry_id":682758,"field1":"27.00","field2":"52.92","field3":"1006.09"},{"created_at":"2023-12-12T19:12:05Z","entry_id":682759,"field1":"27.00","field2":"52.93","field3":"1006.10"},{"created_at":"2023-12-12T19:12:16Z","entry_id":682760,"field1":"27.01","field2":"52.92","field3":"1006.11"},{"created_at":"2023-12-12T19:12:22Z","entry_id":682761,"field1":"27.00","field2":"52.91","field3":"1006.09"},{"created_at":"2023-12-12T19:12:34Z","entry_id":682762,"field1":"27.01","field2":"52.91","field3":"1006.11"},{"created_at":"2023-12-12T19:13:13Z","entry_id":682763,"field1":"27.02","field2":"52.90","field3":"1006.08"},{"created_at":"2023-12-12T19:13:19Z","entry_id":682764,"field1":"27.01","field2":"52.88","field3":"1006.08"},{"created_at":"2023-12-12T19:13:25Z","entry_id":682765,"field1":"27.02","field2":"52.88","field3":"1006.06"},{"created_at":"2023-12-12T19:13:31Z","entry_id":682766,"field1":"27.01","field2":"52.87","field3":"1006.04"},{"created_at":"2023-12-12T19:14:05Z","entry_id":682767,"field1":"27.03","field2":"52.84","field3":"1006.07"},{"created_at":"2023-12-12T19:14:11Z","entry_id":682768,"field1":"27.03","field2":"52.84","field3":"1006.06"},{"created_at":"2023-12-12T19:14:28Z","entry_id":682769,"field1":"27.03","field2":"52.84","field3":"1006.04"},{"created_at":"2023-12-12T19:16:12Z","entry_id":682770,"field1":"27.05","field2":"52.84","field3":"1006.07"},{"created_at":"2023-12-12T19:16:22Z","entry_id":682771,"field1":"27.06","field2":"52.82","field3":"1006.09"},{"created_at":"2023-12-12T19:17:35Z","entry_id":682772,"field1":"27.04","field2":"52.79","field3":"1006.07"},{"created_at":"2023-12-12T19:20:18Z","entry_id":682773,"field1":"27.10","field2":"52.71","field3":"1005.97"},{"created_at":"2023-12-12T19:20:46Z","entry_id":682774,"field1":"27.10","field2":"52.71","field3":"1005.96"},{"created_at":"2023-12-12T19:21:58Z","entry_id":682775,"field1":null,"field2":null,"field3":null},{"created_at":"2023-12-12T19:22:54Z","entry_id":682776,"field1":"27.12","field2":"52.64","field3":"1005.92"},{"created_at":"2023-12-12T19:24:26Z","entry_id":682777,"field1":"27.12","field2":"52.64","field3":"1005.94"},{"created_at":"2023-12-12T19:25:06Z","entry_id":682778,"field1":"27.11","field2":"52.66","field3":"1005.91"},{"created_at":"2023-12-12T19:25:14Z","entry_id":682779,"field1":"27.12","field2":"52.65","field3":"1005.88"},{"created_at":"2023-12-12T19:25:42Z","entry_id":682780,"field1":"27.11","field2":"52.64","field3":"1005.86"},{"created_at":"2023-12-12T19:26:38Z","entry_id":682781,"field1":"27.11","field2":"52.65","field3":"1005.86"},{"created_at":"2023-12-12T19:30:02Z","entry_id":682782,"field1":"27.10","field2":"52.67","field3":"1005.89"},{"created_at":"2023-12-12T19:32:54Z","entry_id":682783,"field1":"27.08","field2":"52.70","field3":"1005.82"},{"created_at":"2023-12-12T19:33:28Z","entry_id":682784,"field1":"27.08","field2":"52.70","field3":"1005.81"},{"created_at":"2023-12-12T19:33:41Z","entry_id":682785,"field1":"27.08","field2":"52.72","field3":"1005.86"}]}