{"channel":{"id":2245283,"name":"Lokasi-6","latitude":"0.0","longitude":"0.0","field1":"temp","field2":"hum","field3":"pressure",{"created_at":"2023-12-06T11:17:23Z","entry_id":718176,"field1":"26.86","field2":"53.24","field3":"1008.02"},{"created_at":"2023-12-06T11:18:14Z","entry_id":718177,"field1":"26.86","field2":"53.22","field3":"1007.98"},{"created_at":"2023-12-06T11:21:49Z","entry_id":718178,"field1":"26.87","field2":"53.21","field3":"1008.16"},{"created_at":"2023-12-06T11:21:52Z","entry_id":718179,"field1":"26.87","field2":"53.23","field3":"1008.15"},{"created_at":"2023-12-06T11:34:41Z","entry_id":718180,"field1":"26.90","field2":"53.29","field3":"1008.28"},{"created_at":"2023-12-06T11:39:06Z","entry_id":718181,"field1":"26.91","field2":"53.26","field3":"1008.25"},{"created_at":"2023-12-06T11:39:36Z","entry_id":718182,"field1":"26.91","field2":"53.28","field3":"1008.20"},{"created_at":"2023-12-06T11:48:17Z","entry_id":718183,"field1":null,"field2":null,"field3":null},{"created_at":"2023-12-06T11:48:49Z","entry_id":718184,"field1":"26.93","field2":"53.31","field3":"1008.30"},{"created_at":"2023-12-06T11:49:44Z","entry_id":718185,"field1":"26.93","field2":"53.33","field3":"1008.30"},{"created_at":"2023-12-06T11:50:00Z","entry_id":718186,"field1":null,"field2":null,"field3":null},{"created_at":"2023-12-06T11:59:18Z","entry_id":718187,"field1":"26.95","field2":"53.34","field3":"1008.60"},{"created_at":"2023-12-06T12:12:46Z","entry_id":718188,"field1":"26.98","field2":"53.40","field3":"1008.62"},{"created_at":"2023-12-06T12:37:54Z","entry_id":718189,"field1":"27.02","field2":"53.44","field3":"1008.55"},{"created_at":"2023-12-06T12:41:52Z","entry_id":718190,"field1":"27.03","field2":"53.42","field3":"1008.59"},{"created_at":"2023-12-06T12:54:32Z","entry_id":718191,"field1":"27.07","field2":"53.42","field3":"1008.73"},{"created_at":"2023-12-06T12:55:21Z","entry_id":718192,"field1":"27.07","field2":"53.50","field3":"1008.75"},{"created_at":"2023-12-06T13:06:17Z","entry_id":718193,"field1":"27.08","field2":"53.49","field3":"1008.74"},{"created_at":"2023-12-06T13:48:23Z","entry_id":718194,"field1":"27.14","field2":"53.57","field3":"1009.21"},{"created_at":"2023-12-06T13:49:55Z","entry_id":718195,"field1":"27.14","field2":"53.54","field3":"1009.19"},{"created_at":"2023-12-06T13:50:04Z","entry_id":718196,"field1":"27.15","field2":"53.56","field3":"1009.21"},{"created_at":"2023-12-06T13:55:54Z","entry_id":718197,"field1":"27.16","field2":"53.62","field3":"1009.21"},{"created_at":"2023-12-06T13:57:42Z","entry_id":718198,"field1":"27.17","field2":"53.60","field3":"1009.25"},{"created_at":"2023-12-06T14:03:52Z","entry_id":718199,"field1":"27.18","field2":"53.57","field3":"1009.22"},{"created_at":"2023-12-06T14:04:37Z","entry_id":718200,"field1":"27.18","field2":"53.58","field3":"1009.23"},{"created_at":"2023-12-06T14:07:07Z","entry_id":718201,"field1":"27.19","field2":"53.58","field3":"1009.28"},{"created_at":"2023-12-06T14:11:24Z","entry_id":718202,"field1":"27.19","field2":"53.59","field3":"1009.39"},{"created_at":"2023-12-06T14:12:24Z","entry_id":718203,"field1":"27.20","field2":"53.58","field3":"1009.42"},{"created_at":"2023-12-06T15:03:42Z","entry_id":718204,"field1":"27.24","field2":"53.70","field3":"1009.21"},{"created_at":"2023-12-06T15:37:45Z","entry_id":718205,"field1":"27.29","field2":"53.72","field3":"1009.00"},{"created_at":"2023-12-06T15:37:59Z","entry_id":718206,"field1":"27.29","field2":"53.68","field3":"1009.05"},{"created_at":"2023-12-06T15:38:23Z","entry_id":718207,"field1":"27.29","field2":"53.68","field3":"1009.05"},{"created_at":"2023-12-06T15:39:01Z","entry_id":718208,"field1":"27.29","field2":"53.72","field3":"1009.06"},{"created_at":"2023-12-06T15:39:07Z","entry_id":718209,"field1":"27.29","field2":"53.73","field3":"1009.03"},{"created_at":"2023-12-06T15:40:12Z","entry_id":718210,"field1":"27.29","field2":"53.72","field3":"1009.03"},{"created_at":"2023-12-06T17:28:50Z","entry_id":718211,"field1":"27.41","field2":"53.83","field3":"1008.22"},{"created_at":"2023-12-06T17:39:02Z","entry_id":718212,"field1":"27.42","field2":"53.75","field3":"1008.23"},{"created_at":"2023-12-06T17:46:24Z","entry_id":718213,"field1":"27.43","field2":"53.74","field3":"1008.24"},{"created_at":"2023-12-06T17:49:17Z","entry_id":718214,"field1":"27.41","field2":"53.71","field3":"1008.25"},{"created_at":"2023-12-06T17:53:02Z","entry_id":718215,"field1":"27.39","field2":"53.87","field3":"1008.18"},{"created_at":"2023-12-06T17:53:41Z","entry_id":718216,"field1":"27.38","field2":"53.83","field3":"1008.20"},{"created_at":"2023-12-06T17:54:25Z","entry_id":718217,"field1":"27.38","field2":"53.85","field3":"1008.22"},{"created_at":"2023-12-06T17:55:35Z","entry_id":718218,"field1":"27.37","field2":"53.90","field3":"1008.18"},{"created_at":"2023-12-06T17:59:14Z","entry_id":718219,"field1":"27.32","field2":"53.97","field3":"1008.07"},{"created_at":"2023-12-06T18:01:21Z","entry_id":718220,"field1":"27.29","field2":"54.10","field3":"1008.07"},{"created_at":"2023-12-06T18:02:05Z","entry_id":718221,"field1":null,"field2":null,"field3":null},{"created_at":"2023-12-06T18:19:24Z","entry_id":718222,"field1":"27.25","field2":"54.38","field3":"1007.89"},{"created_at":"2023-12-06T18:20:17Z","entry_id":718223,"field1":"27.27","field2":"54.33","field3":"1007.92"},{"created_at":"2023-12-06T18:20:31Z","entry_id":718224,"field1":"27.27","field2":"54.32","field3":"1007.90"},{"created_at":"2023-12-06T18:21:01Z","entry_id":718225,"field1":"27.27","field2":"54.32","field3":"1007.89"},{"created_at":"2023-12-06T18:21:10Z","entry_id":718226,"field1":"27.27","field2":"54.36","field3":"1007.88"},{"created_at":"2023-12-06T18:23:02Z","entry_id":718227,"field1":"27.28","field2":"54.29","field3":"1007.87"},{"created_at":"2023-12-06T18:26:09Z","entry_id":718228,"field1":"27.26","field2":"54.31","field3":"1007.87"},{"created_at":"2023-12-06T18:26:46Z","entry_id":718229,"field1":"27.26","field2":"54.28","field3":"1007.84"},{"created_at":"2023-12-06T18:29:01Z","entry_id":718230,"field1":"27.24","field2":"54.31","field3":"1007.88"},{"created_at":"2023-12-06T18:29:52Z","entry_id":718231,"field1":"27.23","field2":"54.39","field3":"1007.85"},{"created_at":"2023-12-06T18:41:53Z","entry_id":718232,"field1":"27.20","field2":"54.46","field3":"1007.79"},{"created_at":"2023-12-06T18:43:25Z","entry_id":718233,"field1":"27.18","field2":"54.50","field3":"1007.75"},{"created_at":"2023-12-06T18:43:39Z","entry_id":718234,"field1":"27.18","field2":"54.52","field3":"1007.80"},{"created_at":"2023-12-06T18:44:25Z","entry_id":718235,"field1":"27.17","field2":"54.55","field3":"1007.77"},{"created_at":"2023-12-06T18:44:34Z","entry_id":718236,"field1":"27.17","field2":"54.57","field3":"1007.77"},{"created_at":"2023-12-06T18:45:09Z","entry_id":718237,"field1":"27.16","field2":"54.62","field3":"1007.76"},{"created_at":"2023-12-06T18:46:48Z","entry_id":718238,"field1":"27.15","field2":"54.54","field3":"1007.72"},{"created_at":"2023-12-06T18:51:11Z","entry_id":718239,"field1":"27.12","field2":"54.69","field3":"1007.71"},{"created_at":"2023-12-06T18:51:44Z","entry_id":718240,"field1":"27.13","field2":"54.74","field3":"1007.70"},{"created_at":"2023-12-06T18:52:24Z","entry_id":718241,"field1":"27.13","field2":"54.76","field3":"1007.71"},{"created_at":"2023-12-06T18:52:41Z","entry_id":718242,"field1":"27.12","field2":"54.75","field3":"1007.70"},{"created_at":"2023-12-06T18:53:41Z","entry_id":718243,"field1":"27.12","field2":"54.69","field3":"1007.70"},{"created_at":"2023-12-06T18:54:57Z","entry_id":718244,"field1":"27.12","field2":"54.68","field3":"1007.68"},{"created_at":"2023-12-06T18:55:58Z","entry_id":718245,"field1":"27.12","field2":"54.73","field3":"1007.66"},{"created_at":"2023-12-06T18:57:15Z","entry_id":718246,"field1":"27.12","field2":"54.74","field3":"1007.66"},{"created_at":"2023-12-06T18:58:17Z","entry_id":718247,"field1":"27.12","field2":"54.75","field3":"1007.63"},{"created_at":"2023-12-06T18:58:49Z","entry_id":718248,"field1":"27.13","field2":"54.77","field3":"1007.61"},{"created_at":"2023-12-06T18:59:09Z","entry_id":718249,"field1":null,"field2":null,"field3":null},{"created_at":"2023-12-06T19:02:25Z","entry_id":718250,"field1":"27.14","field2":"54.72","field3":"1007.60"},{"created_at":"2023-12-06T19:03:42Z","entry_id":718251,"field1":"27.15","field2":"54.71","field3":"1007.57"},{"created_at":"2023-12-06T19:03:48Z","entry_id":718252,"field1":"27.15","field2":"54.73","field3":"1007.57"},{"created_at":"2023-12-06T19:03:54Z","entry_id":718253,"field1":"27.15","field2":"54.75","field3":"1007.57"},{"created_at":"2023-12-06T19:03:59Z","entry_id":718254,"field1":"27.15","field2":"54.78","field3":"1007.58"},{"created_at":"2023-12-06T19:04:21Z","entry_id":718255,"field1":"27.16","field2":"54.78","field3":"1007.55"},{"created_at":"2023-12-06T19:04:53Z","entry_id":718256,"field1":"27.16","field2":"54.71","field3":"1007.57"},{"created_at":"2023-12-06T19:05:18Z","entry_id":718257,"field1":"27.17","field2":"54.77","field3":"1007.54"},{"created_at":"2023-12-06T19:05:42Z","entry_id":718258,"field1":"27.17","field2":"54.71","field3":"1007.54"},{"created_at":"2023-12-06T19:06:24Z","entry_id":718259,"field1":"27.17","field2":"54.64","field3":"1007.54"},{"created_at":"2023-12-06T19:06:33Z","entry_id":718260,"field1":"27.17","field2":"54.65","field3":"1007.50"},{"created_at":"2023-12-06T19:07:19Z","entry_id":718261,"field1":"27.17","field2":"54.72","field3":"1007.52"},{"created_at":"2023-12-06T19:07:21Z","entry_id":718262,"field1":"27.18","field2":"54.70","field3":"1007.54"},{"created_at":"2023-12-06T19:07:27Z","entry_id":718263,"field1":"27.18","field2":"54.70","field3":"1007.52"},{"created_at":"2023-12-06T19:07:38Z","entry_id":718264,"field1":"27.18","field2":"54.72","field3":"1007.52"},{"created_at":"2023-12-06T19:07:55Z","entry_id":718265,"field1":"27.18","field2":"54.69","field3":"1007.46"},{"created_at":"2023-12-06T19:09:56Z","entry_id":718266,"field1":"27.19","field2":"54.66","field3":"1007.43"},{"created_at":"2023-12-06T19:10:23Z","entry_id":718267,"field1":"27.19","field2":"54.64","field3":"1007.42"},{"created_at":"2023-12-06T19:10:35Z","entry_id":718268,"field1":"27.19","field2":"54.68","field3":"1007.42"},{"created_at":"2023-12-06T19:11:13Z","entry_id":718269,"field1":"27.19","field2":"54.73","field3":"1007.40"},{"created_at":"2023-12-06T19:11:34Z","entry_id":718270,"field1":"27.20","field2":"54.64","field3":"1007.42"},{"created_at":"2023-12-06T19:12:48Z","entry_id":718271,"field1":"27.19","field2":"54.71","field3":"1007.37"},{"created_at":"2023-12-06T19:13:03Z","entry_id":718272,"field1":"27.19","field2":"54.71","field3":"1007.36"},{"created_at":"2023-12-06T19:13:06Z","entry_id":718273,"field1":"27.20","field2":"54.74","field3":"1007.36"},{"created_at":"2023-12-06T19:13:09Z","entry_id":718274,"field1":"27.19","field2":"54.71","field3":"1007.38"},{"created_at":"2023-12-06T19:13:25Z","entry_id":718275,"field1":"27.20","field2":"54.70","field3":"1007.37"},{"created_at":"2023-12-06T19:14:38Z","entry_id":718276,"field1":"27.20","field2":"54.67","field3":"1007.36"},{"created_at":"2023-12-06T19:15:30Z","entry_id":718277,"field1":"27.21","field2":"54.68","field3":"1007.33"},{"created_at":"2023-12-06T19:15:47Z","entry_id":718278,"field1":"27.20","field2":"54.67","field3":"1007.34"},{"created_at":"2023-12-06T19:15:59Z","entry_id":718279,"field1":"27.20","field2":"54.69","field3":"1007.35"},{"created_at":"2023-12-06T19:16:33Z","entry_id":718280,"field1":"27.20","field2":"54.69","field3":"1007.33"},{"created_at":"2023-12-06T19:16:44Z","entry_id":718281,"field1":"27.20","field2":"54.70","field3":"1007.30"},{"created_at":"2023-12-06T19:16:48Z","entry_id":718282,"field1":"27.20","field2":"54.72","field3":"1007.30"},{"created_at":"2023-12-06T19:17:47Z","entry_id":718283,"field1":"27.20","field2":"54.70","field3":"1007.29"},{"created_at":"2023-12-06T19:18:01Z","entry_id":718284,"field1":"27.20","field2":"54.64","field3":"1007.29"},{"created_at":"2023-12-06T19:18:26Z","entry_id":718285,"field1":"27.21","field2":"54.67","field3":"1007.29"},{"created_at":"2023-12-06T19:18:51Z","entry_id":718286,"field1":"27.21","field2":"54.60","field3":"1007.29"},{"created_at":"2023-12-06T19:19:00Z","entry_id":718287,"field1":"27.21","field2":"54.69","field3":"1007.29"},{"created_at":"2023-12-06T19:19:20Z","entry_id":718288,"field1":"27.21","field2":"54.67","field3":"1007.27"},{"created_at":"2023-12-06T19:19:51Z","entry_id":718289,"field1":"27.21","field2":"54.67","field3":"1007.28"},{"created_at":"2023-12-06T19:20:07Z","entry_id":718290,"field1":"27.21","field2":"54.68","field3":"1007.26"},{"created_at":"2023-12-06T19:20:28Z","entry_id":718291,"field1":"27.21","field2":"54.68","field3":"1007.26"},{"created_at":"2023-12-06T19:27:04Z","entry_id":718292,"field1":"27.21","field2":"54.62","field3":"1007.30"},{"created_at":"2023-12-06T19:28:40Z","entry_id":718293,"field1":"27.21","field2":"54.69","field3":"1007.28"},{"created_at":"2023-12-06T19:31:06Z","entry_id":718294,"field1":"27.20","field2":"54.60","field3":"1007.29"},{"created_at":"2023-12-06T19:34:14Z","entry_id":718295,"field1":"27.20","field2":"54.67","field3":"1007.30"},{"created_at":"2023-12-06T19:38:14Z","entry_id":718296,"field1":"27.19","field2":"54.71","field3":"1007.29"},{"created_at":"2023-12-06T19:38:20Z","entry_id":718297,"field1":"27.20","field2":"54.72","field3":"1007.30"},{"created_at":"2023-12-06T19:47:29Z","entry_id":718298,"field1":"27.24","field2":"54.61","field3":"1007.31"},{"created_at":"2023-12-06T19:53:10Z","entry_id":718299,"field1":"27.27","field2":"54.65","field3":"1007.32"},{"created_at":"2023-12-06T19:54:21Z","entry_id":718300,"field1":"27.27","field2":"54.62","field3":"1007.33"},{"created_at":"2023-12-06T19:55:03Z","entry_id":718301,"field1":"27.28","field2":"54.65","field3":"1007.36"},{"created_at":"2023-12-06T19:57:22Z","entry_id":718302,"field1":"27.30","field2":"54.63","field3":"1007.37"},{"created_at":"2023-12-06T20:34:03Z","entry_id":718303,"field1":"27.39","field2":"54.32","field3":"1007.27"},{"created_at":"2023-12-06T20:45:50Z","entry_id":718304,"field1":"27.43","field2":"54.33","field3":"1007.07"},{"created_at":"2023-12-06T20:46:26Z","entry_id":718305,"field1":"27.44","field2":"54.33","field3":"1007.04"},{"created_at":"2023-12-06T20:46:46Z","entry_id":718306,"field1":"27.44","field2":"54.36","field3":"1007.08"},{"created_at":"2023-12-06T20:47:34Z","entry_id":718307,"field1":"27.43","field2":"54.35","field3":"1007.02"},{"created_at":"2023-12-06T20:48:57Z","entry_id":718308,"field1":"27.44","field2":"54.32","field3":"1007.04"},{"created_at":"2023-12-06T20:49:30Z","entry_id":718309,"field1":"27.43","field2":"54.30","field3":"1007.03"},{"created_at":"2023-12-06T20:50:41Z","entry_id":718310,"field1":"27.41","field2":"54.29","field3":"1007.07"},{"created_at":"2023-12-06T20:51:34Z","entry_id":718311,"field1":"27.42","field2":"54.29","field3":"1007.05"},{"created_at":"2023-12-06T20:52:25Z","entry_id":718312,"field1":"27.41","field2":"54.34","field3":"1007.04"},{"created_at":"2023-12-06T21:10:51Z","entry_id":718313,"field1":"27.46","field2":"54.42","field3":"1007.06"},{"created_at":"2023-12-06T21:11:37Z","entry_id":718314,"field1":"27.46","field2":"54.36","field3":"1007.07"},{"created_at":"2023-12-06T21:19:46Z","entry_id":718315,"field1":"27.52","field2":"54.30","field3":"1007.04"},{"created_at":"2023-12-06T21:21:42Z","entry_id":718316,"field1":"27.53","field2":"54.28","field3":"1007.01"},{"created_at":"2023-12-06T21:21:54Z","entry_id":718317,"field1":"27.53","field2":"54.22","field3":"1007.06"},{"created_at":"2023-12-06T21:22:01Z","entry_id":718318,"field1":"27.53","field2":"54.24","field3":"1007.02"},{"created_at":"2023-12-06T21:22:28Z","entry_id":718319,"field1":"27.53","field2":"54.25","field3":"1006.98"},{"created_at":"2023-12-06T21:23:01Z","entry_id":718320,"field1":"27.53","field2":"54.23","field3":"1007.01"},{"created_at":"2023-12-06T21:24:19Z","entry_id":718321,"field1":"27.53","field2":"54.16","field3":"1006.95"},{"created_at":"2023-12-06T21:25:33Z","entry_id":718322,"field1":"27.50","field2":"54.18","field3":"1006.92"},{"created_at":"2023-12-06T21:27:05Z","entry_id":718323,"field1":"27.48","field2":"54.21","field3":"1006.88"},{"created_at":"2023-12-06T21:29:32Z","entry_id":718324,"field1":"27.51","field2":"54.21","field3":"1006.95"},{"created_at":"2023-12-06T21:34:06Z","entry_id":718325,"field1":"27.51","field2":"54.32","field3":"1007.04"},{"created_at":"2023-12-06T21:34:35Z","entry_id":718326,"field1":"27.50","field2":"54.30","field3":"1007.04"},{"created_at":"2023-12-06T21:45:03Z","entry_id":718327,"field1":"27.50","field2":"54.41","field3":"1007.13"},{"created_at":"2023-12-06T21:46:32Z","entry_id":718328,"field1":"27.51","field2":"54.37","field3":"1007.10"},{"created_at":"2023-12-06T21:48:38Z","entry_id":718329,"field1":"27.53","field2":"54.38","field3":"1007.10"},{"created_at":"2023-12-06T21:49:33Z","entry_id":718330,"field1":"27.54","field2":"54.36","field3":"1007.07"},{"created_at":"2023-12-06T21:49:50Z","entry_id":718331,"field1":"27.54","field2":"54.36","field3":"1007.06"},{"created_at":"2023-12-06T21:53:52Z","entry_id":718332,"field1":"27.57","field2":"54.25","field3":"1007.01"},{"created_at":"2023-12-06T21:53:56Z","entry_id":718333,"field1":"27.54","field2":"54.30","field3":"1006.98"},{"created_at":"2023-12-06T21:54:12Z","entry_id":718334,"field1":"27.57","field2":"54.29","field3":"1007.04"},{"created_at":"2023-12-06T21:54:53Z","entry_id":718335,"field1":"27.58","field2":"54.20","field3":"1007.06"},{"created_at":"2023-12-06T21:54:59Z","entry_id":718336,"field1":"27.58","field2":"54.25","field3":"1007.06"},{"created_at":"2023-12-06T22:18:33Z","entry_id":718337,"field1":"27.61","field2":"54.23","field3":"1007.64"},{"created_at":"2023-12-06T22:19:09Z","entry_id":718338,"field1":"27.61","field2":"54.16","field3":"1007.65"},{"created_at":"2023-12-06T22:19:15Z","entry_id":718339,"field1":"27.60","field2":"54.20","field3":"1007.67"},{"created_at":"2023-12-06T22:19:20Z","entry_id":718340,"field1":"27.61","field2":"54.19","field3":"1007.67"},{"created_at":"2023-12-06T22:19:49Z","entry_id":718341,"field1":"27.61","field2":"54.18","field3":"1007.72"},{"created_at":"2023-12-06T22:19:55Z","entry_id":718342,"field1":"27.61","field2":"54.19","field3":"1007.70"},{"created_at":"2023-12-06T22:20:40Z","entry_id":718343,"field1":"27.61","field2":"54.21","field3":"1007.77"},{"created_at":"2023-12-06T22:20:56Z","entry_id":718344,"field1":"27.61","field2":"54.15","field3":"1007.77"},{"created_at":"2023-12-06T22:23:45Z","entry_id":718345,"field1":"27.61","field2":"54.17","field3":"1007.86"},{"created_at":"2023-12-06T22:23:48Z","entry_id":718346,"field1":"27.59","field2":"54.17","field3":"1007.84"},{"created_at":"2023-12-06T22:23:59Z","entry_id":718347,"field1":"27.61","field2":"54.17","field3":"1007.89"},{"created_at":"2023-12-06T22:27:11Z","entry_id":718348,"field1":"27.60","field2":"54.26","field3":"1007.93"},{"created_at":"2023-12-06T22:27:28Z","entry_id":718349,"field1":"27.60","field2":"54.23","field3":"1007.87"},{"created_at":"2023-12-06T22:28:58Z","entry_id":718350,"field1":"27.61","field2":"54.29","field3":"1007.89"},{"created_at":"2023-12-06T22:32:08Z","entry_id":718351,"field1":"27.60","field2":"54.23","field3":"1007.81"},{"created_at":"2023-12-06T22:33:55Z","entry_id":718352,"field1":"27.60","field2":"54.23","field3":"1007.79"},{"created_at":"2023-12-06T22:34:46Z","entry_id":718353,"field1":"27.60","field2":"54.24","field3":"1007.83"},{"created_at":"2023-12-06T23:57:19Z","entry_id":718354,"field1":"27.90","field2":"54.41","field3":"1009.47"},{"created_at":"2023-12-06T23:57:27Z","entry_id":718355,"field1":"27.90","field2":"54.41","field3":"1009.43"}]}